<?xml version="1.0"?>
<link_info>
   <banner>TMS320C6x Linker PC v7.4.2</banner>
   <copyright>Copyright (c) 1996-2012 Texas Instruments Incorporated</copyright>
   <link_time>0x54893831</link_time>
   <output_file>fuck_this.out</output_file>
   <entry_point>
      <name>_c_int00</name>
      <address>0x13740</address>
   </entry_point>
   <input_file_list>
      <input_file id="fl-2">
         <path>.\</path>
         <kind>object</kind>
         <file>vectors.obj</file>
         <name>vectors.obj</name>
      </input_file>
      <input_file id="fl-3">
         <path>.\</path>
         <kind>object</kind>
         <file>fuck_this.obj</file>
         <name>fuck_this.obj</name>
      </input_file>
      <input_file id="fl-4">
         <path>.\</path>
         <kind>object</kind>
         <file>digitrev_index.obj</file>
         <name>digitrev_index.obj</name>
      </input_file>
      <input_file id="fl-5">
         <path>.\</path>
         <kind>object</kind>
         <file>cfftr2_dit.obj</file>
         <name>cfftr2_dit.obj</name>
      </input_file>
      <input_file id="fl-6">
         <path>.\</path>
         <kind>object</kind>
         <file>bitrev.obj</file>
         <name>bitrev.obj</name>
      </input_file>
      <input_file id="fl-c">
         <path>C:\ti\DSK6713\c6000\dsk6713\lib\</path>
         <kind>archive</kind>
         <file>dsk6713bsl.lib</file>
         <name>dsk6713.obj</name>
      </input_file>
      <input_file id="fl-d">
         <path>C:\ti\DSK6713\c6000\dsk6713\lib\</path>
         <kind>archive</kind>
         <file>dsk6713bsl.lib</file>
         <name>dsk6713_aic23_opencodec.obj</name>
      </input_file>
      <input_file id="fl-e">
         <path>C:\ti\DSK6713\c6000\dsk6713\lib\</path>
         <kind>archive</kind>
         <file>dsk6713bsl.lib</file>
         <name>dsk6713_aic23_registers.obj</name>
      </input_file>
      <input_file id="fl-f">
         <path>C:\ti\DSK6713\c6000\dsk6713\lib\</path>
         <kind>archive</kind>
         <file>dsk6713bsl.lib</file>
         <name>dsk6713_aic23_setfreq.obj</name>
      </input_file>
      <input_file id="fl-10">
         <path>C:\ti\lib_3x\</path>
         <kind>archive</kind>
         <file>csl6713.lib</file>
         <name>csl_irq.obj</name>
      </input_file>
      <input_file id="fl-11">
         <path>C:\ti\lib_3x\</path>
         <kind>archive</kind>
         <file>csl6713.lib</file>
         <name>csl_mcbsp.obj</name>
      </input_file>
      <input_file id="fl-89">
         <path>C:\ti\ccsv5\tools\compiler\c6000_7.4.2\lib\</path>
         <kind>archive</kind>
         <file>rts6700.lib</file>
         <name>boot.obj</name>
      </input_file>
      <input_file id="fl-8a">
         <path>C:\ti\ccsv5\tools\compiler\c6000_7.4.2\lib\</path>
         <kind>archive</kind>
         <file>rts6700.lib</file>
         <name>cos.obj</name>
      </input_file>
      <input_file id="fl-8b">
         <path>C:\ti\ccsv5\tools\compiler\c6000_7.4.2\lib\</path>
         <kind>archive</kind>
         <file>rts6700.lib</file>
         <name>divf.obj</name>
      </input_file>
      <input_file id="fl-8c">
         <path>C:\ti\ccsv5\tools\compiler\c6000_7.4.2\lib\</path>
         <kind>archive</kind>
         <file>rts6700.lib</file>
         <name>divi.obj</name>
      </input_file>
      <input_file id="fl-8d">
         <path>C:\ti\ccsv5\tools\compiler\c6000_7.4.2\lib\</path>
         <kind>archive</kind>
         <file>rts6700.lib</file>
         <name>exit.obj</name>
      </input_file>
      <input_file id="fl-8e">
         <path>C:\ti\ccsv5\tools\compiler\c6000_7.4.2\lib\</path>
         <kind>archive</kind>
         <file>rts6700.lib</file>
         <name>modf.obj</name>
      </input_file>
      <input_file id="fl-8f">
         <path>C:\ti\ccsv5\tools\compiler\c6000_7.4.2\lib\</path>
         <kind>archive</kind>
         <file>rts6700.lib</file>
         <name>round.obj</name>
      </input_file>
      <input_file id="fl-90">
         <path>C:\ti\ccsv5\tools\compiler\c6000_7.4.2\lib\</path>
         <kind>archive</kind>
         <file>rts6700.lib</file>
         <name>sin.obj</name>
      </input_file>
      <input_file id="fl-91">
         <path>C:\ti\ccsv5\tools\compiler\c6000_7.4.2\lib\</path>
         <kind>archive</kind>
         <file>rts6700.lib</file>
         <name>strasg.obj</name>
      </input_file>
      <input_file id="fl-92">
         <path>C:\ti\ccsv5\tools\compiler\c6000_7.4.2\lib\</path>
         <kind>archive</kind>
         <file>rts6700.lib</file>
         <name>trunc.obj</name>
      </input_file>
      <input_file id="fl-93">
         <path>C:\ti\ccsv5\tools\compiler\c6000_7.4.2\lib\</path>
         <kind>archive</kind>
         <file>rts6700.lib</file>
         <name>args_main.obj</name>
      </input_file>
      <input_file id="fl-94">
         <path>C:\ti\ccsv5\tools\compiler\c6000_7.4.2\lib\</path>
         <kind>archive</kind>
         <file>rts6700.lib</file>
         <name>autoinit.obj</name>
      </input_file>
      <input_file id="fl-95">
         <path>C:\ti\ccsv5\tools\compiler\c6000_7.4.2\lib\</path>
         <kind>archive</kind>
         <file>rts6700.lib</file>
         <name>cpp_init.obj</name>
      </input_file>
      <input_file id="fl-96">
         <path>C:\ti\ccsv5\tools\compiler\c6000_7.4.2\lib\</path>
         <kind>archive</kind>
         <file>rts6700.lib</file>
         <name>cpy_tbl.obj</name>
      </input_file>
      <input_file id="fl-97">
         <path>C:\ti\ccsv5\tools\compiler\c6000_7.4.2\lib\</path>
         <kind>archive</kind>
         <file>rts6700.lib</file>
         <name>memcpy62.obj</name>
      </input_file>
   </input_file_list>
   <object_component_list>
      <object_component id="oc-19">
         <name>vectors</name>
         <load_address>0x0</load_address>
         <run_address>0x0</run_address>
         <size>0x200</size>
         <input_file_ref idref="fl-2"/>
      </object_component>
      <object_component id="oc-92">
         <name>.text</name>
         <load_address>0xfc80</load_address>
         <run_address>0xfc80</run_address>
         <size>0xe60</size>
         <input_file_ref idref="fl-3"/>
      </object_component>
      <object_component id="oc-2f">
         <name>.text</name>
         <load_address>0x10ae0</load_address>
         <run_address>0x10ae0</run_address>
         <size>0x480</size>
         <input_file_ref idref="fl-c"/>
      </object_component>
      <object_component id="oc-21">
         <name>.text:retain</name>
         <load_address>0x10f60</load_address>
         <run_address>0x10f60</run_address>
         <size>0x3a0</size>
         <input_file_ref idref="fl-3"/>
      </object_component>
      <object_component id="oc-9a">
         <name>.text:_cos</name>
         <load_address>0x11300</load_address>
         <run_address>0x11300</run_address>
         <size>0x360</size>
         <input_file_ref idref="fl-8a"/>
      </object_component>
      <object_component id="oc-8a">
         <name>.text:__divf</name>
         <load_address>0x11660</load_address>
         <run_address>0x11660</run_address>
         <size>0x340</size>
         <input_file_ref idref="fl-8b"/>
      </object_component>
      <object_component id="oc-9b">
         <name>.text:_sin</name>
         <load_address>0x119a0</load_address>
         <run_address>0x119a0</run_address>
         <size>0x340</size>
         <input_file_ref idref="fl-90"/>
      </object_component>
      <object_component id="oc-35">
         <name>.text</name>
         <load_address>0x11ce0</load_address>
         <run_address>0x11ce0</run_address>
         <size>0x300</size>
         <input_file_ref idref="fl-d"/>
      </object_component>
      <object_component id="oc-29">
         <name>.text</name>
         <load_address>0x11fe0</load_address>
         <run_address>0x11fe0</run_address>
         <size>0x280</size>
         <input_file_ref idref="fl-5"/>
      </object_component>
      <object_component id="oc-90">
         <name>.text:_memcpy</name>
         <load_address>0x12260</load_address>
         <run_address>0x12260</run_address>
         <size>0x240</size>
         <input_file_ref idref="fl-97"/>
      </object_component>
      <object_component id="oc-9c">
         <name>.text</name>
         <load_address>0x124a0</load_address>
         <run_address>0x124a0</run_address>
         <size>0x240</size>
         <input_file_ref idref="fl-4"/>
      </object_component>
      <object_component id="oc-97">
         <name>.text:_IRQ_map</name>
         <load_address>0x126e0</load_address>
         <run_address>0x126e0</run_address>
         <size>0x1c0</size>
         <input_file_ref idref="fl-10"/>
      </object_component>
      <object_component id="oc-94">
         <name>.text:_MCBSP_reset</name>
         <load_address>0x128a0</load_address>
         <run_address>0x128a0</run_address>
         <size>0x1a0</size>
         <input_file_ref idref="fl-11"/>
      </object_component>
      <object_component id="oc-2c">
         <name>.text</name>
         <load_address>0x12a40</load_address>
         <run_address>0x12a40</run_address>
         <size>0x1a0</size>
         <input_file_ref idref="fl-6"/>
      </object_component>
      <object_component id="oc-3b">
         <name>.text</name>
         <load_address>0x12be0</load_address>
         <run_address>0x12be0</run_address>
         <size>0x140</size>
         <input_file_ref idref="fl-e"/>
      </object_component>
      <object_component id="oc-a2">
         <name>.text:__divi</name>
         <load_address>0x12d20</load_address>
         <run_address>0x12d20</run_address>
         <size>0x120</size>
         <input_file_ref idref="fl-8c"/>
      </object_component>
      <object_component id="oc-8d">
         <name>.text:_MCBSP_open</name>
         <load_address>0x12e40</load_address>
         <run_address>0x12e40</run_address>
         <size>0x100</size>
         <input_file_ref idref="fl-11"/>
      </object_component>
      <object_component id="oc-8e">
         <name>.text:_MCBSP_start</name>
         <load_address>0x12f40</load_address>
         <run_address>0x12f40</run_address>
         <size>0x100</size>
         <input_file_ref idref="fl-11"/>
      </object_component>
      <object_component id="oc-86">
         <name>.text:__auto_init</name>
         <load_address>0x13040</load_address>
         <run_address>0x13040</run_address>
         <size>0x100</size>
         <input_file_ref idref="fl-94"/>
      </object_component>
      <object_component id="oc-8c">
         <name>.text:__strasg</name>
         <load_address>0x13140</load_address>
         <run_address>0x13140</run_address>
         <size>0xe0</size>
         <input_file_ref idref="fl-91"/>
      </object_component>
      <object_component id="oc-88">
         <name>.text:_exit</name>
         <load_address>0x13220</load_address>
         <run_address>0x13220</run_address>
         <size>0xe0</size>
         <input_file_ref idref="fl-8d"/>
      </object_component>
      <object_component id="oc-a1">
         <name>.text:_modf</name>
         <load_address>0x13300</load_address>
         <run_address>0x13300</run_address>
         <size>0xe0</size>
         <input_file_ref idref="fl-8e"/>
      </object_component>
      <object_component id="oc-a0">
         <name>.text:__nround</name>
         <load_address>0x133e0</load_address>
         <run_address>0x133e0</run_address>
         <size>0xc0</size>
         <input_file_ref idref="fl-8f"/>
      </object_component>
      <object_component id="oc-8f">
         <name>.text:_copy_in</name>
         <load_address>0x134a0</load_address>
         <run_address>0x134a0</run_address>
         <size>0xc0</size>
         <input_file_ref idref="fl-96"/>
      </object_component>
      <object_component id="oc-41">
         <name>.text</name>
         <load_address>0x13560</load_address>
         <run_address>0x13560</run_address>
         <size>0xc0</size>
         <input_file_ref idref="fl-f"/>
      </object_component>
      <object_component id="oc-9e">
         <name>.text:_setMux</name>
         <load_address>0x13620</load_address>
         <run_address>0x13620</run_address>
         <size>0xa0</size>
         <input_file_ref idref="fl-10"/>
      </object_component>
      <object_component id="oc-91">
         <name>.text:___TI_cpp_init</name>
         <load_address>0x136c0</load_address>
         <run_address>0x136c0</run_address>
         <size>0x80</size>
         <input_file_ref idref="fl-95"/>
      </object_component>
      <object_component id="oc-18">
         <name>.text:_c_int00</name>
         <load_address>0x13740</load_address>
         <run_address>0x13740</run_address>
         <size>0x80</size>
         <input_file_ref idref="fl-89"/>
      </object_component>
      <object_component id="oc-98">
         <name>.text:_IRQ_enable</name>
         <load_address>0x137c0</load_address>
         <run_address>0x137c0</run_address>
         <size>0x40</size>
         <input_file_ref idref="fl-10"/>
      </object_component>
      <object_component id="oc-87">
         <name>.text:__args_main</name>
         <load_address>0x13800</load_address>
         <run_address>0x13800</run_address>
         <size>0x40</size>
         <input_file_ref idref="fl-93"/>
      </object_component>
      <object_component id="oc-9f">
         <name>.text:__trunc</name>
         <load_address>0x13840</load_address>
         <run_address>0x13840</run_address>
         <size>0x40</size>
         <input_file_ref idref="fl-92"/>
      </object_component>
      <object_component id="oc-95">
         <name>.text:_IRQ_globalDisable</name>
         <load_address>0x13880</load_address>
         <run_address>0x13880</run_address>
         <size>0x20</size>
         <input_file_ref idref="fl-10"/>
      </object_component>
      <object_component id="oc-99">
         <name>.text:_IRQ_globalEnable</name>
         <load_address>0x138a0</load_address>
         <run_address>0x138a0</run_address>
         <size>0x20</size>
         <input_file_ref idref="fl-10"/>
      </object_component>
      <object_component id="oc-96">
         <name>.text:_IRQ_nmiEnable</name>
         <load_address>0x138c0</load_address>
         <run_address>0x138c0</run_address>
         <size>0x20</size>
         <input_file_ref idref="fl-10"/>
      </object_component>
      <object_component id="oc-89">
         <name>.text:_MCBSP_read</name>
         <load_address>0x138e0</load_address>
         <run_address>0x138e0</run_address>
         <size>0x20</size>
         <input_file_ref idref="fl-11"/>
      </object_component>
      <object_component id="oc-8b">
         <name>.text:_MCBSP_write</name>
         <load_address>0x13900</load_address>
         <run_address>0x13900</run_address>
         <size>0x20</size>
         <input_file_ref idref="fl-11"/>
      </object_component>
      <object_component id="oc-93">
         <name>.text:_abort</name>
         <load_address>0x13920</load_address>
         <run_address>0x13920</run_address>
         <size>0x20</size>
         <input_file_ref idref="fl-8d"/>
      </object_component>
      <object_component id="oc-47">
         <name>.text</name>
         <load_address>0x13940</load_address>
         <run_address>0x13940</run_address>
         <size>0x20</size>
         <input_file_ref idref="fl-10"/>
      </object_component>
      <object_component id="oc-53">
         <name>.stack</name>
         <uninitialized>true</uninitialized>
         <run_address>0x13960</run_address>
         <size>0x8</size>
         <input_file_ref idref="fl-89"/>
      </object_component>
      <object_component id="oc-c2">
         <name>.stack</name>
         <uninitialized>true</uninitialized>
         <run_address>0x13960</run_address>
         <size>0x0</size>
      </object_component>
      <object_component id="oc-9d">
         <name>.const:_B</name>
         <load_address>0x14144</load_address>
         <run_address>0x14144</run_address>
         <size>0xcc</size>
         <input_file_ref idref="fl-3"/>
      </object_component>
      <object_component id="oc-37">
         <name>.const</name>
         <load_address>0x14210</load_address>
         <run_address>0x14210</run_address>
         <size>0x40</size>
         <input_file_ref idref="fl-d"/>
      </object_component>
      <object_component id="oc-31">
         <name>.const</name>
         <load_address>0x14250</load_address>
         <run_address>0x14250</run_address>
         <size>0x20</size>
         <input_file_ref idref="fl-c"/>
      </object_component>
      <object_component id="oc-1f">
         <name>.const</name>
         <load_address>0x14270</load_address>
         <run_address>0x14270</run_address>
         <size>0x4</size>
         <input_file_ref idref="fl-3"/>
      </object_component>
      <object_component id="oc-20">
         <name>.far</name>
         <uninitialized>true</uninitialized>
         <run_address>0x200</run_address>
         <size>0xf868</size>
         <input_file_ref idref="fl-3"/>
      </object_component>
      <object_component id="oc-30">
         <name>.far</name>
         <uninitialized>true</uninitialized>
         <run_address>0xfb5c</run_address>
         <size>0x2</size>
         <input_file_ref idref="fl-c"/>
      </object_component>
      <object_component id="oc-36">
         <name>.far</name>
         <uninitialized>true</uninitialized>
         <run_address>0xfc6c</run_address>
         <size>0x8</size>
         <input_file_ref idref="fl-d"/>
      </object_component>
      <object_component id="oc-3d">
         <name>.far</name>
         <uninitialized>true</uninitialized>
         <run_address>0xfc18</run_address>
         <size>0x28</size>
         <input_file_ref idref="fl-e"/>
      </object_component>
      <object_component id="oc-43">
         <name>.far</name>
         <uninitialized>true</uninitialized>
         <run_address>0xfc40</run_address>
         <size>0x20</size>
         <input_file_ref idref="fl-f"/>
      </object_component>
      <object_component id="oc-49">
         <name>.far</name>
         <uninitialized>true</uninitialized>
         <run_address>0xfa68</run_address>
         <size>0xf4</size>
         <input_file_ref idref="fl-10"/>
      </object_component>
      <object_component id="oc-4e">
         <name>.far</name>
         <uninitialized>true</uninitialized>
         <run_address>0xfbe0</run_address>
         <size>0x38</size>
         <input_file_ref idref="fl-11"/>
      </object_component>
      <object_component id="oc-58">
         <name>.far</name>
         <uninitialized>true</uninitialized>
         <run_address>0xfb60</run_address>
         <size>0x40</size>
         <input_file_ref idref="fl-8a"/>
      </object_component>
      <object_component id="oc-63">
         <name>.far</name>
         <uninitialized>true</uninitialized>
         <run_address>0xfc60</run_address>
         <size>0xc</size>
         <input_file_ref idref="fl-8d"/>
      </object_component>
      <object_component id="oc-6e">
         <name>.far</name>
         <uninitialized>true</uninitialized>
         <run_address>0xfba0</run_address>
         <size>0x40</size>
         <input_file_ref idref="fl-90"/>
      </object_component>
      <object_component id="oc-1e">
         <name>.cinit</name>
         <load_address>0x13d60</load_address>
         <run_address>0x13d60</run_address>
         <size>0x13c</size>
         <input_file_ref idref="fl-3"/>
      </object_component>
      <object_component id="oc-48">
         <name>.cinit</name>
         <load_address>0x13ea0</load_address>
         <run_address>0x13ea0</run_address>
         <size>0x12c</size>
         <input_file_ref idref="fl-10"/>
      </object_component>
      <object_component id="oc-4d">
         <name>.cinit</name>
         <load_address>0x13fd0</load_address>
         <run_address>0x13fd0</run_address>
         <size>0x54</size>
         <input_file_ref idref="fl-11"/>
      </object_component>
      <object_component id="oc-57">
         <name>.cinit</name>
         <load_address>0x14028</load_address>
         <run_address>0x14028</run_address>
         <size>0x48</size>
         <input_file_ref idref="fl-8a"/>
      </object_component>
      <object_component id="oc-6d">
         <name>.cinit</name>
         <load_address>0x14070</load_address>
         <run_address>0x14070</run_address>
         <size>0x48</size>
         <input_file_ref idref="fl-90"/>
      </object_component>
      <object_component id="oc-3c">
         <name>.cinit</name>
         <load_address>0x140b8</load_address>
         <run_address>0x140b8</run_address>
         <size>0x30</size>
         <input_file_ref idref="fl-e"/>
      </object_component>
      <object_component id="oc-62">
         <name>.cinit</name>
         <load_address>0x140e8</load_address>
         <run_address>0x140e8</run_address>
         <size>0x2c</size>
         <input_file_ref idref="fl-8d"/>
      </object_component>
      <object_component id="oc-42">
         <name>.cinit</name>
         <load_address>0x14118</load_address>
         <run_address>0x14118</run_address>
         <size>0x28</size>
         <input_file_ref idref="fl-f"/>
      </object_component>
      <object_component id="oc-1a">
         <name>.debug_info</name>
         <load_address>0x0</load_address>
         <run_address>0x0</run_address>
         <size>0xbd</size>
         <input_file_ref idref="fl-2"/>
      </object_component>
      <object_component id="oc-1d">
         <name>.debug_info</name>
         <load_address>0xbd</load_address>
         <run_address>0xbd</run_address>
         <size>0x15e5</size>
         <input_file_ref idref="fl-3"/>
      </object_component>
      <object_component id="oc-25">
         <name>.debug_info</name>
         <load_address>0x16a2</load_address>
         <run_address>0x16a2</run_address>
         <size>0x8a5</size>
         <input_file_ref idref="fl-4"/>
      </object_component>
      <object_component id="oc-2a">
         <name>.debug_info</name>
         <load_address>0x1f47</load_address>
         <run_address>0x1f47</run_address>
         <size>0x5c5</size>
         <input_file_ref idref="fl-5"/>
      </object_component>
      <object_component id="oc-2d">
         <name>.debug_info</name>
         <load_address>0x250c</load_address>
         <run_address>0x250c</run_address>
         <size>0x5c1</size>
         <input_file_ref idref="fl-6"/>
      </object_component>
      <object_component id="oc-33">
         <name>.debug_info</name>
         <load_address>0x2acd</load_address>
         <run_address>0x2acd</run_address>
         <size>0x8a7</size>
         <input_file_ref idref="fl-c"/>
      </object_component>
      <object_component id="oc-39">
         <name>.debug_info</name>
         <load_address>0x3374</load_address>
         <run_address>0x3374</run_address>
         <size>0x89f</size>
         <input_file_ref idref="fl-d"/>
      </object_component>
      <object_component id="oc-3f">
         <name>.debug_info</name>
         <load_address>0x3c13</load_address>
         <run_address>0x3c13</run_address>
         <size>0x929</size>
         <input_file_ref idref="fl-e"/>
      </object_component>
      <object_component id="oc-45">
         <name>.debug_info</name>
         <load_address>0x453c</load_address>
         <run_address>0x453c</run_address>
         <size>0x5b3</size>
         <input_file_ref idref="fl-f"/>
      </object_component>
      <object_component id="oc-4b">
         <name>.debug_info</name>
         <load_address>0x4aef</load_address>
         <run_address>0x4aef</run_address>
         <size>0xc2b</size>
         <input_file_ref idref="fl-10"/>
      </object_component>
      <object_component id="oc-50">
         <name>.debug_info</name>
         <load_address>0x571a</load_address>
         <run_address>0x571a</run_address>
         <size>0xc15</size>
         <input_file_ref idref="fl-11"/>
      </object_component>
      <object_component id="oc-52">
         <name>.debug_info</name>
         <load_address>0x632f</load_address>
         <run_address>0x632f</run_address>
         <size>0x715</size>
         <input_file_ref idref="fl-89"/>
      </object_component>
      <object_component id="oc-56">
         <name>.debug_info</name>
         <load_address>0x6a44</load_address>
         <run_address>0x6a44</run_address>
         <size>0x729</size>
         <input_file_ref idref="fl-8a"/>
      </object_component>
      <object_component id="oc-5b">
         <name>.debug_info</name>
         <load_address>0x716d</load_address>
         <run_address>0x716d</run_address>
         <size>0x8d8</size>
         <input_file_ref idref="fl-8b"/>
      </object_component>
      <object_component id="oc-5e">
         <name>.debug_info</name>
         <load_address>0x7a45</load_address>
         <run_address>0x7a45</run_address>
         <size>0xdc</size>
         <input_file_ref idref="fl-8c"/>
      </object_component>
      <object_component id="oc-61">
         <name>.debug_info</name>
         <load_address>0x7b21</load_address>
         <run_address>0x7b21</run_address>
         <size>0x811</size>
         <input_file_ref idref="fl-8d"/>
      </object_component>
      <object_component id="oc-66">
         <name>.debug_info</name>
         <load_address>0x8332</load_address>
         <run_address>0x8332</run_address>
         <size>0x68a</size>
         <input_file_ref idref="fl-8e"/>
      </object_component>
      <object_component id="oc-69">
         <name>.debug_info</name>
         <load_address>0x89bc</load_address>
         <run_address>0x89bc</run_address>
         <size>0x65d</size>
         <input_file_ref idref="fl-8f"/>
      </object_component>
      <object_component id="oc-6c">
         <name>.debug_info</name>
         <load_address>0x9019</load_address>
         <run_address>0x9019</run_address>
         <size>0x729</size>
         <input_file_ref idref="fl-90"/>
      </object_component>
      <object_component id="oc-71">
         <name>.debug_info</name>
         <load_address>0x9742</load_address>
         <run_address>0x9742</run_address>
         <size>0xe2</size>
         <input_file_ref idref="fl-91"/>
      </object_component>
      <object_component id="oc-74">
         <name>.debug_info</name>
         <load_address>0x9824</load_address>
         <run_address>0x9824</run_address>
         <size>0x65b</size>
         <input_file_ref idref="fl-92"/>
      </object_component>
      <object_component id="oc-77">
         <name>.debug_info</name>
         <load_address>0x9e7f</load_address>
         <run_address>0x9e7f</run_address>
         <size>0x6eb</size>
         <input_file_ref idref="fl-93"/>
      </object_component>
      <object_component id="oc-7a">
         <name>.debug_info</name>
         <load_address>0xa56a</load_address>
         <run_address>0xa56a</run_address>
         <size>0x883</size>
         <input_file_ref idref="fl-94"/>
      </object_component>
      <object_component id="oc-7d">
         <name>.debug_info</name>
         <load_address>0xaded</load_address>
         <run_address>0xaded</run_address>
         <size>0x6fb</size>
         <input_file_ref idref="fl-95"/>
      </object_component>
      <object_component id="oc-80">
         <name>.debug_info</name>
         <load_address>0xb4e8</load_address>
         <run_address>0xb4e8</run_address>
         <size>0x7f1</size>
         <input_file_ref idref="fl-96"/>
      </object_component>
      <object_component id="oc-83">
         <name>.debug_info</name>
         <load_address>0xbcd9</load_address>
         <run_address>0xbcd9</run_address>
         <size>0x7ac</size>
         <input_file_ref idref="fl-97"/>
      </object_component>
      <object_component id="oc-c3">
         <name>.debug_info</name>
         <load_address>0xc485</load_address>
         <run_address>0xc485</run_address>
         <size>0x6d</size>
      </object_component>
      <object_component id="oc-1b">
         <name>.debug_line</name>
         <load_address>0x0</load_address>
         <run_address>0x0</run_address>
         <size>0xb9</size>
         <input_file_ref idref="fl-2"/>
      </object_component>
      <object_component id="oc-23">
         <name>.debug_line</name>
         <load_address>0xb9</load_address>
         <run_address>0xb9</run_address>
         <size>0x2bb</size>
         <input_file_ref idref="fl-3"/>
      </object_component>
      <object_component id="oc-27">
         <name>.debug_line</name>
         <load_address>0x374</load_address>
         <run_address>0x374</run_address>
         <size>0x81</size>
         <input_file_ref idref="fl-4"/>
      </object_component>
      <object_component id="oc-34">
         <name>.debug_line</name>
         <load_address>0x3f5</load_address>
         <run_address>0x3f5</run_address>
         <size>0xb2</size>
         <input_file_ref idref="fl-c"/>
      </object_component>
      <object_component id="oc-3a">
         <name>.debug_line</name>
         <load_address>0x4a7</load_address>
         <run_address>0x4a7</run_address>
         <size>0x4f</size>
         <input_file_ref idref="fl-d"/>
      </object_component>
      <object_component id="oc-40">
         <name>.debug_line</name>
         <load_address>0x4f6</load_address>
         <run_address>0x4f6</run_address>
         <size>0x7e</size>
         <input_file_ref idref="fl-e"/>
      </object_component>
      <object_component id="oc-46">
         <name>.debug_line</name>
         <load_address>0x574</load_address>
         <run_address>0x574</run_address>
         <size>0x52</size>
         <input_file_ref idref="fl-f"/>
      </object_component>
      <object_component id="oc-4c">
         <name>.debug_line</name>
         <load_address>0x5c6</load_address>
         <run_address>0x5c6</run_address>
         <size>0xf4</size>
         <input_file_ref idref="fl-10"/>
      </object_component>
      <object_component id="oc-51">
         <name>.debug_line</name>
         <load_address>0x6ba</load_address>
         <run_address>0x6ba</run_address>
         <size>0xe9</size>
         <input_file_ref idref="fl-11"/>
      </object_component>
      <object_component id="oc-54">
         <name>.debug_line</name>
         <load_address>0x7a3</load_address>
         <run_address>0x7a3</run_address>
         <size>0x3d</size>
         <input_file_ref idref="fl-89"/>
      </object_component>
      <object_component id="oc-59">
         <name>.debug_line</name>
         <load_address>0x7e0</load_address>
         <run_address>0x7e0</run_address>
         <size>0x54</size>
         <input_file_ref idref="fl-8a"/>
      </object_component>
      <object_component id="oc-5c">
         <name>.debug_line</name>
         <load_address>0x834</load_address>
         <run_address>0x834</run_address>
         <size>0x3c</size>
         <input_file_ref idref="fl-8b"/>
      </object_component>
      <object_component id="oc-5f">
         <name>.debug_line</name>
         <load_address>0x870</load_address>
         <run_address>0x870</run_address>
         <size>0x45</size>
         <input_file_ref idref="fl-8c"/>
      </object_component>
      <object_component id="oc-64">
         <name>.debug_line</name>
         <load_address>0x8b5</load_address>
         <run_address>0x8b5</run_address>
         <size>0x4f</size>
         <input_file_ref idref="fl-8d"/>
      </object_component>
      <object_component id="oc-67">
         <name>.debug_line</name>
         <load_address>0x904</load_address>
         <run_address>0x904</run_address>
         <size>0x37</size>
         <input_file_ref idref="fl-8e"/>
      </object_component>
      <object_component id="oc-6a">
         <name>.debug_line</name>
         <load_address>0x93b</load_address>
         <run_address>0x93b</run_address>
         <size>0x38</size>
         <input_file_ref idref="fl-8f"/>
      </object_component>
      <object_component id="oc-6f">
         <name>.debug_line</name>
         <load_address>0x973</load_address>
         <run_address>0x973</run_address>
         <size>0x54</size>
         <input_file_ref idref="fl-90"/>
      </object_component>
      <object_component id="oc-72">
         <name>.debug_line</name>
         <load_address>0x9c7</load_address>
         <run_address>0x9c7</run_address>
         <size>0x48</size>
         <input_file_ref idref="fl-91"/>
      </object_component>
      <object_component id="oc-75">
         <name>.debug_line</name>
         <load_address>0xa0f</load_address>
         <run_address>0xa0f</run_address>
         <size>0x38</size>
         <input_file_ref idref="fl-92"/>
      </object_component>
      <object_component id="oc-78">
         <name>.debug_line</name>
         <load_address>0xa47</load_address>
         <run_address>0xa47</run_address>
         <size>0x41</size>
         <input_file_ref idref="fl-93"/>
      </object_component>
      <object_component id="oc-7b">
         <name>.debug_line</name>
         <load_address>0xa88</load_address>
         <run_address>0xa88</run_address>
         <size>0x47</size>
         <input_file_ref idref="fl-94"/>
      </object_component>
      <object_component id="oc-7e">
         <name>.debug_line</name>
         <load_address>0xacf</load_address>
         <run_address>0xacf</run_address>
         <size>0x45</size>
         <input_file_ref idref="fl-95"/>
      </object_component>
      <object_component id="oc-81">
         <name>.debug_line</name>
         <load_address>0xb14</load_address>
         <run_address>0xb14</run_address>
         <size>0x44</size>
         <input_file_ref idref="fl-96"/>
      </object_component>
      <object_component id="oc-84">
         <name>.debug_line</name>
         <load_address>0xb58</load_address>
         <run_address>0xb58</run_address>
         <size>0x4e</size>
         <input_file_ref idref="fl-97"/>
      </object_component>
      <object_component id="oc-1c">
         <name>.debug_abbrev</name>
         <load_address>0x0</load_address>
         <run_address>0x0</run_address>
         <size>0x20</size>
         <input_file_ref idref="fl-2"/>
      </object_component>
      <object_component id="oc-24">
         <name>.debug_abbrev</name>
         <load_address>0x20</load_address>
         <run_address>0x20</run_address>
         <size>0x1d1</size>
         <input_file_ref idref="fl-3"/>
      </object_component>
      <object_component id="oc-28">
         <name>.debug_abbrev</name>
         <load_address>0x1f1</load_address>
         <run_address>0x1f1</run_address>
         <size>0xb9</size>
         <input_file_ref idref="fl-4"/>
      </object_component>
      <object_component id="oc-2b">
         <name>.debug_abbrev</name>
         <load_address>0x2aa</load_address>
         <run_address>0x2aa</run_address>
         <size>0x34</size>
         <input_file_ref idref="fl-5"/>
      </object_component>
      <object_component id="oc-2e">
         <name>.debug_abbrev</name>
         <load_address>0x2de</load_address>
         <run_address>0x2de</run_address>
         <size>0x34</size>
         <input_file_ref idref="fl-6"/>
      </object_component>
      <object_component id="oc-32">
         <name>.debug_abbrev</name>
         <load_address>0x312</load_address>
         <run_address>0x312</run_address>
         <size>0x196</size>
         <input_file_ref idref="fl-c"/>
      </object_component>
      <object_component id="oc-38">
         <name>.debug_abbrev</name>
         <load_address>0x4a8</load_address>
         <run_address>0x4a8</run_address>
         <size>0x126</size>
         <input_file_ref idref="fl-d"/>
      </object_component>
      <object_component id="oc-3e">
         <name>.debug_abbrev</name>
         <load_address>0x5ce</load_address>
         <run_address>0x5ce</run_address>
         <size>0x14e</size>
         <input_file_ref idref="fl-e"/>
      </object_component>
      <object_component id="oc-44">
         <name>.debug_abbrev</name>
         <load_address>0x71c</load_address>
         <run_address>0x71c</run_address>
         <size>0xf1</size>
         <input_file_ref idref="fl-f"/>
      </object_component>
      <object_component id="oc-4a">
         <name>.debug_abbrev</name>
         <load_address>0x80d</load_address>
         <run_address>0x80d</run_address>
         <size>0x1b7</size>
         <input_file_ref idref="fl-10"/>
      </object_component>
      <object_component id="oc-4f">
         <name>.debug_abbrev</name>
         <load_address>0x9c4</load_address>
         <run_address>0x9c4</run_address>
         <size>0x1a3</size>
         <input_file_ref idref="fl-11"/>
      </object_component>
      <object_component id="oc-55">
         <name>.debug_abbrev</name>
         <load_address>0xb67</load_address>
         <run_address>0xb67</run_address>
         <size>0xfe</size>
         <input_file_ref idref="fl-89"/>
      </object_component>
      <object_component id="oc-5a">
         <name>.debug_abbrev</name>
         <load_address>0xc65</load_address>
         <run_address>0xc65</run_address>
         <size>0xcc</size>
         <input_file_ref idref="fl-8a"/>
      </object_component>
      <object_component id="oc-5d">
         <name>.debug_abbrev</name>
         <load_address>0xd31</load_address>
         <run_address>0xd31</run_address>
         <size>0xe7</size>
         <input_file_ref idref="fl-8b"/>
      </object_component>
      <object_component id="oc-60">
         <name>.debug_abbrev</name>
         <load_address>0xe18</load_address>
         <run_address>0xe18</run_address>
         <size>0x3a</size>
         <input_file_ref idref="fl-8c"/>
      </object_component>
      <object_component id="oc-65">
         <name>.debug_abbrev</name>
         <load_address>0xe52</load_address>
         <run_address>0xe52</run_address>
         <size>0x119</size>
         <input_file_ref idref="fl-8d"/>
      </object_component>
      <object_component id="oc-68">
         <name>.debug_abbrev</name>
         <load_address>0xf6b</load_address>
         <run_address>0xf6b</run_address>
         <size>0xa1</size>
         <input_file_ref idref="fl-8e"/>
      </object_component>
      <object_component id="oc-6b">
         <name>.debug_abbrev</name>
         <load_address>0x100c</load_address>
         <run_address>0x100c</run_address>
         <size>0xaf</size>
         <input_file_ref idref="fl-8f"/>
      </object_component>
      <object_component id="oc-70">
         <name>.debug_abbrev</name>
         <load_address>0x10bb</load_address>
         <run_address>0x10bb</run_address>
         <size>0xcc</size>
         <input_file_ref idref="fl-90"/>
      </object_component>
      <object_component id="oc-73">
         <name>.debug_abbrev</name>
         <load_address>0x1187</load_address>
         <run_address>0x1187</run_address>
         <size>0x3a</size>
         <input_file_ref idref="fl-91"/>
      </object_component>
      <object_component id="oc-76">
         <name>.debug_abbrev</name>
         <load_address>0x11c1</load_address>
         <run_address>0x11c1</run_address>
         <size>0xaf</size>
         <input_file_ref idref="fl-92"/>
      </object_component>
      <object_component id="oc-79">
         <name>.debug_abbrev</name>
         <load_address>0x1270</load_address>
         <run_address>0x1270</run_address>
         <size>0xe1</size>
         <input_file_ref idref="fl-93"/>
      </object_component>
      <object_component id="oc-7c">
         <name>.debug_abbrev</name>
         <load_address>0x1351</load_address>
         <run_address>0x1351</run_address>
         <size>0x13f</size>
         <input_file_ref idref="fl-94"/>
      </object_component>
      <object_component id="oc-7f">
         <name>.debug_abbrev</name>
         <load_address>0x1490</load_address>
         <run_address>0x1490</run_address>
         <size>0xdd</size>
         <input_file_ref idref="fl-95"/>
      </object_component>
      <object_component id="oc-82">
         <name>.debug_abbrev</name>
         <load_address>0x156d</load_address>
         <run_address>0x156d</run_address>
         <size>0x10c</size>
         <input_file_ref idref="fl-96"/>
      </object_component>
      <object_component id="oc-85">
         <name>.debug_abbrev</name>
         <load_address>0x1679</load_address>
         <run_address>0x1679</run_address>
         <size>0xd5</size>
         <input_file_ref idref="fl-97"/>
      </object_component>
      <object_component id="oc-c4">
         <name>.debug_abbrev</name>
         <load_address>0x174e</load_address>
         <run_address>0x174e</run_address>
         <size>0xd</size>
      </object_component>
      <object_component id="oc-22">
         <name>.debug_frame</name>
         <load_address>0x0</load_address>
         <run_address>0x0</run_address>
         <size>0x2f9</size>
         <input_file_ref idref="fl-3"/>
      </object_component>
      <object_component id="oc-26">
         <name>.debug_frame</name>
         <load_address>0x2f9</load_address>
         <run_address>0x2f9</run_address>
         <size>0x25e</size>
         <input_file_ref idref="fl-4"/>
      </object_component>
   </object_component_list>
   <logical_group_list>
      <logical_group id="lg-2">
         <name>vectors</name>
         <load_address>0x0</load_address>
         <run_address>0x0</run_address>
         <size>0x200</size>
         <contents>
            <object_component_ref idref="oc-19"/>
         </contents>
      </logical_group>
      <logical_group id="lg-3">
         <name>.text</name>
         <load_address>0xfc80</load_address>
         <run_address>0xfc80</run_address>
         <size>0x3ce0</size>
         <contents>
            <object_component_ref idref="oc-92"/>
            <object_component_ref idref="oc-2f"/>
            <object_component_ref idref="oc-21"/>
            <object_component_ref idref="oc-9a"/>
            <object_component_ref idref="oc-8a"/>
            <object_component_ref idref="oc-9b"/>
            <object_component_ref idref="oc-35"/>
            <object_component_ref idref="oc-29"/>
            <object_component_ref idref="oc-90"/>
            <object_component_ref idref="oc-9c"/>
            <object_component_ref idref="oc-97"/>
            <object_component_ref idref="oc-94"/>
            <object_component_ref idref="oc-2c"/>
            <object_component_ref idref="oc-3b"/>
            <object_component_ref idref="oc-a2"/>
            <object_component_ref idref="oc-8d"/>
            <object_component_ref idref="oc-8e"/>
            <object_component_ref idref="oc-86"/>
            <object_component_ref idref="oc-8c"/>
            <object_component_ref idref="oc-88"/>
            <object_component_ref idref="oc-a1"/>
            <object_component_ref idref="oc-a0"/>
            <object_component_ref idref="oc-8f"/>
            <object_component_ref idref="oc-41"/>
            <object_component_ref idref="oc-9e"/>
            <object_component_ref idref="oc-91"/>
            <object_component_ref idref="oc-18"/>
            <object_component_ref idref="oc-98"/>
            <object_component_ref idref="oc-87"/>
            <object_component_ref idref="oc-9f"/>
            <object_component_ref idref="oc-95"/>
            <object_component_ref idref="oc-99"/>
            <object_component_ref idref="oc-96"/>
            <object_component_ref idref="oc-89"/>
            <object_component_ref idref="oc-8b"/>
            <object_component_ref idref="oc-93"/>
            <object_component_ref idref="oc-47"/>
         </contents>
      </logical_group>
      <logical_group id="lg-4">
         <name>.stack</name>
         <run_address>0x13960</run_address>
         <size>0x400</size>
         <contents>
            <object_component_ref idref="oc-53"/>
            <object_component_ref idref="oc-c2"/>
         </contents>
      </logical_group>
      <logical_group id="lg-5">
         <name>.bss</name>
         <run_address>0x200</run_address>
         <size>0x0</size>
         <contents>
         </contents>
      </logical_group>
      <logical_group id="lg-6">
         <name>.cio</name>
         <run_address>0x0</run_address>
         <size>0x0</size>
         <contents>
         </contents>
      </logical_group>
      <logical_group id="lg-7">
         <name>.const</name>
         <load_address>0x14144</load_address>
         <run_address>0x14144</run_address>
         <size>0x130</size>
         <contents>
            <object_component_ref idref="oc-9d"/>
            <object_component_ref idref="oc-37"/>
            <object_component_ref idref="oc-31"/>
            <object_component_ref idref="oc-1f"/>
         </contents>
      </logical_group>
      <logical_group id="lg-8">
         <name>.data</name>
         <run_address>0x200</run_address>
         <size>0x0</size>
         <contents>
         </contents>
      </logical_group>
      <logical_group id="lg-9">
         <name>.switch</name>
         <run_address>0x0</run_address>
         <size>0x0</size>
         <contents>
         </contents>
      </logical_group>
      <logical_group id="lg-a">
         <name>.sysmem</name>
         <run_address>0x0</run_address>
         <size>0x0</size>
         <contents>
         </contents>
      </logical_group>
      <logical_group id="lg-b">
         <name>.far</name>
         <run_address>0x200</run_address>
         <size>0xfa74</size>
         <contents>
            <object_component_ref idref="oc-20"/>
            <object_component_ref idref="oc-30"/>
            <object_component_ref idref="oc-36"/>
            <object_component_ref idref="oc-3d"/>
            <object_component_ref idref="oc-43"/>
            <object_component_ref idref="oc-49"/>
            <object_component_ref idref="oc-4e"/>
            <object_component_ref idref="oc-58"/>
            <object_component_ref idref="oc-63"/>
            <object_component_ref idref="oc-6e"/>
         </contents>
      </logical_group>
      <logical_group id="lg-c">
         <name>.args</name>
         <run_address>0x0</run_address>
         <size>0x0</size>
         <contents>
         </contents>
      </logical_group>
      <logical_group id="lg-d">
         <name>.ppinfo</name>
         <run_address>0x0</run_address>
         <size>0x0</size>
         <contents>
         </contents>
      </logical_group>
      <logical_group id="lg-e">
         <name>.ppdata</name>
         <run_address>0x0</run_address>
         <size>0x0</size>
         <contents>
         </contents>
      </logical_group>
      <logical_group id="lg-f">
         <name>.pinit</name>
         <run_address>0x0</run_address>
         <size>0x0</size>
         <contents>
         </contents>
      </logical_group>
      <logical_group id="lg-10">
         <name>.cinit</name>
         <load_address>0x13d60</load_address>
         <run_address>0x13d60</run_address>
         <size>0x3e4</size>
         <contents>
            <object_component_ref idref="oc-1e"/>
            <object_component_ref idref="oc-48"/>
            <object_component_ref idref="oc-4d"/>
            <object_component_ref idref="oc-57"/>
            <object_component_ref idref="oc-6d"/>
            <object_component_ref idref="oc-3c"/>
            <object_component_ref idref="oc-62"/>
            <object_component_ref idref="oc-42"/>
         </contents>
      </logical_group>
      <logical_group id="lg-11">
         <name>.binit</name>
         <run_address>0x0</run_address>
         <size>0x0</size>
         <contents>
         </contents>
      </logical_group>
      <logical_group id="lg-12">
         <name>.init_array</name>
         <run_address>0x0</run_address>
         <size>0x0</size>
         <contents>
         </contents>
      </logical_group>
      <logical_group id="lg-13">
         <name>.neardata</name>
         <run_address>0x0</run_address>
         <size>0x0</size>
         <contents>
         </contents>
      </logical_group>
      <logical_group id="lg-14">
         <name>.fardata</name>
         <run_address>0x0</run_address>
         <size>0x0</size>
         <contents>
         </contents>
      </logical_group>
      <logical_group id="lg-15">
         <name>.rodata</name>
         <run_address>0x0</run_address>
         <size>0x0</size>
         <contents>
         </contents>
      </logical_group>
      <logical_group id="lg-16">
         <name>.c6xabi.exidx</name>
         <run_address>0x0</run_address>
         <size>0x0</size>
         <contents>
         </contents>
      </logical_group>
      <logical_group id="lg-17">
         <name>.c6xabi.extab</name>
         <run_address>0x0</run_address>
         <size>0x0</size>
         <contents>
         </contents>
      </logical_group>
      <logical_group id="lg-b9">
         <name>.debug_info</name>
         <load_address>0x0</load_address>
         <run_address>0x0</run_address>
         <size>0xc4f2</size>
         <contents>
            <object_component_ref idref="oc-1a"/>
            <object_component_ref idref="oc-1d"/>
            <object_component_ref idref="oc-25"/>
            <object_component_ref idref="oc-2a"/>
            <object_component_ref idref="oc-2d"/>
            <object_component_ref idref="oc-33"/>
            <object_component_ref idref="oc-39"/>
            <object_component_ref idref="oc-3f"/>
            <object_component_ref idref="oc-45"/>
            <object_component_ref idref="oc-4b"/>
            <object_component_ref idref="oc-50"/>
            <object_component_ref idref="oc-52"/>
            <object_component_ref idref="oc-56"/>
            <object_component_ref idref="oc-5b"/>
            <object_component_ref idref="oc-5e"/>
            <object_component_ref idref="oc-61"/>
            <object_component_ref idref="oc-66"/>
            <object_component_ref idref="oc-69"/>
            <object_component_ref idref="oc-6c"/>
            <object_component_ref idref="oc-71"/>
            <object_component_ref idref="oc-74"/>
            <object_component_ref idref="oc-77"/>
            <object_component_ref idref="oc-7a"/>
            <object_component_ref idref="oc-7d"/>
            <object_component_ref idref="oc-80"/>
            <object_component_ref idref="oc-83"/>
            <object_component_ref idref="oc-c3"/>
         </contents>
      </logical_group>
      <logical_group id="lg-bb">
         <name>.debug_line</name>
         <load_address>0x0</load_address>
         <run_address>0x0</run_address>
         <size>0xba6</size>
         <contents>
            <object_component_ref idref="oc-1b"/>
            <object_component_ref idref="oc-23"/>
            <object_component_ref idref="oc-27"/>
            <object_component_ref idref="oc-34"/>
            <object_component_ref idref="oc-3a"/>
            <object_component_ref idref="oc-40"/>
            <object_component_ref idref="oc-46"/>
            <object_component_ref idref="oc-4c"/>
            <object_component_ref idref="oc-51"/>
            <object_component_ref idref="oc-54"/>
            <object_component_ref idref="oc-59"/>
            <object_component_ref idref="oc-5c"/>
            <object_component_ref idref="oc-5f"/>
            <object_component_ref idref="oc-64"/>
            <object_component_ref idref="oc-67"/>
            <object_component_ref idref="oc-6a"/>
            <object_component_ref idref="oc-6f"/>
            <object_component_ref idref="oc-72"/>
            <object_component_ref idref="oc-75"/>
            <object_component_ref idref="oc-78"/>
            <object_component_ref idref="oc-7b"/>
            <object_component_ref idref="oc-7e"/>
            <object_component_ref idref="oc-81"/>
            <object_component_ref idref="oc-84"/>
         </contents>
      </logical_group>
      <logical_group id="lg-bd">
         <name>.debug_abbrev</name>
         <load_address>0x0</load_address>
         <run_address>0x0</run_address>
         <size>0x175b</size>
         <contents>
            <object_component_ref idref="oc-1c"/>
            <object_component_ref idref="oc-24"/>
            <object_component_ref idref="oc-28"/>
            <object_component_ref idref="oc-2b"/>
            <object_component_ref idref="oc-2e"/>
            <object_component_ref idref="oc-32"/>
            <object_component_ref idref="oc-38"/>
            <object_component_ref idref="oc-3e"/>
            <object_component_ref idref="oc-44"/>
            <object_component_ref idref="oc-4a"/>
            <object_component_ref idref="oc-4f"/>
            <object_component_ref idref="oc-55"/>
            <object_component_ref idref="oc-5a"/>
            <object_component_ref idref="oc-5d"/>
            <object_component_ref idref="oc-60"/>
            <object_component_ref idref="oc-65"/>
            <object_component_ref idref="oc-68"/>
            <object_component_ref idref="oc-6b"/>
            <object_component_ref idref="oc-70"/>
            <object_component_ref idref="oc-73"/>
            <object_component_ref idref="oc-76"/>
            <object_component_ref idref="oc-79"/>
            <object_component_ref idref="oc-7c"/>
            <object_component_ref idref="oc-7f"/>
            <object_component_ref idref="oc-82"/>
            <object_component_ref idref="oc-85"/>
            <object_component_ref idref="oc-c4"/>
         </contents>
      </logical_group>
      <logical_group id="lg-bf">
         <name>.debug_frame</name>
         <load_address>0x0</load_address>
         <run_address>0x0</run_address>
         <size>0x557</size>
         <contents>
            <object_component_ref idref="oc-22"/>
            <object_component_ref idref="oc-26"/>
         </contents>
      </logical_group>
   </logical_group_list>
   <placement_map>
      <memory_area>
         <name>VECS</name>
         <page_id>0x0</page_id>
         <origin>0x0</origin>
         <length>0x200</length>
         <used_space>0x200</used_space>
         <unused_space>0x0</unused_space>
         <attributes>RWIX</attributes>
         <usage_details>
            <allocated_space>
               <start_address>0x0</start_address>
               <size>0x200</size>
               <logical_group_ref idref="lg-2"/>
            </allocated_space>
         </usage_details>
      </memory_area>
      <memory_area>
         <name>IRAM</name>
         <page_id>0x0</page_id>
         <origin>0x200</origin>
         <length>0x2fe00</length>
         <used_space>0x14068</used_space>
         <unused_space>0x1bd98</unused_space>
         <attributes>RWIX</attributes>
         <usage_details>
            <allocated_space>
               <start_address>0x200</start_address>
               <size>0x0</size>
               <logical_group_ref idref="lg-8"/>
            </allocated_space>
            <allocated_space>
               <start_address>0x200</start_address>
               <size>0x0</size>
               <logical_group_ref idref="lg-5"/>
            </allocated_space>
            <allocated_space>
               <start_address>0x200</start_address>
               <size>0xfa74</size>
               <logical_group_ref idref="lg-b"/>
            </allocated_space>
            <available_space>
               <start_address>0xfc74</start_address>
               <size>0xc</size>
            </available_space>
            <allocated_space>
               <start_address>0xfc80</start_address>
               <size>0x3ce0</size>
               <logical_group_ref idref="lg-3"/>
            </allocated_space>
            <allocated_space>
               <start_address>0x13960</start_address>
               <size>0x400</size>
               <logical_group_ref idref="lg-4"/>
            </allocated_space>
            <allocated_space>
               <start_address>0x13d60</start_address>
               <size>0x3e4</size>
               <logical_group_ref idref="lg-10"/>
            </allocated_space>
            <allocated_space>
               <start_address>0x14144</start_address>
               <size>0x130</size>
               <logical_group_ref idref="lg-7"/>
            </allocated_space>
            <available_space>
               <start_address>0x14274</start_address>
               <size>0x1bd8c</size>
            </available_space>
         </usage_details>
      </memory_area>
      <memory_area>
         <name>L2RAM</name>
         <page_id>0x0</page_id>
         <origin>0x30000</origin>
         <length>0x10000</length>
         <used_space>0x0</used_space>
         <unused_space>0x10000</unused_space>
         <attributes>RWIX</attributes>
         <usage_details>
         </usage_details>
      </memory_area>
      <memory_area>
         <name>EMIFCE0</name>
         <page_id>0x0</page_id>
         <origin>0x80000000</origin>
         <length>0x10000000</length>
         <used_space>0x0</used_space>
         <unused_space>0x10000000</unused_space>
         <attributes>RWIX</attributes>
         <usage_details>
         </usage_details>
      </memory_area>
      <memory_area>
         <name>EMIFCE1</name>
         <page_id>0x0</page_id>
         <origin>0x90000000</origin>
         <length>0x10000000</length>
         <used_space>0x0</used_space>
         <unused_space>0x10000000</unused_space>
         <attributes>RWIX</attributes>
         <usage_details>
         </usage_details>
      </memory_area>
      <memory_area>
         <name>EMIFCE2</name>
         <page_id>0x0</page_id>
         <origin>0xa0000000</origin>
         <length>0x10000000</length>
         <used_space>0x0</used_space>
         <unused_space>0x10000000</unused_space>
         <attributes>RWIX</attributes>
         <usage_details>
         </usage_details>
      </memory_area>
      <memory_area>
         <name>EMIFCE3</name>
         <page_id>0x0</page_id>
         <origin>0xb0000000</origin>
         <length>0x10000000</length>
         <used_space>0x0</used_space>
         <unused_space>0x10000000</unused_space>
         <attributes>RWIX</attributes>
         <usage_details>
         </usage_details>
      </memory_area>
   </placement_map>
   <symbol_table>
      <symbol id="sm-0">
         <name>cinit</name>
         <value>0x13d60</value>
      </symbol>
      <symbol id="sm-1">
         <name>___cinit__</name>
         <value>0x13d60</value>
      </symbol>
      <symbol id="sm-2">
         <name>pinit</name>
         <value>0xffffffff</value>
      </symbol>
      <symbol id="sm-3">
         <name>___pinit__</name>
         <value>0xffffffff</value>
      </symbol>
      <symbol id="sm-4">
         <name>binit</name>
         <value>0xffffffff</value>
      </symbol>
      <symbol id="sm-5">
         <name>___binit__</name>
         <value>0xffffffff</value>
      </symbol>
      <symbol id="sm-6">
         <name>__STACK_SIZE</name>
         <value>0x400</value>
      </symbol>
      <symbol id="sm-7">
         <name>__STACK_END</name>
         <value>0x13d60</value>
      </symbol>
      <symbol id="sm-8">
         <name>___c_args__</name>
         <value>0xffffffff</value>
      </symbol>
      <symbol id="sm-9">
         <name>.text</name>
         <value>0xfc80</value>
      </symbol>
      <symbol id="sm-a">
         <name>___text__</name>
         <value>0xfc80</value>
      </symbol>
      <symbol id="sm-b">
         <name>etext</name>
         <value>0x13960</value>
      </symbol>
      <symbol id="sm-c">
         <name>___etext__</name>
         <value>0x13960</value>
      </symbol>
      <symbol id="sm-d">
         <name>.data</name>
         <value>0x200</value>
      </symbol>
      <symbol id="sm-e">
         <name>___data__</name>
         <value>0x200</value>
      </symbol>
      <symbol id="sm-f">
         <name>edata</name>
         <value>0x200</value>
      </symbol>
      <symbol id="sm-10">
         <name>___edata__</name>
         <value>0x200</value>
      </symbol>
      <symbol id="sm-11">
         <name>.bss</name>
         <value>0x200</value>
      </symbol>
      <symbol id="sm-12">
         <name>___bss__</name>
         <value>0x200</value>
      </symbol>
      <symbol id="sm-13">
         <name>end</name>
         <value>0x200</value>
      </symbol>
      <symbol id="sm-14">
         <name>___end__</name>
         <value>0x200</value>
      </symbol>
      <symbol id="sm-15">
         <name>___TI_pprof_out_hndl</name>
         <value>0xffffffff</value>
      </symbol>
      <symbol id="sm-16">
         <name>___TI_prof_data_start</name>
         <value>0xffffffff</value>
      </symbol>
      <symbol id="sm-17">
         <name>___TI_prof_data_size</name>
         <value>0xffffffff</value>
      </symbol>
      <symbol id="sm-18">
         <name>$bss</name>
         <value>0x200</value>
      </symbol>
      <symbol id="sm-fb">
         <name>_serialPortRcvISR</name>
         <value>0x10f60</value>
         <object_component_ref idref="oc-21"/>
      </symbol>
      <symbol id="sm-fc">
         <name>_main</name>
         <value>0xfc80</value>
         <object_component_ref idref="oc-92"/>
      </symbol>
      <symbol id="sm-fd">
         <name>_pingFlag</name>
         <value>0x5d80</value>
         <object_component_ref idref="oc-20"/>
      </symbol>
      <symbol id="sm-fe">
         <name>_lflag</name>
         <value>0xfa60</value>
         <object_component_ref idref="oc-20"/>
      </symbol>
      <symbol id="sm-ff">
         <name>_init</name>
         <value>0x1043c</value>
         <object_component_ref idref="oc-92"/>
      </symbol>
      <symbol id="sm-100">
         <name>_pingIndex</name>
         <value>0x5d84</value>
         <object_component_ref idref="oc-20"/>
      </symbol>
      <symbol id="sm-101">
         <name>_config</name>
         <value>0x204</value>
         <object_component_ref idref="oc-20"/>
      </symbol>
      <symbol id="sm-102">
         <name>_pongFlag</name>
         <value>0x5d81</value>
         <object_component_ref idref="oc-20"/>
      </symbol>
      <symbol id="sm-103">
         <name>_hCodec</name>
         <value>0x200</value>
         <object_component_ref idref="oc-20"/>
      </symbol>
      <symbol id="sm-104">
         <name>_DELTA</name>
         <value>0x6cc8</value>
         <object_component_ref idref="oc-20"/>
      </symbol>
      <symbol id="sm-105">
         <name>_PING</name>
         <value>0x230</value>
         <object_component_ref idref="oc-20"/>
      </symbol>
      <symbol id="sm-106">
         <name>_ix</name>
         <value>0xf260</value>
         <object_component_ref idref="oc-20"/>
      </symbol>
      <symbol id="sm-107">
         <name>_iw</name>
         <value>0xee60</value>
         <object_component_ref idref="oc-20"/>
      </symbol>
      <symbol id="sm-108">
         <name>_BL</name>
         <value>0x14270</value>
         <object_component_ref idref="oc-1f"/>
      </symbol>
      <symbol id="sm-109">
         <name>_outputPONG</name>
         <value>0x4e48</value>
         <object_component_ref idref="oc-20"/>
      </symbol>
      <symbol id="sm-10a">
         <name>_pongIndex</name>
         <value>0x5d88</value>
         <object_component_ref idref="oc-20"/>
      </symbol>
      <symbol id="sm-10b">
         <name>_pongU</name>
         <value>0xacd0</value>
         <object_component_ref idref="oc-20"/>
      </symbol>
      <symbol id="sm-10c">
         <name>_pingU</name>
         <value>0x8cd0</value>
         <object_component_ref idref="oc-20"/>
      </symbol>
      <symbol id="sm-10d">
         <name>_PONG</name>
         <value>0x20a0</value>
         <object_component_ref idref="oc-20"/>
      </symbol>
      <symbol id="sm-10e">
         <name>_w</name>
         <value>0x5d90</value>
         <object_component_ref idref="oc-20"/>
      </symbol>
      <symbol id="sm-10f">
         <name>_n</name>
         <value>0xfa64</value>
         <object_component_ref idref="oc-20"/>
      </symbol>
      <symbol id="sm-110">
         <name>_h</name>
         <value>0x6cd0</value>
         <object_component_ref idref="oc-20"/>
      </symbol>
      <symbol id="sm-111">
         <name>_Z</name>
         <value>0xccd0</value>
         <object_component_ref idref="oc-20"/>
      </symbol>
      <symbol id="sm-112">
         <name>_outputPING</name>
         <value>0x3f10</value>
         <object_component_ref idref="oc-20"/>
      </symbol>
      <symbol id="sm-113">
         <name>_V</name>
         <value>0xce60</value>
         <object_component_ref idref="oc-20"/>
      </symbol>
      <symbol id="sm-114">
         <name>_B</name>
         <value>0x14144</value>
         <object_component_ref idref="oc-9d"/>
      </symbol>
      <symbol id="sm-12f">
         <name>_digitrev_index</name>
         <value>0x124a0</value>
         <object_component_ref idref="oc-9c"/>
      </symbol>
      <symbol id="sm-135">
         <name>_cfftr2_dit</name>
         <value>0x11fe0</value>
         <object_component_ref idref="oc-29"/>
      </symbol>
      <symbol id="sm-13b">
         <name>_bitrev</name>
         <value>0x12a40</value>
         <object_component_ref idref="oc-2c"/>
      </symbol>
      <symbol id="sm-149">
         <name>_DSK6713_init</name>
         <value>0x10b2c</value>
         <object_component_ref idref="oc-2f"/>
      </symbol>
      <symbol id="sm-14a">
         <name>_DSK6713_version</name>
         <value>0xfb5c</value>
         <object_component_ref idref="oc-30"/>
      </symbol>
      <symbol id="sm-14b">
         <name>_DSK6713_rget</name>
         <value>0x10e48</value>
         <object_component_ref idref="oc-2f"/>
      </symbol>
      <symbol id="sm-14c">
         <name>_DSK6713_wait</name>
         <value>0x10e70</value>
         <object_component_ref idref="oc-2f"/>
      </symbol>
      <symbol id="sm-14d">
         <name>_DSK6713_rset</name>
         <value>0x10e5c</value>
         <object_component_ref idref="oc-2f"/>
      </symbol>
      <symbol id="sm-14e">
         <name>_DSK6713_waitusec</name>
         <value>0x10ec8</value>
         <object_component_ref idref="oc-2f"/>
      </symbol>
      <symbol id="sm-14f">
         <name>_DSK6713_getVersion</name>
         <value>0x10ef4</value>
         <object_component_ref idref="oc-2f"/>
      </symbol>
      <symbol id="sm-15d">
         <name>_DSK6713_AIC23_codeccontrolhandle</name>
         <value>0xfc6c</value>
         <object_component_ref idref="oc-36"/>
      </symbol>
      <symbol id="sm-15e">
         <name>_DSK6713_AIC23_codecdatahandle</name>
         <value>0xfc70</value>
         <object_component_ref idref="oc-36"/>
      </symbol>
      <symbol id="sm-15f">
         <name>_DSK6713_AIC23_openCodec</name>
         <value>0x11ce0</value>
         <object_component_ref idref="oc-35"/>
      </symbol>
      <symbol id="sm-16d">
         <name>_DSK6713_AIC23_config</name>
         <value>0x12ca0</value>
         <object_component_ref idref="oc-3b"/>
      </symbol>
      <symbol id="sm-16e">
         <name>_DSK6713_AIC23_rget</name>
         <value>0x12c78</value>
         <object_component_ref idref="oc-3b"/>
      </symbol>
      <symbol id="sm-16f">
         <name>_DSK6713_AIC23_rset</name>
         <value>0x12be0</value>
         <object_component_ref idref="oc-3b"/>
      </symbol>
      <symbol id="sm-17d">
         <name>_DSK6713_AIC23_setFreq</name>
         <value>0x13560</value>
         <object_component_ref idref="oc-41"/>
      </symbol>
      <symbol id="sm-197">
         <name>__IRQ_eventTable</name>
         <value>0xfa90</value>
         <object_component_ref idref="oc-49"/>
      </symbol>
      <symbol id="sm-198">
         <name>_IRQ_nmiEnable</name>
         <value>0x138c0</value>
         <object_component_ref idref="oc-96"/>
      </symbol>
      <symbol id="sm-199">
         <name>__IRQ_intTable</name>
         <value>0xfb14</value>
         <object_component_ref idref="oc-49"/>
      </symbol>
      <symbol id="sm-19a">
         <name>_IRQ_globalEnable</name>
         <value>0x138a0</value>
         <object_component_ref idref="oc-99"/>
      </symbol>
      <symbol id="sm-19b">
         <name>_IRQ_globalDisable</name>
         <value>0x13880</value>
         <object_component_ref idref="oc-95"/>
      </symbol>
      <symbol id="sm-19c">
         <name>_IRQ_map</name>
         <value>0x126e0</value>
         <object_component_ref idref="oc-97"/>
      </symbol>
      <symbol id="sm-19d">
         <name>_IRQ_enable</name>
         <value>0x137c0</value>
         <object_component_ref idref="oc-98"/>
      </symbol>
      <symbol id="sm-19e">
         <name>__IRQ_dispatchTable</name>
         <value>0xfb54</value>
         <object_component_ref idref="oc-49"/>
      </symbol>
      <symbol id="sm-19f">
         <name>__IRQ_hookFetchPacket</name>
         <value>0x13940</value>
         <object_component_ref idref="oc-47"/>
      </symbol>
      <symbol id="sm-1b5">
         <name>_MCBSP_reset</name>
         <value>0x128a0</value>
         <object_component_ref idref="oc-94"/>
      </symbol>
      <symbol id="sm-1b6">
         <name>_MCBSP_read</name>
         <value>0x138e0</value>
         <object_component_ref idref="oc-89"/>
      </symbol>
      <symbol id="sm-1b7">
         <name>_MCBSP_open</name>
         <value>0x12e40</value>
         <object_component_ref idref="oc-8d"/>
      </symbol>
      <symbol id="sm-1b8">
         <name>__MCBSP_hDev0</name>
         <value>0xfc10</value>
         <object_component_ref idref="oc-4e"/>
      </symbol>
      <symbol id="sm-1b9">
         <name>__MCBSP_hDev1</name>
         <value>0xfc14</value>
         <object_component_ref idref="oc-4e"/>
      </symbol>
      <symbol id="sm-1ba">
         <name>_MCBSP_start</name>
         <value>0x12f40</value>
         <object_component_ref idref="oc-8e"/>
      </symbol>
      <symbol id="sm-1bb">
         <name>_MCBSP_write</name>
         <value>0x13900</value>
         <object_component_ref idref="oc-8b"/>
      </symbol>
      <symbol id="sm-1c7">
         <name>_c_int00</name>
         <value>0x13740</value>
         <object_component_ref idref="oc-18"/>
      </symbol>
      <symbol id="sm-1c8">
         <name>__stack</name>
         <value>0x13960</value>
         <object_component_ref idref="oc-53"/>
      </symbol>
      <symbol id="sm-1d6">
         <name>_cos</name>
         <value>0x11300</value>
         <object_component_ref idref="oc-9a"/>
      </symbol>
      <symbol id="sm-1e0">
         <name>__divf</name>
         <value>0x11660</value>
         <object_component_ref idref="oc-8a"/>
      </symbol>
      <symbol id="sm-1e8">
         <name>__c6xabi_divi</name>
         <value>0x12d20</value>
         <object_component_ref idref="oc-a2"/>
      </symbol>
      <symbol id="sm-1e9">
         <name>__divi</name>
         <value>0x12d20</value>
         <object_component_ref idref="oc-a2"/>
      </symbol>
      <symbol id="sm-1f9">
         <name>C$$EXIT</name>
         <value>0x13920</value>
         <object_component_ref idref="oc-93"/>
      </symbol>
      <symbol id="sm-1fa">
         <name>_exit</name>
         <value>0x13220</value>
         <object_component_ref idref="oc-88"/>
      </symbol>
      <symbol id="sm-1fb">
         <name>___TI_enable_exit_profile_output</name>
         <value>0xfc68</value>
         <object_component_ref idref="oc-63"/>
      </symbol>
      <symbol id="sm-1fc">
         <name>_abort</name>
         <value>0x13920</value>
         <object_component_ref idref="oc-93"/>
      </symbol>
      <symbol id="sm-1fd">
         <name>__cleanup_ptr</name>
         <value>0xfc60</value>
         <object_component_ref idref="oc-63"/>
      </symbol>
      <symbol id="sm-1fe">
         <name>__dtors_ptr</name>
         <value>0xfc64</value>
         <object_component_ref idref="oc-63"/>
      </symbol>
      <symbol id="sm-208">
         <name>_modf</name>
         <value>0x13300</value>
         <object_component_ref idref="oc-a1"/>
      </symbol>
      <symbol id="sm-212">
         <name>__nround</name>
         <value>0x133e0</value>
         <object_component_ref idref="oc-a0"/>
      </symbol>
      <symbol id="sm-220">
         <name>_sin</name>
         <value>0x119a0</value>
         <object_component_ref idref="oc-9b"/>
      </symbol>
      <symbol id="sm-228">
         <name>__strasg</name>
         <value>0x13140</value>
         <object_component_ref idref="oc-8c"/>
      </symbol>
      <symbol id="sm-232">
         <name>__trunc</name>
         <value>0x13840</value>
         <object_component_ref idref="oc-9f"/>
      </symbol>
      <symbol id="sm-23c">
         <name>__args_main</name>
         <value>0x13800</value>
         <object_component_ref idref="oc-87"/>
      </symbol>
      <symbol id="sm-23d">
         <name>__TI_args_main</name>
         <value>0x1</value>
      </symbol>
      <symbol id="sm-247">
         <name>__auto_init</name>
         <value>0x13040</value>
         <object_component_ref idref="oc-86"/>
      </symbol>
      <symbol id="sm-251">
         <name>___TI_cpp_init</name>
         <value>0x136c0</value>
         <object_component_ref idref="oc-91"/>
      </symbol>
      <symbol id="sm-25b">
         <name>_copy_in</name>
         <value>0x134a0</value>
         <object_component_ref idref="oc-8f"/>
      </symbol>
      <symbol id="sm-265">
         <name>_memcpy</name>
         <value>0x12260</value>
         <object_component_ref idref="oc-90"/>
      </symbol>
   </symbol_table>
</link_info>
