<?xml version="1.0"?>
<link_info>
   <banner>TMS320C6x Linker PC v7.4.2</banner>
   <copyright>Copyright (c) 1996-2012 Texas Instruments Incorporated</copyright>
   <link_time>0x54865211</link_time>
   <output_file>lab5_FIR_SxS.out</output_file>
   <entry_point>
      <name>_c_int00</name>
      <address>0x1d80</address>
   </entry_point>
   <input_file_list>
      <input_file id="fl-2">
         <path>.\</path>
         <kind>object</kind>
         <file>vectors.obj</file>
         <name>vectors.obj</name>
      </input_file>
      <input_file id="fl-3">
         <path>.\</path>
         <kind>object</kind>
         <file>lab5_FIR_SxS.obj</file>
         <name>lab5_FIR_SxS.obj</name>
      </input_file>
      <input_file id="fl-9">
         <path>C:\ti\DSK6713\c6000\dsk6713\lib\</path>
         <kind>archive</kind>
         <file>dsk6713bsl.lib</file>
         <name>dsk6713.obj</name>
      </input_file>
      <input_file id="fl-a">
         <path>C:\ti\DSK6713\c6000\dsk6713\lib\</path>
         <kind>archive</kind>
         <file>dsk6713bsl.lib</file>
         <name>dsk6713_aic23_opencodec.obj</name>
      </input_file>
      <input_file id="fl-b">
         <path>C:\ti\DSK6713\c6000\dsk6713\lib\</path>
         <kind>archive</kind>
         <file>dsk6713bsl.lib</file>
         <name>dsk6713_aic23_registers.obj</name>
      </input_file>
      <input_file id="fl-c">
         <path>C:\ti\DSK6713\c6000\dsk6713\lib\</path>
         <kind>archive</kind>
         <file>dsk6713bsl.lib</file>
         <name>dsk6713_aic23_setfreq.obj</name>
      </input_file>
      <input_file id="fl-d">
         <path>C:\ti\lib_3x\</path>
         <kind>archive</kind>
         <file>csl6713.lib</file>
         <name>csl_irq.obj</name>
      </input_file>
      <input_file id="fl-e">
         <path>C:\ti\lib_3x\</path>
         <kind>archive</kind>
         <file>csl6713.lib</file>
         <name>csl_mcbsp.obj</name>
      </input_file>
      <input_file id="fl-86">
         <path>C:\ti\ccsv5\tools\compiler\c6000_7.4.2\lib\</path>
         <kind>archive</kind>
         <file>rts6700.lib</file>
         <name>boot.obj</name>
      </input_file>
      <input_file id="fl-87">
         <path>C:\ti\ccsv5\tools\compiler\c6000_7.4.2\lib\</path>
         <kind>archive</kind>
         <file>rts6700.lib</file>
         <name>exit.obj</name>
      </input_file>
      <input_file id="fl-88">
         <path>C:\ti\ccsv5\tools\compiler\c6000_7.4.2\lib\</path>
         <kind>archive</kind>
         <file>rts6700.lib</file>
         <name>strasg.obj</name>
      </input_file>
      <input_file id="fl-89">
         <path>C:\ti\ccsv5\tools\compiler\c6000_7.4.2\lib\</path>
         <kind>archive</kind>
         <file>rts6700.lib</file>
         <name>args_main.obj</name>
      </input_file>
      <input_file id="fl-8a">
         <path>C:\ti\ccsv5\tools\compiler\c6000_7.4.2\lib\</path>
         <kind>archive</kind>
         <file>rts6700.lib</file>
         <name>autoinit.obj</name>
      </input_file>
      <input_file id="fl-8b">
         <path>C:\ti\ccsv5\tools\compiler\c6000_7.4.2\lib\</path>
         <kind>archive</kind>
         <file>rts6700.lib</file>
         <name>cpp_init.obj</name>
      </input_file>
      <input_file id="fl-8c">
         <path>C:\ti\ccsv5\tools\compiler\c6000_7.4.2\lib\</path>
         <kind>archive</kind>
         <file>rts6700.lib</file>
         <name>cpy_tbl.obj</name>
      </input_file>
      <input_file id="fl-8d">
         <path>C:\ti\ccsv5\tools\compiler\c6000_7.4.2\lib\</path>
         <kind>archive</kind>
         <file>rts6700.lib</file>
         <name>memcpy62.obj</name>
      </input_file>
   </input_file_list>
   <object_component_list>
      <object_component id="oc-19">
         <name>vectors</name>
         <load_address>0x0</load_address>
         <run_address>0x0</run_address>
         <size>0x200</size>
         <input_file_ref idref="fl-2"/>
      </object_component>
      <object_component id="oc-25">
         <name>.text</name>
         <load_address>0x200</load_address>
         <run_address>0x200</run_address>
         <size>0x480</size>
         <input_file_ref idref="fl-9"/>
      </object_component>
      <object_component id="oc-21">
         <name>.text:retain</name>
         <load_address>0x680</load_address>
         <run_address>0x680</run_address>
         <size>0x380</size>
         <input_file_ref idref="fl-3"/>
      </object_component>
      <object_component id="oc-2b">
         <name>.text</name>
         <load_address>0xa00</load_address>
         <run_address>0xa00</run_address>
         <size>0x300</size>
         <input_file_ref idref="fl-a"/>
      </object_component>
      <object_component id="oc-6b">
         <name>.text:_memcpy</name>
         <load_address>0xd00</load_address>
         <run_address>0xd00</run_address>
         <size>0x240</size>
         <input_file_ref idref="fl-8d"/>
      </object_component>
      <object_component id="oc-6d">
         <name>.text</name>
         <load_address>0xf40</load_address>
         <run_address>0xf40</run_address>
         <size>0x240</size>
         <input_file_ref idref="fl-3"/>
      </object_component>
      <object_component id="oc-70">
         <name>.text:_IRQ_map</name>
         <load_address>0x1180</load_address>
         <run_address>0x1180</run_address>
         <size>0x1c0</size>
         <input_file_ref idref="fl-d"/>
      </object_component>
      <object_component id="oc-6f">
         <name>.text:_MCBSP_reset</name>
         <load_address>0x1340</load_address>
         <run_address>0x1340</run_address>
         <size>0x1a0</size>
         <input_file_ref idref="fl-e"/>
      </object_component>
      <object_component id="oc-31">
         <name>.text</name>
         <load_address>0x14e0</load_address>
         <run_address>0x14e0</run_address>
         <size>0x140</size>
         <input_file_ref idref="fl-b"/>
      </object_component>
      <object_component id="oc-68">
         <name>.text:_MCBSP_open</name>
         <load_address>0x1620</load_address>
         <run_address>0x1620</run_address>
         <size>0x100</size>
         <input_file_ref idref="fl-e"/>
      </object_component>
      <object_component id="oc-69">
         <name>.text:_MCBSP_start</name>
         <load_address>0x1720</load_address>
         <run_address>0x1720</run_address>
         <size>0x100</size>
         <input_file_ref idref="fl-e"/>
      </object_component>
      <object_component id="oc-63">
         <name>.text:__auto_init</name>
         <load_address>0x1820</load_address>
         <run_address>0x1820</run_address>
         <size>0x100</size>
         <input_file_ref idref="fl-8a"/>
      </object_component>
      <object_component id="oc-67">
         <name>.text:__strasg</name>
         <load_address>0x1920</load_address>
         <run_address>0x1920</run_address>
         <size>0xe0</size>
         <input_file_ref idref="fl-88"/>
      </object_component>
      <object_component id="oc-65">
         <name>.text:_exit</name>
         <load_address>0x1a00</load_address>
         <run_address>0x1a00</run_address>
         <size>0xe0</size>
         <input_file_ref idref="fl-87"/>
      </object_component>
      <object_component id="oc-6a">
         <name>.text:_copy_in</name>
         <load_address>0x1ae0</load_address>
         <run_address>0x1ae0</run_address>
         <size>0xc0</size>
         <input_file_ref idref="fl-8c"/>
      </object_component>
      <object_component id="oc-37">
         <name>.text</name>
         <load_address>0x1ba0</load_address>
         <run_address>0x1ba0</run_address>
         <size>0xc0</size>
         <input_file_ref idref="fl-c"/>
      </object_component>
      <object_component id="oc-71">
         <name>.text:_setMux</name>
         <load_address>0x1c60</load_address>
         <run_address>0x1c60</run_address>
         <size>0xa0</size>
         <input_file_ref idref="fl-d"/>
      </object_component>
      <object_component id="oc-6c">
         <name>.text:___TI_cpp_init</name>
         <load_address>0x1d00</load_address>
         <run_address>0x1d00</run_address>
         <size>0x80</size>
         <input_file_ref idref="fl-8b"/>
      </object_component>
      <object_component id="oc-18">
         <name>.text:_c_int00</name>
         <load_address>0x1d80</load_address>
         <run_address>0x1d80</run_address>
         <size>0x80</size>
         <input_file_ref idref="fl-86"/>
      </object_component>
      <object_component id="oc-64">
         <name>.text:__args_main</name>
         <load_address>0x1e00</load_address>
         <run_address>0x1e00</run_address>
         <size>0x40</size>
         <input_file_ref idref="fl-89"/>
      </object_component>
      <object_component id="oc-6e">
         <name>.text:_abort</name>
         <load_address>0x1e40</load_address>
         <run_address>0x1e40</run_address>
         <size>0x20</size>
         <input_file_ref idref="fl-87"/>
      </object_component>
      <object_component id="oc-3d">
         <name>.text</name>
         <load_address>0x1e60</load_address>
         <run_address>0x1e60</run_address>
         <size>0x20</size>
         <input_file_ref idref="fl-d"/>
      </object_component>
      <object_component id="oc-49">
         <name>.stack</name>
         <uninitialized>true</uninitialized>
         <run_address>0x2d28</run_address>
         <size>0x8</size>
         <input_file_ref idref="fl-86"/>
      </object_component>
      <object_component id="oc-91">
         <name>.stack</name>
         <uninitialized>true</uninitialized>
         <run_address>0x2d28</run_address>
         <size>0x0</size>
      </object_component>
      <object_component id="oc-66">
         <name>.const:_B</name>
         <load_address>0x267c</load_address>
         <run_address>0x267c</run_address>
         <size>0x644</size>
         <input_file_ref idref="fl-3"/>
      </object_component>
      <object_component id="oc-2d">
         <name>.const</name>
         <load_address>0x2cc0</load_address>
         <run_address>0x2cc0</run_address>
         <size>0x40</size>
         <input_file_ref idref="fl-a"/>
      </object_component>
      <object_component id="oc-27">
         <name>.const</name>
         <load_address>0x2d00</load_address>
         <run_address>0x2d00</run_address>
         <size>0x20</size>
         <input_file_ref idref="fl-9"/>
      </object_component>
      <object_component id="oc-1f">
         <name>.const</name>
         <load_address>0x2d20</load_address>
         <run_address>0x2d20</run_address>
         <size>0x4</size>
         <input_file_ref idref="fl-3"/>
      </object_component>
      <object_component id="oc-20">
         <name>.far</name>
         <uninitialized>true</uninitialized>
         <run_address>0x1e80</run_address>
         <size>0x672</size>
         <input_file_ref idref="fl-3"/>
      </object_component>
      <object_component id="oc-26">
         <name>.far</name>
         <uninitialized>true</uninitialized>
         <run_address>0x24f2</run_address>
         <size>0x2</size>
         <input_file_ref idref="fl-9"/>
      </object_component>
      <object_component id="oc-2c">
         <name>.far</name>
         <uninitialized>true</uninitialized>
         <run_address>0x2674</run_address>
         <size>0x8</size>
         <input_file_ref idref="fl-a"/>
      </object_component>
      <object_component id="oc-33">
         <name>.far</name>
         <uninitialized>true</uninitialized>
         <run_address>0x2620</run_address>
         <size>0x28</size>
         <input_file_ref idref="fl-b"/>
      </object_component>
      <object_component id="oc-39">
         <name>.far</name>
         <uninitialized>true</uninitialized>
         <run_address>0x2648</run_address>
         <size>0x20</size>
         <input_file_ref idref="fl-c"/>
      </object_component>
      <object_component id="oc-3f">
         <name>.far</name>
         <uninitialized>true</uninitialized>
         <run_address>0x24f4</run_address>
         <size>0xf4</size>
         <input_file_ref idref="fl-d"/>
      </object_component>
      <object_component id="oc-44">
         <name>.far</name>
         <uninitialized>true</uninitialized>
         <run_address>0x25e8</run_address>
         <size>0x38</size>
         <input_file_ref idref="fl-e"/>
      </object_component>
      <object_component id="oc-4e">
         <name>.far</name>
         <uninitialized>true</uninitialized>
         <run_address>0x2668</run_address>
         <size>0xc</size>
         <input_file_ref idref="fl-87"/>
      </object_component>
      <object_component id="oc-3e">
         <name>.cinit</name>
         <load_address>0x3128</load_address>
         <run_address>0x3128</run_address>
         <size>0x12c</size>
         <input_file_ref idref="fl-d"/>
      </object_component>
      <object_component id="oc-43">
         <name>.cinit</name>
         <load_address>0x3258</load_address>
         <run_address>0x3258</run_address>
         <size>0x54</size>
         <input_file_ref idref="fl-e"/>
      </object_component>
      <object_component id="oc-1e">
         <name>.cinit</name>
         <load_address>0x32b0</load_address>
         <run_address>0x32b0</run_address>
         <size>0x4a</size>
         <input_file_ref idref="fl-3"/>
      </object_component>
      <object_component id="oc-32">
         <name>.cinit</name>
         <load_address>0x3300</load_address>
         <run_address>0x3300</run_address>
         <size>0x30</size>
         <input_file_ref idref="fl-b"/>
      </object_component>
      <object_component id="oc-4d">
         <name>.cinit</name>
         <load_address>0x3330</load_address>
         <run_address>0x3330</run_address>
         <size>0x2c</size>
         <input_file_ref idref="fl-87"/>
      </object_component>
      <object_component id="oc-38">
         <name>.cinit</name>
         <load_address>0x3360</load_address>
         <run_address>0x3360</run_address>
         <size>0x28</size>
         <input_file_ref idref="fl-c"/>
      </object_component>
      <object_component id="oc-1a">
         <name>.debug_info</name>
         <load_address>0x0</load_address>
         <run_address>0x0</run_address>
         <size>0xc0</size>
         <input_file_ref idref="fl-2"/>
      </object_component>
      <object_component id="oc-1d">
         <name>.debug_info</name>
         <load_address>0xc0</load_address>
         <run_address>0xc0</run_address>
         <size>0xb9d</size>
         <input_file_ref idref="fl-3"/>
      </object_component>
      <object_component id="oc-29">
         <name>.debug_info</name>
         <load_address>0xc5d</load_address>
         <run_address>0xc5d</run_address>
         <size>0x8a7</size>
         <input_file_ref idref="fl-9"/>
      </object_component>
      <object_component id="oc-2f">
         <name>.debug_info</name>
         <load_address>0x1504</load_address>
         <run_address>0x1504</run_address>
         <size>0x89f</size>
         <input_file_ref idref="fl-a"/>
      </object_component>
      <object_component id="oc-35">
         <name>.debug_info</name>
         <load_address>0x1da3</load_address>
         <run_address>0x1da3</run_address>
         <size>0x929</size>
         <input_file_ref idref="fl-b"/>
      </object_component>
      <object_component id="oc-3b">
         <name>.debug_info</name>
         <load_address>0x26cc</load_address>
         <run_address>0x26cc</run_address>
         <size>0x5b3</size>
         <input_file_ref idref="fl-c"/>
      </object_component>
      <object_component id="oc-41">
         <name>.debug_info</name>
         <load_address>0x2c7f</load_address>
         <run_address>0x2c7f</run_address>
         <size>0x9df</size>
         <input_file_ref idref="fl-d"/>
      </object_component>
      <object_component id="oc-46">
         <name>.debug_info</name>
         <load_address>0x365e</load_address>
         <run_address>0x365e</run_address>
         <size>0xac3</size>
         <input_file_ref idref="fl-e"/>
      </object_component>
      <object_component id="oc-48">
         <name>.debug_info</name>
         <load_address>0x4121</load_address>
         <run_address>0x4121</run_address>
         <size>0x715</size>
         <input_file_ref idref="fl-86"/>
      </object_component>
      <object_component id="oc-4c">
         <name>.debug_info</name>
         <load_address>0x4836</load_address>
         <run_address>0x4836</run_address>
         <size>0x811</size>
         <input_file_ref idref="fl-87"/>
      </object_component>
      <object_component id="oc-51">
         <name>.debug_info</name>
         <load_address>0x5047</load_address>
         <run_address>0x5047</run_address>
         <size>0xe2</size>
         <input_file_ref idref="fl-88"/>
      </object_component>
      <object_component id="oc-54">
         <name>.debug_info</name>
         <load_address>0x5129</load_address>
         <run_address>0x5129</run_address>
         <size>0x6eb</size>
         <input_file_ref idref="fl-89"/>
      </object_component>
      <object_component id="oc-57">
         <name>.debug_info</name>
         <load_address>0x5814</load_address>
         <run_address>0x5814</run_address>
         <size>0x883</size>
         <input_file_ref idref="fl-8a"/>
      </object_component>
      <object_component id="oc-5a">
         <name>.debug_info</name>
         <load_address>0x6097</load_address>
         <run_address>0x6097</run_address>
         <size>0x6fb</size>
         <input_file_ref idref="fl-8b"/>
      </object_component>
      <object_component id="oc-5d">
         <name>.debug_info</name>
         <load_address>0x6792</load_address>
         <run_address>0x6792</run_address>
         <size>0x7f1</size>
         <input_file_ref idref="fl-8c"/>
      </object_component>
      <object_component id="oc-60">
         <name>.debug_info</name>
         <load_address>0x6f83</load_address>
         <run_address>0x6f83</run_address>
         <size>0x7ac</size>
         <input_file_ref idref="fl-8d"/>
      </object_component>
      <object_component id="oc-92">
         <name>.debug_info</name>
         <load_address>0x772f</load_address>
         <run_address>0x772f</run_address>
         <size>0x6d</size>
      </object_component>
      <object_component id="oc-1b">
         <name>.debug_line</name>
         <load_address>0x0</load_address>
         <run_address>0x0</run_address>
         <size>0xb9</size>
         <input_file_ref idref="fl-2"/>
      </object_component>
      <object_component id="oc-23">
         <name>.debug_line</name>
         <load_address>0xb9</load_address>
         <run_address>0xb9</run_address>
         <size>0x139</size>
         <input_file_ref idref="fl-3"/>
      </object_component>
      <object_component id="oc-2a">
         <name>.debug_line</name>
         <load_address>0x1f2</load_address>
         <run_address>0x1f2</run_address>
         <size>0xb2</size>
         <input_file_ref idref="fl-9"/>
      </object_component>
      <object_component id="oc-30">
         <name>.debug_line</name>
         <load_address>0x2a4</load_address>
         <run_address>0x2a4</run_address>
         <size>0x4f</size>
         <input_file_ref idref="fl-a"/>
      </object_component>
      <object_component id="oc-36">
         <name>.debug_line</name>
         <load_address>0x2f3</load_address>
         <run_address>0x2f3</run_address>
         <size>0x7e</size>
         <input_file_ref idref="fl-b"/>
      </object_component>
      <object_component id="oc-3c">
         <name>.debug_line</name>
         <load_address>0x371</load_address>
         <run_address>0x371</run_address>
         <size>0x52</size>
         <input_file_ref idref="fl-c"/>
      </object_component>
      <object_component id="oc-42">
         <name>.debug_line</name>
         <load_address>0x3c3</load_address>
         <run_address>0x3c3</run_address>
         <size>0xa0</size>
         <input_file_ref idref="fl-d"/>
      </object_component>
      <object_component id="oc-47">
         <name>.debug_line</name>
         <load_address>0x463</load_address>
         <run_address>0x463</run_address>
         <size>0xbf</size>
         <input_file_ref idref="fl-e"/>
      </object_component>
      <object_component id="oc-4a">
         <name>.debug_line</name>
         <load_address>0x522</load_address>
         <run_address>0x522</run_address>
         <size>0x3d</size>
         <input_file_ref idref="fl-86"/>
      </object_component>
      <object_component id="oc-4f">
         <name>.debug_line</name>
         <load_address>0x55f</load_address>
         <run_address>0x55f</run_address>
         <size>0x4f</size>
         <input_file_ref idref="fl-87"/>
      </object_component>
      <object_component id="oc-52">
         <name>.debug_line</name>
         <load_address>0x5ae</load_address>
         <run_address>0x5ae</run_address>
         <size>0x48</size>
         <input_file_ref idref="fl-88"/>
      </object_component>
      <object_component id="oc-55">
         <name>.debug_line</name>
         <load_address>0x5f6</load_address>
         <run_address>0x5f6</run_address>
         <size>0x41</size>
         <input_file_ref idref="fl-89"/>
      </object_component>
      <object_component id="oc-58">
         <name>.debug_line</name>
         <load_address>0x637</load_address>
         <run_address>0x637</run_address>
         <size>0x47</size>
         <input_file_ref idref="fl-8a"/>
      </object_component>
      <object_component id="oc-5b">
         <name>.debug_line</name>
         <load_address>0x67e</load_address>
         <run_address>0x67e</run_address>
         <size>0x45</size>
         <input_file_ref idref="fl-8b"/>
      </object_component>
      <object_component id="oc-5e">
         <name>.debug_line</name>
         <load_address>0x6c3</load_address>
         <run_address>0x6c3</run_address>
         <size>0x44</size>
         <input_file_ref idref="fl-8c"/>
      </object_component>
      <object_component id="oc-61">
         <name>.debug_line</name>
         <load_address>0x707</load_address>
         <run_address>0x707</run_address>
         <size>0x4e</size>
         <input_file_ref idref="fl-8d"/>
      </object_component>
      <object_component id="oc-1c">
         <name>.debug_abbrev</name>
         <load_address>0x0</load_address>
         <run_address>0x0</run_address>
         <size>0x20</size>
         <input_file_ref idref="fl-2"/>
      </object_component>
      <object_component id="oc-24">
         <name>.debug_abbrev</name>
         <load_address>0x20</load_address>
         <run_address>0x20</run_address>
         <size>0x18a</size>
         <input_file_ref idref="fl-3"/>
      </object_component>
      <object_component id="oc-28">
         <name>.debug_abbrev</name>
         <load_address>0x1aa</load_address>
         <run_address>0x1aa</run_address>
         <size>0x196</size>
         <input_file_ref idref="fl-9"/>
      </object_component>
      <object_component id="oc-2e">
         <name>.debug_abbrev</name>
         <load_address>0x340</load_address>
         <run_address>0x340</run_address>
         <size>0x126</size>
         <input_file_ref idref="fl-a"/>
      </object_component>
      <object_component id="oc-34">
         <name>.debug_abbrev</name>
         <load_address>0x466</load_address>
         <run_address>0x466</run_address>
         <size>0x14e</size>
         <input_file_ref idref="fl-b"/>
      </object_component>
      <object_component id="oc-3a">
         <name>.debug_abbrev</name>
         <load_address>0x5b4</load_address>
         <run_address>0x5b4</run_address>
         <size>0xf1</size>
         <input_file_ref idref="fl-c"/>
      </object_component>
      <object_component id="oc-40">
         <name>.debug_abbrev</name>
         <load_address>0x6a5</load_address>
         <run_address>0x6a5</run_address>
         <size>0x1b7</size>
         <input_file_ref idref="fl-d"/>
      </object_component>
      <object_component id="oc-45">
         <name>.debug_abbrev</name>
         <load_address>0x85c</load_address>
         <run_address>0x85c</run_address>
         <size>0x1a3</size>
         <input_file_ref idref="fl-e"/>
      </object_component>
      <object_component id="oc-4b">
         <name>.debug_abbrev</name>
         <load_address>0x9ff</load_address>
         <run_address>0x9ff</run_address>
         <size>0xfe</size>
         <input_file_ref idref="fl-86"/>
      </object_component>
      <object_component id="oc-50">
         <name>.debug_abbrev</name>
         <load_address>0xafd</load_address>
         <run_address>0xafd</run_address>
         <size>0x119</size>
         <input_file_ref idref="fl-87"/>
      </object_component>
      <object_component id="oc-53">
         <name>.debug_abbrev</name>
         <load_address>0xc16</load_address>
         <run_address>0xc16</run_address>
         <size>0x3a</size>
         <input_file_ref idref="fl-88"/>
      </object_component>
      <object_component id="oc-56">
         <name>.debug_abbrev</name>
         <load_address>0xc50</load_address>
         <run_address>0xc50</run_address>
         <size>0xe1</size>
         <input_file_ref idref="fl-89"/>
      </object_component>
      <object_component id="oc-59">
         <name>.debug_abbrev</name>
         <load_address>0xd31</load_address>
         <run_address>0xd31</run_address>
         <size>0x13f</size>
         <input_file_ref idref="fl-8a"/>
      </object_component>
      <object_component id="oc-5c">
         <name>.debug_abbrev</name>
         <load_address>0xe70</load_address>
         <run_address>0xe70</run_address>
         <size>0xdd</size>
         <input_file_ref idref="fl-8b"/>
      </object_component>
      <object_component id="oc-5f">
         <name>.debug_abbrev</name>
         <load_address>0xf4d</load_address>
         <run_address>0xf4d</run_address>
         <size>0x10c</size>
         <input_file_ref idref="fl-8c"/>
      </object_component>
      <object_component id="oc-62">
         <name>.debug_abbrev</name>
         <load_address>0x1059</load_address>
         <run_address>0x1059</run_address>
         <size>0xd5</size>
         <input_file_ref idref="fl-8d"/>
      </object_component>
      <object_component id="oc-93">
         <name>.debug_abbrev</name>
         <load_address>0x112e</load_address>
         <run_address>0x112e</run_address>
         <size>0xd</size>
      </object_component>
      <object_component id="oc-22">
         <name>.debug_frame</name>
         <load_address>0x0</load_address>
         <run_address>0x0</run_address>
         <size>0x307</size>
         <input_file_ref idref="fl-3"/>
      </object_component>
   </object_component_list>
   <logical_group_list>
      <logical_group id="lg-2">
         <name>vectors</name>
         <load_address>0x0</load_address>
         <run_address>0x0</run_address>
         <size>0x200</size>
         <contents>
            <object_component_ref idref="oc-19"/>
         </contents>
      </logical_group>
      <logical_group id="lg-3">
         <name>.text</name>
         <load_address>0x200</load_address>
         <run_address>0x200</run_address>
         <size>0x1c80</size>
         <contents>
            <object_component_ref idref="oc-25"/>
            <object_component_ref idref="oc-21"/>
            <object_component_ref idref="oc-2b"/>
            <object_component_ref idref="oc-6b"/>
            <object_component_ref idref="oc-6d"/>
            <object_component_ref idref="oc-70"/>
            <object_component_ref idref="oc-6f"/>
            <object_component_ref idref="oc-31"/>
            <object_component_ref idref="oc-68"/>
            <object_component_ref idref="oc-69"/>
            <object_component_ref idref="oc-63"/>
            <object_component_ref idref="oc-67"/>
            <object_component_ref idref="oc-65"/>
            <object_component_ref idref="oc-6a"/>
            <object_component_ref idref="oc-37"/>
            <object_component_ref idref="oc-71"/>
            <object_component_ref idref="oc-6c"/>
            <object_component_ref idref="oc-18"/>
            <object_component_ref idref="oc-64"/>
            <object_component_ref idref="oc-6e"/>
            <object_component_ref idref="oc-3d"/>
         </contents>
      </logical_group>
      <logical_group id="lg-4">
         <name>.stack</name>
         <run_address>0x2d28</run_address>
         <size>0x400</size>
         <contents>
            <object_component_ref idref="oc-49"/>
            <object_component_ref idref="oc-91"/>
         </contents>
      </logical_group>
      <logical_group id="lg-5">
         <name>.bss</name>
         <run_address>0x200</run_address>
         <size>0x0</size>
         <contents>
         </contents>
      </logical_group>
      <logical_group id="lg-6">
         <name>.cio</name>
         <run_address>0x0</run_address>
         <size>0x0</size>
         <contents>
         </contents>
      </logical_group>
      <logical_group id="lg-7">
         <name>.const</name>
         <load_address>0x267c</load_address>
         <run_address>0x267c</run_address>
         <size>0x6a8</size>
         <contents>
            <object_component_ref idref="oc-66"/>
            <object_component_ref idref="oc-2d"/>
            <object_component_ref idref="oc-27"/>
            <object_component_ref idref="oc-1f"/>
         </contents>
      </logical_group>
      <logical_group id="lg-8">
         <name>.data</name>
         <run_address>0x200</run_address>
         <size>0x0</size>
         <contents>
         </contents>
      </logical_group>
      <logical_group id="lg-9">
         <name>.switch</name>
         <run_address>0x0</run_address>
         <size>0x0</size>
         <contents>
         </contents>
      </logical_group>
      <logical_group id="lg-a">
         <name>.sysmem</name>
         <run_address>0x0</run_address>
         <size>0x0</size>
         <contents>
         </contents>
      </logical_group>
      <logical_group id="lg-b">
         <name>.far</name>
         <run_address>0x1e80</run_address>
         <size>0x7fc</size>
         <contents>
            <object_component_ref idref="oc-20"/>
            <object_component_ref idref="oc-26"/>
            <object_component_ref idref="oc-2c"/>
            <object_component_ref idref="oc-33"/>
            <object_component_ref idref="oc-39"/>
            <object_component_ref idref="oc-3f"/>
            <object_component_ref idref="oc-44"/>
            <object_component_ref idref="oc-4e"/>
         </contents>
      </logical_group>
      <logical_group id="lg-c">
         <name>.args</name>
         <run_address>0x0</run_address>
         <size>0x0</size>
         <contents>
         </contents>
      </logical_group>
      <logical_group id="lg-d">
         <name>.ppinfo</name>
         <run_address>0x0</run_address>
         <size>0x0</size>
         <contents>
         </contents>
      </logical_group>
      <logical_group id="lg-e">
         <name>.ppdata</name>
         <run_address>0x0</run_address>
         <size>0x0</size>
         <contents>
         </contents>
      </logical_group>
      <logical_group id="lg-f">
         <name>.pinit</name>
         <run_address>0x0</run_address>
         <size>0x0</size>
         <contents>
         </contents>
      </logical_group>
      <logical_group id="lg-10">
         <name>.cinit</name>
         <load_address>0x3128</load_address>
         <run_address>0x3128</run_address>
         <size>0x264</size>
         <contents>
            <object_component_ref idref="oc-3e"/>
            <object_component_ref idref="oc-43"/>
            <object_component_ref idref="oc-1e"/>
            <object_component_ref idref="oc-32"/>
            <object_component_ref idref="oc-4d"/>
            <object_component_ref idref="oc-38"/>
         </contents>
      </logical_group>
      <logical_group id="lg-11">
         <name>.binit</name>
         <run_address>0x0</run_address>
         <size>0x0</size>
         <contents>
         </contents>
      </logical_group>
      <logical_group id="lg-12">
         <name>.init_array</name>
         <run_address>0x0</run_address>
         <size>0x0</size>
         <contents>
         </contents>
      </logical_group>
      <logical_group id="lg-13">
         <name>.neardata</name>
         <run_address>0x0</run_address>
         <size>0x0</size>
         <contents>
         </contents>
      </logical_group>
      <logical_group id="lg-14">
         <name>.fardata</name>
         <run_address>0x0</run_address>
         <size>0x0</size>
         <contents>
         </contents>
      </logical_group>
      <logical_group id="lg-15">
         <name>.rodata</name>
         <run_address>0x0</run_address>
         <size>0x0</size>
         <contents>
         </contents>
      </logical_group>
      <logical_group id="lg-16">
         <name>.c6xabi.exidx</name>
         <run_address>0x0</run_address>
         <size>0x0</size>
         <contents>
         </contents>
      </logical_group>
      <logical_group id="lg-17">
         <name>.c6xabi.extab</name>
         <run_address>0x0</run_address>
         <size>0x0</size>
         <contents>
         </contents>
      </logical_group>
      <logical_group id="lg-88">
         <name>.debug_info</name>
         <load_address>0x0</load_address>
         <run_address>0x0</run_address>
         <size>0x779c</size>
         <contents>
            <object_component_ref idref="oc-1a"/>
            <object_component_ref idref="oc-1d"/>
            <object_component_ref idref="oc-29"/>
            <object_component_ref idref="oc-2f"/>
            <object_component_ref idref="oc-35"/>
            <object_component_ref idref="oc-3b"/>
            <object_component_ref idref="oc-41"/>
            <object_component_ref idref="oc-46"/>
            <object_component_ref idref="oc-48"/>
            <object_component_ref idref="oc-4c"/>
            <object_component_ref idref="oc-51"/>
            <object_component_ref idref="oc-54"/>
            <object_component_ref idref="oc-57"/>
            <object_component_ref idref="oc-5a"/>
            <object_component_ref idref="oc-5d"/>
            <object_component_ref idref="oc-60"/>
            <object_component_ref idref="oc-92"/>
         </contents>
      </logical_group>
      <logical_group id="lg-8a">
         <name>.debug_line</name>
         <load_address>0x0</load_address>
         <run_address>0x0</run_address>
         <size>0x755</size>
         <contents>
            <object_component_ref idref="oc-1b"/>
            <object_component_ref idref="oc-23"/>
            <object_component_ref idref="oc-2a"/>
            <object_component_ref idref="oc-30"/>
            <object_component_ref idref="oc-36"/>
            <object_component_ref idref="oc-3c"/>
            <object_component_ref idref="oc-42"/>
            <object_component_ref idref="oc-47"/>
            <object_component_ref idref="oc-4a"/>
            <object_component_ref idref="oc-4f"/>
            <object_component_ref idref="oc-52"/>
            <object_component_ref idref="oc-55"/>
            <object_component_ref idref="oc-58"/>
            <object_component_ref idref="oc-5b"/>
            <object_component_ref idref="oc-5e"/>
            <object_component_ref idref="oc-61"/>
         </contents>
      </logical_group>
      <logical_group id="lg-8c">
         <name>.debug_abbrev</name>
         <load_address>0x0</load_address>
         <run_address>0x0</run_address>
         <size>0x113b</size>
         <contents>
            <object_component_ref idref="oc-1c"/>
            <object_component_ref idref="oc-24"/>
            <object_component_ref idref="oc-28"/>
            <object_component_ref idref="oc-2e"/>
            <object_component_ref idref="oc-34"/>
            <object_component_ref idref="oc-3a"/>
            <object_component_ref idref="oc-40"/>
            <object_component_ref idref="oc-45"/>
            <object_component_ref idref="oc-4b"/>
            <object_component_ref idref="oc-50"/>
            <object_component_ref idref="oc-53"/>
            <object_component_ref idref="oc-56"/>
            <object_component_ref idref="oc-59"/>
            <object_component_ref idref="oc-5c"/>
            <object_component_ref idref="oc-5f"/>
            <object_component_ref idref="oc-62"/>
            <object_component_ref idref="oc-93"/>
         </contents>
      </logical_group>
      <logical_group id="lg-8e">
         <name>.debug_frame</name>
         <load_address>0x0</load_address>
         <run_address>0x0</run_address>
         <size>0x307</size>
         <contents>
            <object_component_ref idref="oc-22"/>
         </contents>
      </logical_group>
   </logical_group_list>
   <placement_map>
      <memory_area>
         <name>VECS</name>
         <page_id>0x0</page_id>
         <origin>0x0</origin>
         <length>0x200</length>
         <used_space>0x200</used_space>
         <unused_space>0x0</unused_space>
         <attributes>RWIX</attributes>
         <usage_details>
            <allocated_space>
               <start_address>0x0</start_address>
               <size>0x200</size>
               <logical_group_ref idref="lg-2"/>
            </allocated_space>
         </usage_details>
      </memory_area>
      <memory_area>
         <name>IRAM</name>
         <page_id>0x0</page_id>
         <origin>0x200</origin>
         <length>0x2fe00</length>
         <used_space>0x3188</used_space>
         <unused_space>0x2cc78</unused_space>
         <attributes>RWIX</attributes>
         <usage_details>
            <allocated_space>
               <start_address>0x200</start_address>
               <size>0x0</size>
               <logical_group_ref idref="lg-8"/>
            </allocated_space>
            <allocated_space>
               <start_address>0x200</start_address>
               <size>0x0</size>
               <logical_group_ref idref="lg-5"/>
            </allocated_space>
            <allocated_space>
               <start_address>0x200</start_address>
               <size>0x1c80</size>
               <logical_group_ref idref="lg-3"/>
            </allocated_space>
            <allocated_space>
               <start_address>0x1e80</start_address>
               <size>0x7fc</size>
               <logical_group_ref idref="lg-b"/>
            </allocated_space>
            <allocated_space>
               <start_address>0x267c</start_address>
               <size>0x6a8</size>
               <logical_group_ref idref="lg-7"/>
            </allocated_space>
            <available_space>
               <start_address>0x2d24</start_address>
               <size>0x4</size>
            </available_space>
            <allocated_space>
               <start_address>0x2d28</start_address>
               <size>0x400</size>
               <logical_group_ref idref="lg-4"/>
            </allocated_space>
            <allocated_space>
               <start_address>0x3128</start_address>
               <size>0x264</size>
               <logical_group_ref idref="lg-10"/>
            </allocated_space>
            <available_space>
               <start_address>0x338c</start_address>
               <size>0x2cc74</size>
            </available_space>
         </usage_details>
      </memory_area>
      <memory_area>
         <name>L2RAM</name>
         <page_id>0x0</page_id>
         <origin>0x30000</origin>
         <length>0x10000</length>
         <used_space>0x0</used_space>
         <unused_space>0x10000</unused_space>
         <attributes>RWIX</attributes>
         <usage_details>
         </usage_details>
      </memory_area>
      <memory_area>
         <name>EMIFCE0</name>
         <page_id>0x0</page_id>
         <origin>0x80000000</origin>
         <length>0x10000000</length>
         <used_space>0x0</used_space>
         <unused_space>0x10000000</unused_space>
         <attributes>RWIX</attributes>
         <usage_details>
         </usage_details>
      </memory_area>
      <memory_area>
         <name>EMIFCE1</name>
         <page_id>0x0</page_id>
         <origin>0x90000000</origin>
         <length>0x10000000</length>
         <used_space>0x0</used_space>
         <unused_space>0x10000000</unused_space>
         <attributes>RWIX</attributes>
         <usage_details>
         </usage_details>
      </memory_area>
      <memory_area>
         <name>EMIFCE2</name>
         <page_id>0x0</page_id>
         <origin>0xa0000000</origin>
         <length>0x10000000</length>
         <used_space>0x0</used_space>
         <unused_space>0x10000000</unused_space>
         <attributes>RWIX</attributes>
         <usage_details>
         </usage_details>
      </memory_area>
      <memory_area>
         <name>EMIFCE3</name>
         <page_id>0x0</page_id>
         <origin>0xb0000000</origin>
         <length>0x10000000</length>
         <used_space>0x0</used_space>
         <unused_space>0x10000000</unused_space>
         <attributes>RWIX</attributes>
         <usage_details>
         </usage_details>
      </memory_area>
   </placement_map>
   <symbol_table>
      <symbol id="sm-0">
         <name>cinit</name>
         <value>0x3128</value>
      </symbol>
      <symbol id="sm-1">
         <name>___cinit__</name>
         <value>0x3128</value>
      </symbol>
      <symbol id="sm-2">
         <name>pinit</name>
         <value>0xffffffff</value>
      </symbol>
      <symbol id="sm-3">
         <name>___pinit__</name>
         <value>0xffffffff</value>
      </symbol>
      <symbol id="sm-4">
         <name>binit</name>
         <value>0xffffffff</value>
      </symbol>
      <symbol id="sm-5">
         <name>___binit__</name>
         <value>0xffffffff</value>
      </symbol>
      <symbol id="sm-6">
         <name>__STACK_SIZE</name>
         <value>0x400</value>
      </symbol>
      <symbol id="sm-7">
         <name>__STACK_END</name>
         <value>0x3128</value>
      </symbol>
      <symbol id="sm-8">
         <name>___c_args__</name>
         <value>0xffffffff</value>
      </symbol>
      <symbol id="sm-9">
         <name>.text</name>
         <value>0x200</value>
      </symbol>
      <symbol id="sm-a">
         <name>___text__</name>
         <value>0x200</value>
      </symbol>
      <symbol id="sm-b">
         <name>etext</name>
         <value>0x1e80</value>
      </symbol>
      <symbol id="sm-c">
         <name>___etext__</name>
         <value>0x1e80</value>
      </symbol>
      <symbol id="sm-d">
         <name>.data</name>
         <value>0x200</value>
      </symbol>
      <symbol id="sm-e">
         <name>___data__</name>
         <value>0x200</value>
      </symbol>
      <symbol id="sm-f">
         <name>edata</name>
         <value>0x200</value>
      </symbol>
      <symbol id="sm-10">
         <name>___edata__</name>
         <value>0x200</value>
      </symbol>
      <symbol id="sm-11">
         <name>.bss</name>
         <value>0x200</value>
      </symbol>
      <symbol id="sm-12">
         <name>___bss__</name>
         <value>0x200</value>
      </symbol>
      <symbol id="sm-13">
         <name>end</name>
         <value>0x200</value>
      </symbol>
      <symbol id="sm-14">
         <name>___end__</name>
         <value>0x200</value>
      </symbol>
      <symbol id="sm-15">
         <name>___TI_pprof_out_hndl</name>
         <value>0xffffffff</value>
      </symbol>
      <symbol id="sm-16">
         <name>___TI_prof_data_start</name>
         <value>0xffffffff</value>
      </symbol>
      <symbol id="sm-17">
         <name>___TI_prof_data_size</name>
         <value>0xffffffff</value>
      </symbol>
      <symbol id="sm-18">
         <name>$bss</name>
         <value>0x200</value>
      </symbol>
      <symbol id="sm-86">
         <name>_serialPortRcvISR</name>
         <value>0x680</value>
         <object_component_ref idref="oc-21"/>
      </symbol>
      <symbol id="sm-87">
         <name>_main</name>
         <value>0xf40</value>
         <object_component_ref idref="oc-6d"/>
      </symbol>
      <symbol id="sm-88">
         <name>_config</name>
         <value>0x1e84</value>
         <object_component_ref idref="oc-20"/>
      </symbol>
      <symbol id="sm-89">
         <name>_hCodec</name>
         <value>0x1e80</value>
         <object_component_ref idref="oc-20"/>
      </symbol>
      <symbol id="sm-8a">
         <name>_BL</name>
         <value>0x2d20</value>
         <object_component_ref idref="oc-1f"/>
      </symbol>
      <symbol id="sm-8b">
         <name>_x</name>
         <value>0x1eac</value>
         <object_component_ref idref="oc-20"/>
      </symbol>
      <symbol id="sm-8c">
         <name>_n</name>
         <value>0x24f0</value>
         <object_component_ref idref="oc-20"/>
      </symbol>
      <symbol id="sm-8d">
         <name>_B</name>
         <value>0x267c</value>
         <object_component_ref idref="oc-66"/>
      </symbol>
      <symbol id="sm-9b">
         <name>_DSK6713_init</name>
         <value>0x24c</value>
         <object_component_ref idref="oc-25"/>
      </symbol>
      <symbol id="sm-9c">
         <name>_DSK6713_version</name>
         <value>0x24f2</value>
         <object_component_ref idref="oc-26"/>
      </symbol>
      <symbol id="sm-9d">
         <name>_DSK6713_rget</name>
         <value>0x568</value>
         <object_component_ref idref="oc-25"/>
      </symbol>
      <symbol id="sm-9e">
         <name>_DSK6713_wait</name>
         <value>0x590</value>
         <object_component_ref idref="oc-25"/>
      </symbol>
      <symbol id="sm-9f">
         <name>_DSK6713_rset</name>
         <value>0x57c</value>
         <object_component_ref idref="oc-25"/>
      </symbol>
      <symbol id="sm-a0">
         <name>_DSK6713_waitusec</name>
         <value>0x5e8</value>
         <object_component_ref idref="oc-25"/>
      </symbol>
      <symbol id="sm-a1">
         <name>_DSK6713_getVersion</name>
         <value>0x614</value>
         <object_component_ref idref="oc-25"/>
      </symbol>
      <symbol id="sm-af">
         <name>_DSK6713_AIC23_codeccontrolhandle</name>
         <value>0x2674</value>
         <object_component_ref idref="oc-2c"/>
      </symbol>
      <symbol id="sm-b0">
         <name>_DSK6713_AIC23_codecdatahandle</name>
         <value>0x2678</value>
         <object_component_ref idref="oc-2c"/>
      </symbol>
      <symbol id="sm-b1">
         <name>_DSK6713_AIC23_openCodec</name>
         <value>0xa00</value>
         <object_component_ref idref="oc-2b"/>
      </symbol>
      <symbol id="sm-bf">
         <name>_DSK6713_AIC23_config</name>
         <value>0x15a0</value>
         <object_component_ref idref="oc-31"/>
      </symbol>
      <symbol id="sm-c0">
         <name>_DSK6713_AIC23_rget</name>
         <value>0x1578</value>
         <object_component_ref idref="oc-31"/>
      </symbol>
      <symbol id="sm-c1">
         <name>_DSK6713_AIC23_rset</name>
         <value>0x14e0</value>
         <object_component_ref idref="oc-31"/>
      </symbol>
      <symbol id="sm-cf">
         <name>_DSK6713_AIC23_setFreq</name>
         <value>0x1ba0</value>
         <object_component_ref idref="oc-37"/>
      </symbol>
      <symbol id="sm-e1">
         <name>__IRQ_eventTable</name>
         <value>0x251c</value>
         <object_component_ref idref="oc-3f"/>
      </symbol>
      <symbol id="sm-e2">
         <name>__IRQ_intTable</name>
         <value>0x25a0</value>
         <object_component_ref idref="oc-3f"/>
      </symbol>
      <symbol id="sm-e3">
         <name>_IRQ_map</name>
         <value>0x1180</value>
         <object_component_ref idref="oc-70"/>
      </symbol>
      <symbol id="sm-e4">
         <name>__IRQ_dispatchTable</name>
         <value>0x25e0</value>
         <object_component_ref idref="oc-3f"/>
      </symbol>
      <symbol id="sm-e5">
         <name>__IRQ_hookFetchPacket</name>
         <value>0x1e60</value>
         <object_component_ref idref="oc-3d"/>
      </symbol>
      <symbol id="sm-f7">
         <name>_MCBSP_reset</name>
         <value>0x1340</value>
         <object_component_ref idref="oc-6f"/>
      </symbol>
      <symbol id="sm-f8">
         <name>_MCBSP_open</name>
         <value>0x1620</value>
         <object_component_ref idref="oc-68"/>
      </symbol>
      <symbol id="sm-f9">
         <name>__MCBSP_hDev0</name>
         <value>0x2618</value>
         <object_component_ref idref="oc-44"/>
      </symbol>
      <symbol id="sm-fa">
         <name>__MCBSP_hDev1</name>
         <value>0x261c</value>
         <object_component_ref idref="oc-44"/>
      </symbol>
      <symbol id="sm-fb">
         <name>_MCBSP_start</name>
         <value>0x1720</value>
         <object_component_ref idref="oc-69"/>
      </symbol>
      <symbol id="sm-107">
         <name>_c_int00</name>
         <value>0x1d80</value>
         <object_component_ref idref="oc-18"/>
      </symbol>
      <symbol id="sm-108">
         <name>__stack</name>
         <value>0x2d28</value>
         <object_component_ref idref="oc-49"/>
      </symbol>
      <symbol id="sm-118">
         <name>C$$EXIT</name>
         <value>0x1e40</value>
         <object_component_ref idref="oc-6e"/>
      </symbol>
      <symbol id="sm-119">
         <name>_exit</name>
         <value>0x1a00</value>
         <object_component_ref idref="oc-65"/>
      </symbol>
      <symbol id="sm-11a">
         <name>___TI_enable_exit_profile_output</name>
         <value>0x2670</value>
         <object_component_ref idref="oc-4e"/>
      </symbol>
      <symbol id="sm-11b">
         <name>_abort</name>
         <value>0x1e40</value>
         <object_component_ref idref="oc-6e"/>
      </symbol>
      <symbol id="sm-11c">
         <name>__cleanup_ptr</name>
         <value>0x2668</value>
         <object_component_ref idref="oc-4e"/>
      </symbol>
      <symbol id="sm-11d">
         <name>__dtors_ptr</name>
         <value>0x266c</value>
         <object_component_ref idref="oc-4e"/>
      </symbol>
      <symbol id="sm-125">
         <name>__strasg</name>
         <value>0x1920</value>
         <object_component_ref idref="oc-67"/>
      </symbol>
      <symbol id="sm-12f">
         <name>__args_main</name>
         <value>0x1e00</value>
         <object_component_ref idref="oc-64"/>
      </symbol>
      <symbol id="sm-130">
         <name>__TI_args_main</name>
         <value>0x1</value>
      </symbol>
      <symbol id="sm-13a">
         <name>__auto_init</name>
         <value>0x1820</value>
         <object_component_ref idref="oc-63"/>
      </symbol>
      <symbol id="sm-144">
         <name>___TI_cpp_init</name>
         <value>0x1d00</value>
         <object_component_ref idref="oc-6c"/>
      </symbol>
      <symbol id="sm-14e">
         <name>_copy_in</name>
         <value>0x1ae0</value>
         <object_component_ref idref="oc-6a"/>
      </symbol>
      <symbol id="sm-158">
         <name>_memcpy</name>
         <value>0xd00</value>
         <object_component_ref idref="oc-6b"/>
      </symbol>
   </symbol_table>
</link_info>
