<?xml version="1.0"?>
<link_info>
   <banner>TMS320C6x Linker PC v7.4.2</banner>
   <copyright>Copyright (c) 1996-2012 Texas Instruments Incorporated</copyright>
   <link_time>0x545143e3</link_time>
   <output_file>stereoloop.out</output_file>
   <entry_point>
      <name>_c_int00</name>
      <address>0x1a80</address>
   </entry_point>
   <input_file_list>
      <input_file id="fl-2">
         <path>.\</path>
         <kind>object</kind>
         <file>vectors.obj</file>
         <name>vectors.obj</name>
      </input_file>
      <input_file id="fl-3">
         <path>.\</path>
         <kind>object</kind>
         <file>stereoloop.obj</file>
         <name>stereoloop.obj</name>
      </input_file>
      <input_file id="fl-9">
         <path>C:\Program Files\Texas Instruments\C6xCSL\lib_3x\</path>
         <kind>archive</kind>
         <file>csl6713.lib</file>
         <name>csl_irq.obj</name>
      </input_file>
      <input_file id="fl-a">
         <path>C:\Program Files\Texas Instruments\C6xCSL\lib_3x\</path>
         <kind>archive</kind>
         <file>csl6713.lib</file>
         <name>csl_mcbsp.obj</name>
      </input_file>
      <input_file id="fl-b">
         <path>C:\Program Files\Texas Instruments\DSK6713\c6000\dsk6713\lib\</path>
         <kind>archive</kind>
         <file>dsk6713bsl.lib</file>
         <name>dsk6713.obj</name>
      </input_file>
      <input_file id="fl-c">
         <path>C:\Program Files\Texas Instruments\DSK6713\c6000\dsk6713\lib\</path>
         <kind>archive</kind>
         <file>dsk6713bsl.lib</file>
         <name>dsk6713_aic23_opencodec.obj</name>
      </input_file>
      <input_file id="fl-d">
         <path>C:\Program Files\Texas Instruments\DSK6713\c6000\dsk6713\lib\</path>
         <kind>archive</kind>
         <file>dsk6713bsl.lib</file>
         <name>dsk6713_aic23_registers.obj</name>
      </input_file>
      <input_file id="fl-e">
         <path>C:\Program Files\Texas Instruments\DSK6713\c6000\dsk6713\lib\</path>
         <kind>archive</kind>
         <file>dsk6713bsl.lib</file>
         <name>dsk6713_aic23_setfreq.obj</name>
      </input_file>
      <input_file id="fl-86">
         <path>C:\ti\ccsv5\tools\compiler\c6000_7.4.2\lib\</path>
         <kind>archive</kind>
         <file>rts6700.lib</file>
         <name>boot.obj</name>
      </input_file>
      <input_file id="fl-87">
         <path>C:\ti\ccsv5\tools\compiler\c6000_7.4.2\lib\</path>
         <kind>archive</kind>
         <file>rts6700.lib</file>
         <name>exit.obj</name>
      </input_file>
      <input_file id="fl-88">
         <path>C:\ti\ccsv5\tools\compiler\c6000_7.4.2\lib\</path>
         <kind>archive</kind>
         <file>rts6700.lib</file>
         <name>strasg.obj</name>
      </input_file>
      <input_file id="fl-89">
         <path>C:\ti\ccsv5\tools\compiler\c6000_7.4.2\lib\</path>
         <kind>archive</kind>
         <file>rts6700.lib</file>
         <name>args_main.obj</name>
      </input_file>
      <input_file id="fl-8a">
         <path>C:\ti\ccsv5\tools\compiler\c6000_7.4.2\lib\</path>
         <kind>archive</kind>
         <file>rts6700.lib</file>
         <name>autoinit.obj</name>
      </input_file>
      <input_file id="fl-8b">
         <path>C:\ti\ccsv5\tools\compiler\c6000_7.4.2\lib\</path>
         <kind>archive</kind>
         <file>rts6700.lib</file>
         <name>cpp_init.obj</name>
      </input_file>
      <input_file id="fl-8c">
         <path>C:\ti\ccsv5\tools\compiler\c6000_7.4.2\lib\</path>
         <kind>archive</kind>
         <file>rts6700.lib</file>
         <name>cpy_tbl.obj</name>
      </input_file>
      <input_file id="fl-8d">
         <path>C:\ti\ccsv5\tools\compiler\c6000_7.4.2\lib\</path>
         <kind>archive</kind>
         <file>rts6700.lib</file>
         <name>memcpy62.obj</name>
      </input_file>
   </input_file_list>
   <object_component_list>
      <object_component id="oc-19">
         <name>vectors</name>
         <load_address>0x0</load_address>
         <run_address>0x0</run_address>
         <size>0x200</size>
         <input_file_ref idref="fl-2"/>
      </object_component>
      <object_component id="oc-2f">
         <name>.text</name>
         <load_address>0x200</load_address>
         <run_address>0x200</run_address>
         <size>0x480</size>
         <input_file_ref idref="fl-b"/>
      </object_component>
      <object_component id="oc-35">
         <name>.text</name>
         <load_address>0x680</load_address>
         <run_address>0x680</run_address>
         <size>0x300</size>
         <input_file_ref idref="fl-c"/>
      </object_component>
      <object_component id="oc-6b">
         <name>.text:_memcpy</name>
         <load_address>0x980</load_address>
         <run_address>0x980</run_address>
         <size>0x240</size>
         <input_file_ref idref="fl-8d"/>
      </object_component>
      <object_component id="oc-72">
         <name>.text:_IRQ_map</name>
         <load_address>0xbc0</load_address>
         <run_address>0xbc0</run_address>
         <size>0x1c0</size>
         <input_file_ref idref="fl-9"/>
      </object_component>
      <object_component id="oc-6f">
         <name>.text:_MCBSP_reset</name>
         <load_address>0xd80</load_address>
         <run_address>0xd80</run_address>
         <size>0x1a0</size>
         <input_file_ref idref="fl-a"/>
      </object_component>
      <object_component id="oc-20">
         <name>.text:retain</name>
         <load_address>0xf20</load_address>
         <run_address>0xf20</run_address>
         <size>0x160</size>
         <input_file_ref idref="fl-3"/>
      </object_component>
      <object_component id="oc-6d">
         <name>.text</name>
         <load_address>0x1080</load_address>
         <run_address>0x1080</run_address>
         <size>0x160</size>
         <input_file_ref idref="fl-3"/>
      </object_component>
      <object_component id="oc-3b">
         <name>.text</name>
         <load_address>0x11e0</load_address>
         <run_address>0x11e0</run_address>
         <size>0x140</size>
         <input_file_ref idref="fl-d"/>
      </object_component>
      <object_component id="oc-68">
         <name>.text:_MCBSP_open</name>
         <load_address>0x1320</load_address>
         <run_address>0x1320</run_address>
         <size>0x100</size>
         <input_file_ref idref="fl-a"/>
      </object_component>
      <object_component id="oc-69">
         <name>.text:_MCBSP_start</name>
         <load_address>0x1420</load_address>
         <run_address>0x1420</run_address>
         <size>0x100</size>
         <input_file_ref idref="fl-a"/>
      </object_component>
      <object_component id="oc-62">
         <name>.text:__auto_init</name>
         <load_address>0x1520</load_address>
         <run_address>0x1520</run_address>
         <size>0x100</size>
         <input_file_ref idref="fl-8a"/>
      </object_component>
      <object_component id="oc-67">
         <name>.text:__strasg</name>
         <load_address>0x1620</load_address>
         <run_address>0x1620</run_address>
         <size>0xe0</size>
         <input_file_ref idref="fl-88"/>
      </object_component>
      <object_component id="oc-64">
         <name>.text:_exit</name>
         <load_address>0x1700</load_address>
         <run_address>0x1700</run_address>
         <size>0xe0</size>
         <input_file_ref idref="fl-87"/>
      </object_component>
      <object_component id="oc-6a">
         <name>.text:_copy_in</name>
         <load_address>0x17e0</load_address>
         <run_address>0x17e0</run_address>
         <size>0xc0</size>
         <input_file_ref idref="fl-8c"/>
      </object_component>
      <object_component id="oc-41">
         <name>.text</name>
         <load_address>0x18a0</load_address>
         <run_address>0x18a0</run_address>
         <size>0xc0</size>
         <input_file_ref idref="fl-e"/>
      </object_component>
      <object_component id="oc-75">
         <name>.text:_setMux</name>
         <load_address>0x1960</load_address>
         <run_address>0x1960</run_address>
         <size>0xa0</size>
         <input_file_ref idref="fl-9"/>
      </object_component>
      <object_component id="oc-6c">
         <name>.text:___TI_cpp_init</name>
         <load_address>0x1a00</load_address>
         <run_address>0x1a00</run_address>
         <size>0x80</size>
         <input_file_ref idref="fl-8b"/>
      </object_component>
      <object_component id="oc-18">
         <name>.text:_c_int00</name>
         <load_address>0x1a80</load_address>
         <run_address>0x1a80</run_address>
         <size>0x80</size>
         <input_file_ref idref="fl-86"/>
      </object_component>
      <object_component id="oc-73">
         <name>.text:_IRQ_enable</name>
         <load_address>0x1b00</load_address>
         <run_address>0x1b00</run_address>
         <size>0x40</size>
         <input_file_ref idref="fl-9"/>
      </object_component>
      <object_component id="oc-63">
         <name>.text:__args_main</name>
         <load_address>0x1b40</load_address>
         <run_address>0x1b40</run_address>
         <size>0x40</size>
         <input_file_ref idref="fl-89"/>
      </object_component>
      <object_component id="oc-70">
         <name>.text:_IRQ_globalDisable</name>
         <load_address>0x1b80</load_address>
         <run_address>0x1b80</run_address>
         <size>0x20</size>
         <input_file_ref idref="fl-9"/>
      </object_component>
      <object_component id="oc-74">
         <name>.text:_IRQ_globalEnable</name>
         <load_address>0x1ba0</load_address>
         <run_address>0x1ba0</run_address>
         <size>0x20</size>
         <input_file_ref idref="fl-9"/>
      </object_component>
      <object_component id="oc-71">
         <name>.text:_IRQ_nmiEnable</name>
         <load_address>0x1bc0</load_address>
         <run_address>0x1bc0</run_address>
         <size>0x20</size>
         <input_file_ref idref="fl-9"/>
      </object_component>
      <object_component id="oc-65">
         <name>.text:_MCBSP_read</name>
         <load_address>0x1be0</load_address>
         <run_address>0x1be0</run_address>
         <size>0x20</size>
         <input_file_ref idref="fl-a"/>
      </object_component>
      <object_component id="oc-66">
         <name>.text:_MCBSP_write</name>
         <load_address>0x1c00</load_address>
         <run_address>0x1c00</run_address>
         <size>0x20</size>
         <input_file_ref idref="fl-a"/>
      </object_component>
      <object_component id="oc-6e">
         <name>.text:_abort</name>
         <load_address>0x1c20</load_address>
         <run_address>0x1c20</run_address>
         <size>0x20</size>
         <input_file_ref idref="fl-87"/>
      </object_component>
      <object_component id="oc-24">
         <name>.text</name>
         <load_address>0x1c40</load_address>
         <run_address>0x1c40</run_address>
         <size>0x20</size>
         <input_file_ref idref="fl-9"/>
      </object_component>
      <object_component id="oc-48">
         <name>.stack</name>
         <uninitialized>true</uninitialized>
         <run_address>0x1c60</run_address>
         <size>0x8</size>
         <input_file_ref idref="fl-86"/>
      </object_component>
      <object_component id="oc-95">
         <name>.stack</name>
         <uninitialized>true</uninitialized>
         <run_address>0x1c60</run_address>
         <size>0x0</size>
      </object_component>
      <object_component id="oc-37">
         <name>.const</name>
         <load_address>0x245c</load_address>
         <run_address>0x245c</run_address>
         <size>0x40</size>
         <input_file_ref idref="fl-c"/>
      </object_component>
      <object_component id="oc-31">
         <name>.const</name>
         <load_address>0x249c</load_address>
         <run_address>0x249c</run_address>
         <size>0x20</size>
         <input_file_ref idref="fl-b"/>
      </object_component>
      <object_component id="oc-1f">
         <name>.far</name>
         <uninitialized>true</uninitialized>
         <run_address>0x23d0</run_address>
         <size>0x2c</size>
         <input_file_ref idref="fl-3"/>
      </object_component>
      <object_component id="oc-26">
         <name>.far</name>
         <uninitialized>true</uninitialized>
         <run_address>0x22a4</run_address>
         <size>0xf4</size>
         <input_file_ref idref="fl-9"/>
      </object_component>
      <object_component id="oc-2b">
         <name>.far</name>
         <uninitialized>true</uninitialized>
         <run_address>0x2398</run_address>
         <size>0x38</size>
         <input_file_ref idref="fl-a"/>
      </object_component>
      <object_component id="oc-30">
         <name>.far</name>
         <uninitialized>true</uninitialized>
         <run_address>0x2458</run_address>
         <size>0x2</size>
         <input_file_ref idref="fl-b"/>
      </object_component>
      <object_component id="oc-36">
         <name>.far</name>
         <uninitialized>true</uninitialized>
         <run_address>0x2450</run_address>
         <size>0x8</size>
         <input_file_ref idref="fl-c"/>
      </object_component>
      <object_component id="oc-3d">
         <name>.far</name>
         <uninitialized>true</uninitialized>
         <run_address>0x23fc</run_address>
         <size>0x28</size>
         <input_file_ref idref="fl-d"/>
      </object_component>
      <object_component id="oc-43">
         <name>.far</name>
         <uninitialized>true</uninitialized>
         <run_address>0x2424</run_address>
         <size>0x20</size>
         <input_file_ref idref="fl-e"/>
      </object_component>
      <object_component id="oc-4d">
         <name>.far</name>
         <uninitialized>true</uninitialized>
         <run_address>0x2444</run_address>
         <size>0xc</size>
         <input_file_ref idref="fl-87"/>
      </object_component>
      <object_component id="oc-25">
         <name>.cinit</name>
         <load_address>0x2060</load_address>
         <run_address>0x2060</run_address>
         <size>0x12c</size>
         <input_file_ref idref="fl-9"/>
      </object_component>
      <object_component id="oc-2a">
         <name>.cinit</name>
         <load_address>0x2190</load_address>
         <run_address>0x2190</run_address>
         <size>0x54</size>
         <input_file_ref idref="fl-a"/>
      </object_component>
      <object_component id="oc-3c">
         <name>.cinit</name>
         <load_address>0x21e8</load_address>
         <run_address>0x21e8</run_address>
         <size>0x30</size>
         <input_file_ref idref="fl-d"/>
      </object_component>
      <object_component id="oc-1e">
         <name>.cinit</name>
         <load_address>0x2218</load_address>
         <run_address>0x2218</run_address>
         <size>0x30</size>
         <input_file_ref idref="fl-3"/>
      </object_component>
      <object_component id="oc-4c">
         <name>.cinit</name>
         <load_address>0x2248</load_address>
         <run_address>0x2248</run_address>
         <size>0x2c</size>
         <input_file_ref idref="fl-87"/>
      </object_component>
      <object_component id="oc-42">
         <name>.cinit</name>
         <load_address>0x2278</load_address>
         <run_address>0x2278</run_address>
         <size>0x28</size>
         <input_file_ref idref="fl-e"/>
      </object_component>
      <object_component id="oc-1a">
         <name>.debug_info</name>
         <load_address>0x0</load_address>
         <run_address>0x0</run_address>
         <size>0xb6</size>
         <input_file_ref idref="fl-2"/>
      </object_component>
      <object_component id="oc-1d">
         <name>.debug_info</name>
         <load_address>0xb6</load_address>
         <run_address>0xb6</run_address>
         <size>0xb50</size>
         <input_file_ref idref="fl-3"/>
      </object_component>
      <object_component id="oc-28">
         <name>.debug_info</name>
         <load_address>0xc06</load_address>
         <run_address>0xc06</run_address>
         <size>0xc2b</size>
         <input_file_ref idref="fl-9"/>
      </object_component>
      <object_component id="oc-2d">
         <name>.debug_info</name>
         <load_address>0x1831</load_address>
         <run_address>0x1831</run_address>
         <size>0xc15</size>
         <input_file_ref idref="fl-a"/>
      </object_component>
      <object_component id="oc-33">
         <name>.debug_info</name>
         <load_address>0x2446</load_address>
         <run_address>0x2446</run_address>
         <size>0x8a7</size>
         <input_file_ref idref="fl-b"/>
      </object_component>
      <object_component id="oc-39">
         <name>.debug_info</name>
         <load_address>0x2ced</load_address>
         <run_address>0x2ced</run_address>
         <size>0x89f</size>
         <input_file_ref idref="fl-c"/>
      </object_component>
      <object_component id="oc-3f">
         <name>.debug_info</name>
         <load_address>0x358c</load_address>
         <run_address>0x358c</run_address>
         <size>0x929</size>
         <input_file_ref idref="fl-d"/>
      </object_component>
      <object_component id="oc-45">
         <name>.debug_info</name>
         <load_address>0x3eb5</load_address>
         <run_address>0x3eb5</run_address>
         <size>0x5b3</size>
         <input_file_ref idref="fl-e"/>
      </object_component>
      <object_component id="oc-47">
         <name>.debug_info</name>
         <load_address>0x4468</load_address>
         <run_address>0x4468</run_address>
         <size>0x711</size>
         <input_file_ref idref="fl-86"/>
      </object_component>
      <object_component id="oc-4b">
         <name>.debug_info</name>
         <load_address>0x4b79</load_address>
         <run_address>0x4b79</run_address>
         <size>0x809</size>
         <input_file_ref idref="fl-87"/>
      </object_component>
      <object_component id="oc-50">
         <name>.debug_info</name>
         <load_address>0x5382</load_address>
         <run_address>0x5382</run_address>
         <size>0xde</size>
         <input_file_ref idref="fl-88"/>
      </object_component>
      <object_component id="oc-53">
         <name>.debug_info</name>
         <load_address>0x5460</load_address>
         <run_address>0x5460</run_address>
         <size>0x6e7</size>
         <input_file_ref idref="fl-89"/>
      </object_component>
      <object_component id="oc-56">
         <name>.debug_info</name>
         <load_address>0x5b47</load_address>
         <run_address>0x5b47</run_address>
         <size>0x87b</size>
         <input_file_ref idref="fl-8a"/>
      </object_component>
      <object_component id="oc-59">
         <name>.debug_info</name>
         <load_address>0x63c2</load_address>
         <run_address>0x63c2</run_address>
         <size>0x6f3</size>
         <input_file_ref idref="fl-8b"/>
      </object_component>
      <object_component id="oc-5c">
         <name>.debug_info</name>
         <load_address>0x6ab5</load_address>
         <run_address>0x6ab5</run_address>
         <size>0x7e9</size>
         <input_file_ref idref="fl-8c"/>
      </object_component>
      <object_component id="oc-5f">
         <name>.debug_info</name>
         <load_address>0x729e</load_address>
         <run_address>0x729e</run_address>
         <size>0x7a0</size>
         <input_file_ref idref="fl-8d"/>
      </object_component>
      <object_component id="oc-96">
         <name>.debug_info</name>
         <load_address>0x7a3e</load_address>
         <run_address>0x7a3e</run_address>
         <size>0x6d</size>
      </object_component>
      <object_component id="oc-1b">
         <name>.debug_line</name>
         <load_address>0x0</load_address>
         <run_address>0x0</run_address>
         <size>0xb9</size>
         <input_file_ref idref="fl-2"/>
      </object_component>
      <object_component id="oc-22">
         <name>.debug_line</name>
         <load_address>0xb9</load_address>
         <run_address>0xb9</run_address>
         <size>0x6d</size>
         <input_file_ref idref="fl-3"/>
      </object_component>
      <object_component id="oc-29">
         <name>.debug_line</name>
         <load_address>0x126</load_address>
         <run_address>0x126</run_address>
         <size>0xf4</size>
         <input_file_ref idref="fl-9"/>
      </object_component>
      <object_component id="oc-2e">
         <name>.debug_line</name>
         <load_address>0x21a</load_address>
         <run_address>0x21a</run_address>
         <size>0xe9</size>
         <input_file_ref idref="fl-a"/>
      </object_component>
      <object_component id="oc-34">
         <name>.debug_line</name>
         <load_address>0x303</load_address>
         <run_address>0x303</run_address>
         <size>0xb2</size>
         <input_file_ref idref="fl-b"/>
      </object_component>
      <object_component id="oc-3a">
         <name>.debug_line</name>
         <load_address>0x3b5</load_address>
         <run_address>0x3b5</run_address>
         <size>0x4f</size>
         <input_file_ref idref="fl-c"/>
      </object_component>
      <object_component id="oc-40">
         <name>.debug_line</name>
         <load_address>0x404</load_address>
         <run_address>0x404</run_address>
         <size>0x7e</size>
         <input_file_ref idref="fl-d"/>
      </object_component>
      <object_component id="oc-46">
         <name>.debug_line</name>
         <load_address>0x482</load_address>
         <run_address>0x482</run_address>
         <size>0x52</size>
         <input_file_ref idref="fl-e"/>
      </object_component>
      <object_component id="oc-49">
         <name>.debug_line</name>
         <load_address>0x4d4</load_address>
         <run_address>0x4d4</run_address>
         <size>0x3d</size>
         <input_file_ref idref="fl-86"/>
      </object_component>
      <object_component id="oc-4e">
         <name>.debug_line</name>
         <load_address>0x511</load_address>
         <run_address>0x511</run_address>
         <size>0x4f</size>
         <input_file_ref idref="fl-87"/>
      </object_component>
      <object_component id="oc-51">
         <name>.debug_line</name>
         <load_address>0x560</load_address>
         <run_address>0x560</run_address>
         <size>0x48</size>
         <input_file_ref idref="fl-88"/>
      </object_component>
      <object_component id="oc-54">
         <name>.debug_line</name>
         <load_address>0x5a8</load_address>
         <run_address>0x5a8</run_address>
         <size>0x41</size>
         <input_file_ref idref="fl-89"/>
      </object_component>
      <object_component id="oc-57">
         <name>.debug_line</name>
         <load_address>0x5e9</load_address>
         <run_address>0x5e9</run_address>
         <size>0x47</size>
         <input_file_ref idref="fl-8a"/>
      </object_component>
      <object_component id="oc-5a">
         <name>.debug_line</name>
         <load_address>0x630</load_address>
         <run_address>0x630</run_address>
         <size>0x45</size>
         <input_file_ref idref="fl-8b"/>
      </object_component>
      <object_component id="oc-5d">
         <name>.debug_line</name>
         <load_address>0x675</load_address>
         <run_address>0x675</run_address>
         <size>0x44</size>
         <input_file_ref idref="fl-8c"/>
      </object_component>
      <object_component id="oc-60">
         <name>.debug_line</name>
         <load_address>0x6b9</load_address>
         <run_address>0x6b9</run_address>
         <size>0x4e</size>
         <input_file_ref idref="fl-8d"/>
      </object_component>
      <object_component id="oc-1c">
         <name>.debug_abbrev</name>
         <load_address>0x0</load_address>
         <run_address>0x0</run_address>
         <size>0x20</size>
         <input_file_ref idref="fl-2"/>
      </object_component>
      <object_component id="oc-23">
         <name>.debug_abbrev</name>
         <load_address>0x20</load_address>
         <run_address>0x20</run_address>
         <size>0x181</size>
         <input_file_ref idref="fl-3"/>
      </object_component>
      <object_component id="oc-27">
         <name>.debug_abbrev</name>
         <load_address>0x1a1</load_address>
         <run_address>0x1a1</run_address>
         <size>0x1b7</size>
         <input_file_ref idref="fl-9"/>
      </object_component>
      <object_component id="oc-2c">
         <name>.debug_abbrev</name>
         <load_address>0x358</load_address>
         <run_address>0x358</run_address>
         <size>0x1a3</size>
         <input_file_ref idref="fl-a"/>
      </object_component>
      <object_component id="oc-32">
         <name>.debug_abbrev</name>
         <load_address>0x4fb</load_address>
         <run_address>0x4fb</run_address>
         <size>0x196</size>
         <input_file_ref idref="fl-b"/>
      </object_component>
      <object_component id="oc-38">
         <name>.debug_abbrev</name>
         <load_address>0x691</load_address>
         <run_address>0x691</run_address>
         <size>0x126</size>
         <input_file_ref idref="fl-c"/>
      </object_component>
      <object_component id="oc-3e">
         <name>.debug_abbrev</name>
         <load_address>0x7b7</load_address>
         <run_address>0x7b7</run_address>
         <size>0x14e</size>
         <input_file_ref idref="fl-d"/>
      </object_component>
      <object_component id="oc-44">
         <name>.debug_abbrev</name>
         <load_address>0x905</load_address>
         <run_address>0x905</run_address>
         <size>0xf1</size>
         <input_file_ref idref="fl-e"/>
      </object_component>
      <object_component id="oc-4a">
         <name>.debug_abbrev</name>
         <load_address>0x9f6</load_address>
         <run_address>0x9f6</run_address>
         <size>0xfe</size>
         <input_file_ref idref="fl-86"/>
      </object_component>
      <object_component id="oc-4f">
         <name>.debug_abbrev</name>
         <load_address>0xaf4</load_address>
         <run_address>0xaf4</run_address>
         <size>0x119</size>
         <input_file_ref idref="fl-87"/>
      </object_component>
      <object_component id="oc-52">
         <name>.debug_abbrev</name>
         <load_address>0xc0d</load_address>
         <run_address>0xc0d</run_address>
         <size>0x3a</size>
         <input_file_ref idref="fl-88"/>
      </object_component>
      <object_component id="oc-55">
         <name>.debug_abbrev</name>
         <load_address>0xc47</load_address>
         <run_address>0xc47</run_address>
         <size>0xe1</size>
         <input_file_ref idref="fl-89"/>
      </object_component>
      <object_component id="oc-58">
         <name>.debug_abbrev</name>
         <load_address>0xd28</load_address>
         <run_address>0xd28</run_address>
         <size>0x13f</size>
         <input_file_ref idref="fl-8a"/>
      </object_component>
      <object_component id="oc-5b">
         <name>.debug_abbrev</name>
         <load_address>0xe67</load_address>
         <run_address>0xe67</run_address>
         <size>0xdd</size>
         <input_file_ref idref="fl-8b"/>
      </object_component>
      <object_component id="oc-5e">
         <name>.debug_abbrev</name>
         <load_address>0xf44</load_address>
         <run_address>0xf44</run_address>
         <size>0x10c</size>
         <input_file_ref idref="fl-8c"/>
      </object_component>
      <object_component id="oc-61">
         <name>.debug_abbrev</name>
         <load_address>0x1050</load_address>
         <run_address>0x1050</run_address>
         <size>0xd5</size>
         <input_file_ref idref="fl-8d"/>
      </object_component>
      <object_component id="oc-97">
         <name>.debug_abbrev</name>
         <load_address>0x1125</load_address>
         <run_address>0x1125</run_address>
         <size>0xd</size>
      </object_component>
      <object_component id="oc-21">
         <name>.debug_frame</name>
         <load_address>0x0</load_address>
         <run_address>0x0</run_address>
         <size>0x2d7</size>
         <input_file_ref idref="fl-3"/>
      </object_component>
   </object_component_list>
   <logical_group_list>
      <logical_group id="lg-2">
         <name>vectors</name>
         <load_address>0x0</load_address>
         <run_address>0x0</run_address>
         <size>0x200</size>
         <contents>
            <object_component_ref idref="oc-19"/>
         </contents>
      </logical_group>
      <logical_group id="lg-3">
         <name>.text</name>
         <load_address>0x200</load_address>
         <run_address>0x200</run_address>
         <size>0x1a60</size>
         <contents>
            <object_component_ref idref="oc-2f"/>
            <object_component_ref idref="oc-35"/>
            <object_component_ref idref="oc-6b"/>
            <object_component_ref idref="oc-72"/>
            <object_component_ref idref="oc-6f"/>
            <object_component_ref idref="oc-20"/>
            <object_component_ref idref="oc-6d"/>
            <object_component_ref idref="oc-3b"/>
            <object_component_ref idref="oc-68"/>
            <object_component_ref idref="oc-69"/>
            <object_component_ref idref="oc-62"/>
            <object_component_ref idref="oc-67"/>
            <object_component_ref idref="oc-64"/>
            <object_component_ref idref="oc-6a"/>
            <object_component_ref idref="oc-41"/>
            <object_component_ref idref="oc-75"/>
            <object_component_ref idref="oc-6c"/>
            <object_component_ref idref="oc-18"/>
            <object_component_ref idref="oc-73"/>
            <object_component_ref idref="oc-63"/>
            <object_component_ref idref="oc-70"/>
            <object_component_ref idref="oc-74"/>
            <object_component_ref idref="oc-71"/>
            <object_component_ref idref="oc-65"/>
            <object_component_ref idref="oc-66"/>
            <object_component_ref idref="oc-6e"/>
            <object_component_ref idref="oc-24"/>
         </contents>
      </logical_group>
      <logical_group id="lg-4">
         <name>.stack</name>
         <run_address>0x1c60</run_address>
         <size>0x400</size>
         <contents>
            <object_component_ref idref="oc-48"/>
            <object_component_ref idref="oc-95"/>
         </contents>
      </logical_group>
      <logical_group id="lg-5">
         <name>.bss</name>
         <run_address>0x200</run_address>
         <size>0x0</size>
         <contents>
         </contents>
      </logical_group>
      <logical_group id="lg-6">
         <name>.cio</name>
         <run_address>0x0</run_address>
         <size>0x0</size>
         <contents>
         </contents>
      </logical_group>
      <logical_group id="lg-7">
         <name>.const</name>
         <load_address>0x245c</load_address>
         <run_address>0x245c</run_address>
         <size>0x60</size>
         <contents>
            <object_component_ref idref="oc-37"/>
            <object_component_ref idref="oc-31"/>
         </contents>
      </logical_group>
      <logical_group id="lg-8">
         <name>.data</name>
         <run_address>0x200</run_address>
         <size>0x0</size>
         <contents>
         </contents>
      </logical_group>
      <logical_group id="lg-9">
         <name>.switch</name>
         <run_address>0x0</run_address>
         <size>0x0</size>
         <contents>
         </contents>
      </logical_group>
      <logical_group id="lg-a">
         <name>.sysmem</name>
         <run_address>0x0</run_address>
         <size>0x0</size>
         <contents>
         </contents>
      </logical_group>
      <logical_group id="lg-b">
         <name>.far</name>
         <run_address>0x22a4</run_address>
         <size>0x1b6</size>
         <contents>
            <object_component_ref idref="oc-1f"/>
            <object_component_ref idref="oc-26"/>
            <object_component_ref idref="oc-2b"/>
            <object_component_ref idref="oc-30"/>
            <object_component_ref idref="oc-36"/>
            <object_component_ref idref="oc-3d"/>
            <object_component_ref idref="oc-43"/>
            <object_component_ref idref="oc-4d"/>
         </contents>
      </logical_group>
      <logical_group id="lg-c">
         <name>.args</name>
         <run_address>0x0</run_address>
         <size>0x0</size>
         <contents>
         </contents>
      </logical_group>
      <logical_group id="lg-d">
         <name>.ppinfo</name>
         <run_address>0x0</run_address>
         <size>0x0</size>
         <contents>
         </contents>
      </logical_group>
      <logical_group id="lg-e">
         <name>.ppdata</name>
         <run_address>0x0</run_address>
         <size>0x0</size>
         <contents>
         </contents>
      </logical_group>
      <logical_group id="lg-f">
         <name>.pinit</name>
         <run_address>0x0</run_address>
         <size>0x0</size>
         <contents>
         </contents>
      </logical_group>
      <logical_group id="lg-10">
         <name>.cinit</name>
         <load_address>0x2060</load_address>
         <run_address>0x2060</run_address>
         <size>0x244</size>
         <contents>
            <object_component_ref idref="oc-25"/>
            <object_component_ref idref="oc-2a"/>
            <object_component_ref idref="oc-3c"/>
            <object_component_ref idref="oc-1e"/>
            <object_component_ref idref="oc-4c"/>
            <object_component_ref idref="oc-42"/>
         </contents>
      </logical_group>
      <logical_group id="lg-11">
         <name>.binit</name>
         <run_address>0x0</run_address>
         <size>0x0</size>
         <contents>
         </contents>
      </logical_group>
      <logical_group id="lg-12">
         <name>.init_array</name>
         <run_address>0x0</run_address>
         <size>0x0</size>
         <contents>
         </contents>
      </logical_group>
      <logical_group id="lg-13">
         <name>.neardata</name>
         <run_address>0x0</run_address>
         <size>0x0</size>
         <contents>
         </contents>
      </logical_group>
      <logical_group id="lg-14">
         <name>.fardata</name>
         <run_address>0x0</run_address>
         <size>0x0</size>
         <contents>
         </contents>
      </logical_group>
      <logical_group id="lg-15">
         <name>.rodata</name>
         <run_address>0x0</run_address>
         <size>0x0</size>
         <contents>
         </contents>
      </logical_group>
      <logical_group id="lg-16">
         <name>.c6xabi.exidx</name>
         <run_address>0x0</run_address>
         <size>0x0</size>
         <contents>
         </contents>
      </logical_group>
      <logical_group id="lg-17">
         <name>.c6xabi.extab</name>
         <run_address>0x0</run_address>
         <size>0x0</size>
         <contents>
         </contents>
      </logical_group>
      <logical_group id="lg-8c">
         <name>.debug_info</name>
         <load_address>0x0</load_address>
         <run_address>0x0</run_address>
         <size>0x7aab</size>
         <contents>
            <object_component_ref idref="oc-1a"/>
            <object_component_ref idref="oc-1d"/>
            <object_component_ref idref="oc-28"/>
            <object_component_ref idref="oc-2d"/>
            <object_component_ref idref="oc-33"/>
            <object_component_ref idref="oc-39"/>
            <object_component_ref idref="oc-3f"/>
            <object_component_ref idref="oc-45"/>
            <object_component_ref idref="oc-47"/>
            <object_component_ref idref="oc-4b"/>
            <object_component_ref idref="oc-50"/>
            <object_component_ref idref="oc-53"/>
            <object_component_ref idref="oc-56"/>
            <object_component_ref idref="oc-59"/>
            <object_component_ref idref="oc-5c"/>
            <object_component_ref idref="oc-5f"/>
            <object_component_ref idref="oc-96"/>
         </contents>
      </logical_group>
      <logical_group id="lg-8e">
         <name>.debug_line</name>
         <load_address>0x0</load_address>
         <run_address>0x0</run_address>
         <size>0x707</size>
         <contents>
            <object_component_ref idref="oc-1b"/>
            <object_component_ref idref="oc-22"/>
            <object_component_ref idref="oc-29"/>
            <object_component_ref idref="oc-2e"/>
            <object_component_ref idref="oc-34"/>
            <object_component_ref idref="oc-3a"/>
            <object_component_ref idref="oc-40"/>
            <object_component_ref idref="oc-46"/>
            <object_component_ref idref="oc-49"/>
            <object_component_ref idref="oc-4e"/>
            <object_component_ref idref="oc-51"/>
            <object_component_ref idref="oc-54"/>
            <object_component_ref idref="oc-57"/>
            <object_component_ref idref="oc-5a"/>
            <object_component_ref idref="oc-5d"/>
            <object_component_ref idref="oc-60"/>
         </contents>
      </logical_group>
      <logical_group id="lg-90">
         <name>.debug_abbrev</name>
         <load_address>0x0</load_address>
         <run_address>0x0</run_address>
         <size>0x1132</size>
         <contents>
            <object_component_ref idref="oc-1c"/>
            <object_component_ref idref="oc-23"/>
            <object_component_ref idref="oc-27"/>
            <object_component_ref idref="oc-2c"/>
            <object_component_ref idref="oc-32"/>
            <object_component_ref idref="oc-38"/>
            <object_component_ref idref="oc-3e"/>
            <object_component_ref idref="oc-44"/>
            <object_component_ref idref="oc-4a"/>
            <object_component_ref idref="oc-4f"/>
            <object_component_ref idref="oc-52"/>
            <object_component_ref idref="oc-55"/>
            <object_component_ref idref="oc-58"/>
            <object_component_ref idref="oc-5b"/>
            <object_component_ref idref="oc-5e"/>
            <object_component_ref idref="oc-61"/>
            <object_component_ref idref="oc-97"/>
         </contents>
      </logical_group>
      <logical_group id="lg-92">
         <name>.debug_frame</name>
         <load_address>0x0</load_address>
         <run_address>0x0</run_address>
         <size>0x2d7</size>
         <contents>
            <object_component_ref idref="oc-21"/>
         </contents>
      </logical_group>
   </logical_group_list>
   <placement_map>
      <memory_area>
         <name>VECS</name>
         <page_id>0x0</page_id>
         <origin>0x0</origin>
         <length>0x200</length>
         <used_space>0x200</used_space>
         <unused_space>0x0</unused_space>
         <attributes>RWIX</attributes>
         <usage_details>
            <allocated_space>
               <start_address>0x0</start_address>
               <size>0x200</size>
               <logical_group_ref idref="lg-2"/>
            </allocated_space>
         </usage_details>
      </memory_area>
      <memory_area>
         <name>IRAM</name>
         <page_id>0x0</page_id>
         <origin>0x200</origin>
         <length>0x2fe00</length>
         <used_space>0x22ba</used_space>
         <unused_space>0x2db46</unused_space>
         <attributes>RWIX</attributes>
         <usage_details>
            <allocated_space>
               <start_address>0x200</start_address>
               <size>0x0</size>
               <logical_group_ref idref="lg-8"/>
            </allocated_space>
            <allocated_space>
               <start_address>0x200</start_address>
               <size>0x0</size>
               <logical_group_ref idref="lg-5"/>
            </allocated_space>
            <allocated_space>
               <start_address>0x200</start_address>
               <size>0x1a60</size>
               <logical_group_ref idref="lg-3"/>
            </allocated_space>
            <allocated_space>
               <start_address>0x1c60</start_address>
               <size>0x400</size>
               <logical_group_ref idref="lg-4"/>
            </allocated_space>
            <allocated_space>
               <start_address>0x2060</start_address>
               <size>0x244</size>
               <logical_group_ref idref="lg-10"/>
            </allocated_space>
            <allocated_space>
               <start_address>0x22a4</start_address>
               <size>0x1b6</size>
               <logical_group_ref idref="lg-b"/>
            </allocated_space>
            <available_space>
               <start_address>0x245a</start_address>
               <size>0x2</size>
            </available_space>
            <allocated_space>
               <start_address>0x245c</start_address>
               <size>0x60</size>
               <logical_group_ref idref="lg-7"/>
            </allocated_space>
            <available_space>
               <start_address>0x24bc</start_address>
               <size>0x2db44</size>
            </available_space>
         </usage_details>
      </memory_area>
      <memory_area>
         <name>L2RAM</name>
         <page_id>0x0</page_id>
         <origin>0x30000</origin>
         <length>0x10000</length>
         <used_space>0x0</used_space>
         <unused_space>0x10000</unused_space>
         <attributes>RWIX</attributes>
         <usage_details>
         </usage_details>
      </memory_area>
      <memory_area>
         <name>EMIFCE0</name>
         <page_id>0x0</page_id>
         <origin>0x80000000</origin>
         <length>0x10000000</length>
         <used_space>0x0</used_space>
         <unused_space>0x10000000</unused_space>
         <attributes>RWIX</attributes>
         <usage_details>
         </usage_details>
      </memory_area>
      <memory_area>
         <name>EMIFCE1</name>
         <page_id>0x0</page_id>
         <origin>0x90000000</origin>
         <length>0x10000000</length>
         <used_space>0x0</used_space>
         <unused_space>0x10000000</unused_space>
         <attributes>RWIX</attributes>
         <usage_details>
         </usage_details>
      </memory_area>
      <memory_area>
         <name>EMIFCE2</name>
         <page_id>0x0</page_id>
         <origin>0xa0000000</origin>
         <length>0x10000000</length>
         <used_space>0x0</used_space>
         <unused_space>0x10000000</unused_space>
         <attributes>RWIX</attributes>
         <usage_details>
         </usage_details>
      </memory_area>
      <memory_area>
         <name>EMIFCE3</name>
         <page_id>0x0</page_id>
         <origin>0xb0000000</origin>
         <length>0x10000000</length>
         <used_space>0x0</used_space>
         <unused_space>0x10000000</unused_space>
         <attributes>RWIX</attributes>
         <usage_details>
         </usage_details>
      </memory_area>
   </placement_map>
   <symbol_table>
      <symbol id="sm-0">
         <name>cinit</name>
         <value>0x2060</value>
      </symbol>
      <symbol id="sm-1">
         <name>___cinit__</name>
         <value>0x2060</value>
      </symbol>
      <symbol id="sm-2">
         <name>pinit</name>
         <value>0xffffffff</value>
      </symbol>
      <symbol id="sm-3">
         <name>___pinit__</name>
         <value>0xffffffff</value>
      </symbol>
      <symbol id="sm-4">
         <name>binit</name>
         <value>0xffffffff</value>
      </symbol>
      <symbol id="sm-5">
         <name>___binit__</name>
         <value>0xffffffff</value>
      </symbol>
      <symbol id="sm-6">
         <name>__STACK_SIZE</name>
         <value>0x400</value>
      </symbol>
      <symbol id="sm-7">
         <name>__STACK_END</name>
         <value>0x2060</value>
      </symbol>
      <symbol id="sm-8">
         <name>___c_args__</name>
         <value>0xffffffff</value>
      </symbol>
      <symbol id="sm-9">
         <name>.text</name>
         <value>0x200</value>
      </symbol>
      <symbol id="sm-a">
         <name>___text__</name>
         <value>0x200</value>
      </symbol>
      <symbol id="sm-b">
         <name>etext</name>
         <value>0x1c60</value>
      </symbol>
      <symbol id="sm-c">
         <name>___etext__</name>
         <value>0x1c60</value>
      </symbol>
      <symbol id="sm-d">
         <name>.data</name>
         <value>0x200</value>
      </symbol>
      <symbol id="sm-e">
         <name>___data__</name>
         <value>0x200</value>
      </symbol>
      <symbol id="sm-f">
         <name>edata</name>
         <value>0x200</value>
      </symbol>
      <symbol id="sm-10">
         <name>___edata__</name>
         <value>0x200</value>
      </symbol>
      <symbol id="sm-11">
         <name>.bss</name>
         <value>0x200</value>
      </symbol>
      <symbol id="sm-12">
         <name>___bss__</name>
         <value>0x200</value>
      </symbol>
      <symbol id="sm-13">
         <name>end</name>
         <value>0x200</value>
      </symbol>
      <symbol id="sm-14">
         <name>___end__</name>
         <value>0x200</value>
      </symbol>
      <symbol id="sm-15">
         <name>___TI_pprof_out_hndl</name>
         <value>0xffffffff</value>
      </symbol>
      <symbol id="sm-16">
         <name>___TI_prof_data_start</name>
         <value>0xffffffff</value>
      </symbol>
      <symbol id="sm-17">
         <name>___TI_prof_data_size</name>
         <value>0xffffffff</value>
      </symbol>
      <symbol id="sm-18">
         <name>$bss</name>
         <value>0x200</value>
      </symbol>
      <symbol id="sm-80">
         <name>_serialPortRcvISR</name>
         <value>0xf20</value>
         <object_component_ref idref="oc-20"/>
      </symbol>
      <symbol id="sm-81">
         <name>_main</name>
         <value>0x1080</value>
         <object_component_ref idref="oc-6d"/>
      </symbol>
      <symbol id="sm-82">
         <name>_config</name>
         <value>0x23d4</value>
         <object_component_ref idref="oc-1f"/>
      </symbol>
      <symbol id="sm-83">
         <name>_hCodec</name>
         <value>0x23d0</value>
         <object_component_ref idref="oc-1f"/>
      </symbol>
      <symbol id="sm-9d">
         <name>__IRQ_eventTable</name>
         <value>0x22cc</value>
         <object_component_ref idref="oc-26"/>
      </symbol>
      <symbol id="sm-9e">
         <name>_IRQ_nmiEnable</name>
         <value>0x1bc0</value>
         <object_component_ref idref="oc-71"/>
      </symbol>
      <symbol id="sm-9f">
         <name>__IRQ_intTable</name>
         <value>0x2350</value>
         <object_component_ref idref="oc-26"/>
      </symbol>
      <symbol id="sm-a0">
         <name>_IRQ_globalEnable</name>
         <value>0x1ba0</value>
         <object_component_ref idref="oc-74"/>
      </symbol>
      <symbol id="sm-a1">
         <name>_IRQ_globalDisable</name>
         <value>0x1b80</value>
         <object_component_ref idref="oc-70"/>
      </symbol>
      <symbol id="sm-a2">
         <name>_IRQ_map</name>
         <value>0xbc0</value>
         <object_component_ref idref="oc-72"/>
      </symbol>
      <symbol id="sm-a3">
         <name>_IRQ_enable</name>
         <value>0x1b00</value>
         <object_component_ref idref="oc-73"/>
      </symbol>
      <symbol id="sm-a4">
         <name>__IRQ_dispatchTable</name>
         <value>0x2390</value>
         <object_component_ref idref="oc-26"/>
      </symbol>
      <symbol id="sm-a5">
         <name>__IRQ_hookFetchPacket</name>
         <value>0x1c40</value>
         <object_component_ref idref="oc-24"/>
      </symbol>
      <symbol id="sm-bb">
         <name>_MCBSP_reset</name>
         <value>0xd80</value>
         <object_component_ref idref="oc-6f"/>
      </symbol>
      <symbol id="sm-bc">
         <name>_MCBSP_read</name>
         <value>0x1be0</value>
         <object_component_ref idref="oc-65"/>
      </symbol>
      <symbol id="sm-bd">
         <name>_MCBSP_open</name>
         <value>0x1320</value>
         <object_component_ref idref="oc-68"/>
      </symbol>
      <symbol id="sm-be">
         <name>__MCBSP_hDev0</name>
         <value>0x23c8</value>
         <object_component_ref idref="oc-2b"/>
      </symbol>
      <symbol id="sm-bf">
         <name>__MCBSP_hDev1</name>
         <value>0x23cc</value>
         <object_component_ref idref="oc-2b"/>
      </symbol>
      <symbol id="sm-c0">
         <name>_MCBSP_start</name>
         <value>0x1420</value>
         <object_component_ref idref="oc-69"/>
      </symbol>
      <symbol id="sm-c1">
         <name>_MCBSP_write</name>
         <value>0x1c00</value>
         <object_component_ref idref="oc-66"/>
      </symbol>
      <symbol id="sm-cf">
         <name>_DSK6713_init</name>
         <value>0x24c</value>
         <object_component_ref idref="oc-2f"/>
      </symbol>
      <symbol id="sm-d0">
         <name>_DSK6713_version</name>
         <value>0x2458</value>
         <object_component_ref idref="oc-30"/>
      </symbol>
      <symbol id="sm-d1">
         <name>_DSK6713_rget</name>
         <value>0x568</value>
         <object_component_ref idref="oc-2f"/>
      </symbol>
      <symbol id="sm-d2">
         <name>_DSK6713_wait</name>
         <value>0x590</value>
         <object_component_ref idref="oc-2f"/>
      </symbol>
      <symbol id="sm-d3">
         <name>_DSK6713_rset</name>
         <value>0x57c</value>
         <object_component_ref idref="oc-2f"/>
      </symbol>
      <symbol id="sm-d4">
         <name>_DSK6713_waitusec</name>
         <value>0x5e8</value>
         <object_component_ref idref="oc-2f"/>
      </symbol>
      <symbol id="sm-d5">
         <name>_DSK6713_getVersion</name>
         <value>0x614</value>
         <object_component_ref idref="oc-2f"/>
      </symbol>
      <symbol id="sm-e3">
         <name>_DSK6713_AIC23_codeccontrolhandle</name>
         <value>0x2450</value>
         <object_component_ref idref="oc-36"/>
      </symbol>
      <symbol id="sm-e4">
         <name>_DSK6713_AIC23_codecdatahandle</name>
         <value>0x2454</value>
         <object_component_ref idref="oc-36"/>
      </symbol>
      <symbol id="sm-e5">
         <name>_DSK6713_AIC23_openCodec</name>
         <value>0x680</value>
         <object_component_ref idref="oc-35"/>
      </symbol>
      <symbol id="sm-f3">
         <name>_DSK6713_AIC23_config</name>
         <value>0x12a0</value>
         <object_component_ref idref="oc-3b"/>
      </symbol>
      <symbol id="sm-f4">
         <name>_DSK6713_AIC23_rget</name>
         <value>0x1278</value>
         <object_component_ref idref="oc-3b"/>
      </symbol>
      <symbol id="sm-f5">
         <name>_DSK6713_AIC23_rset</name>
         <value>0x11e0</value>
         <object_component_ref idref="oc-3b"/>
      </symbol>
      <symbol id="sm-103">
         <name>_DSK6713_AIC23_setFreq</name>
         <value>0x18a0</value>
         <object_component_ref idref="oc-41"/>
      </symbol>
      <symbol id="sm-10f">
         <name>_c_int00</name>
         <value>0x1a80</value>
         <object_component_ref idref="oc-18"/>
      </symbol>
      <symbol id="sm-110">
         <name>__stack</name>
         <value>0x1c60</value>
         <object_component_ref idref="oc-48"/>
      </symbol>
      <symbol id="sm-120">
         <name>C$$EXIT</name>
         <value>0x1c20</value>
         <object_component_ref idref="oc-6e"/>
      </symbol>
      <symbol id="sm-121">
         <name>_exit</name>
         <value>0x1700</value>
         <object_component_ref idref="oc-64"/>
      </symbol>
      <symbol id="sm-122">
         <name>___TI_enable_exit_profile_output</name>
         <value>0x244c</value>
         <object_component_ref idref="oc-4d"/>
      </symbol>
      <symbol id="sm-123">
         <name>_abort</name>
         <value>0x1c20</value>
         <object_component_ref idref="oc-6e"/>
      </symbol>
      <symbol id="sm-124">
         <name>__cleanup_ptr</name>
         <value>0x2444</value>
         <object_component_ref idref="oc-4d"/>
      </symbol>
      <symbol id="sm-125">
         <name>__dtors_ptr</name>
         <value>0x2448</value>
         <object_component_ref idref="oc-4d"/>
      </symbol>
      <symbol id="sm-12d">
         <name>__strasg</name>
         <value>0x1620</value>
         <object_component_ref idref="oc-67"/>
      </symbol>
      <symbol id="sm-137">
         <name>__args_main</name>
         <value>0x1b40</value>
         <object_component_ref idref="oc-63"/>
      </symbol>
      <symbol id="sm-138">
         <name>__TI_args_main</name>
         <value>0x1</value>
      </symbol>
      <symbol id="sm-142">
         <name>__auto_init</name>
         <value>0x1520</value>
         <object_component_ref idref="oc-62"/>
      </symbol>
      <symbol id="sm-14c">
         <name>___TI_cpp_init</name>
         <value>0x1a00</value>
         <object_component_ref idref="oc-6c"/>
      </symbol>
      <symbol id="sm-156">
         <name>_copy_in</name>
         <value>0x17e0</value>
         <object_component_ref idref="oc-6a"/>
      </symbol>
      <symbol id="sm-160">
         <name>_memcpy</name>
         <value>0x980</value>
         <object_component_ref idref="oc-6b"/>
      </symbol>
   </symbol_table>
</link_info>
