<?xml version="1.0"?>
<link_info>
   <banner>TMS320C6x Linker PC v7.4.2</banner>
   <copyright>Copyright (c) 1996-2012 Texas Instruments Incorporated</copyright>
   <link_time>0x548a818e</link_time>
   <output_file>attempt_2.out</output_file>
   <entry_point>
      <name>_c_int00</name>
      <address>0xbb80</address>
   </entry_point>
   <input_file_list>
      <input_file id="fl-2">
         <path>.\</path>
         <kind>object</kind>
         <file>vectors.obj</file>
         <name>vectors.obj</name>
      </input_file>
      <input_file id="fl-3">
         <path>.\</path>
         <kind>object</kind>
         <file>digitrev_index.obj</file>
         <name>digitrev_index.obj</name>
      </input_file>
      <input_file id="fl-4">
         <path>.\</path>
         <kind>object</kind>
         <file>cfftr2_dit.obj</file>
         <name>cfftr2_dit.obj</name>
      </input_file>
      <input_file id="fl-5">
         <path>.\</path>
         <kind>object</kind>
         <file>bitrev.obj</file>
         <name>bitrev.obj</name>
      </input_file>
      <input_file id="fl-6">
         <path>.\</path>
         <kind>object</kind>
         <file>attempt2.obj</file>
         <name>attempt2.obj</name>
      </input_file>
      <input_file id="fl-c">
         <path>C:\ti\DSK6713\c6000\dsk6713\lib\</path>
         <kind>archive</kind>
         <file>dsk6713bsl.lib</file>
         <name>dsk6713.obj</name>
      </input_file>
      <input_file id="fl-d">
         <path>C:\ti\DSK6713\c6000\dsk6713\lib\</path>
         <kind>archive</kind>
         <file>dsk6713bsl.lib</file>
         <name>dsk6713_aic23_opencodec.obj</name>
      </input_file>
      <input_file id="fl-e">
         <path>C:\ti\DSK6713\c6000\dsk6713\lib\</path>
         <kind>archive</kind>
         <file>dsk6713bsl.lib</file>
         <name>dsk6713_aic23_registers.obj</name>
      </input_file>
      <input_file id="fl-f">
         <path>C:\ti\DSK6713\c6000\dsk6713\lib\</path>
         <kind>archive</kind>
         <file>dsk6713bsl.lib</file>
         <name>dsk6713_aic23_setfreq.obj</name>
      </input_file>
      <input_file id="fl-10">
         <path>C:\ti\lib_3x\</path>
         <kind>archive</kind>
         <file>csl6713.lib</file>
         <name>csl_irq.obj</name>
      </input_file>
      <input_file id="fl-11">
         <path>C:\ti\lib_3x\</path>
         <kind>archive</kind>
         <file>csl6713.lib</file>
         <name>csl_mcbsp.obj</name>
      </input_file>
      <input_file id="fl-89">
         <path>C:\ti\ccsv5\tools\compiler\c6000_7.4.2\lib\</path>
         <kind>archive</kind>
         <file>rts6700.lib</file>
         <name>boot.obj</name>
      </input_file>
      <input_file id="fl-8a">
         <path>C:\ti\ccsv5\tools\compiler\c6000_7.4.2\lib\</path>
         <kind>archive</kind>
         <file>rts6700.lib</file>
         <name>cos.obj</name>
      </input_file>
      <input_file id="fl-8b">
         <path>C:\ti\ccsv5\tools\compiler\c6000_7.4.2\lib\</path>
         <kind>archive</kind>
         <file>rts6700.lib</file>
         <name>divf.obj</name>
      </input_file>
      <input_file id="fl-8c">
         <path>C:\ti\ccsv5\tools\compiler\c6000_7.4.2\lib\</path>
         <kind>archive</kind>
         <file>rts6700.lib</file>
         <name>divi.obj</name>
      </input_file>
      <input_file id="fl-8d">
         <path>C:\ti\ccsv5\tools\compiler\c6000_7.4.2\lib\</path>
         <kind>archive</kind>
         <file>rts6700.lib</file>
         <name>exit.obj</name>
      </input_file>
      <input_file id="fl-8e">
         <path>C:\ti\ccsv5\tools\compiler\c6000_7.4.2\lib\</path>
         <kind>archive</kind>
         <file>rts6700.lib</file>
         <name>modf.obj</name>
      </input_file>
      <input_file id="fl-8f">
         <path>C:\ti\ccsv5\tools\compiler\c6000_7.4.2\lib\</path>
         <kind>archive</kind>
         <file>rts6700.lib</file>
         <name>round.obj</name>
      </input_file>
      <input_file id="fl-90">
         <path>C:\ti\ccsv5\tools\compiler\c6000_7.4.2\lib\</path>
         <kind>archive</kind>
         <file>rts6700.lib</file>
         <name>sin.obj</name>
      </input_file>
      <input_file id="fl-91">
         <path>C:\ti\ccsv5\tools\compiler\c6000_7.4.2\lib\</path>
         <kind>archive</kind>
         <file>rts6700.lib</file>
         <name>strasg.obj</name>
      </input_file>
      <input_file id="fl-92">
         <path>C:\ti\ccsv5\tools\compiler\c6000_7.4.2\lib\</path>
         <kind>archive</kind>
         <file>rts6700.lib</file>
         <name>trunc.obj</name>
      </input_file>
      <input_file id="fl-93">
         <path>C:\ti\ccsv5\tools\compiler\c6000_7.4.2\lib\</path>
         <kind>archive</kind>
         <file>rts6700.lib</file>
         <name>args_main.obj</name>
      </input_file>
      <input_file id="fl-94">
         <path>C:\ti\ccsv5\tools\compiler\c6000_7.4.2\lib\</path>
         <kind>archive</kind>
         <file>rts6700.lib</file>
         <name>autoinit.obj</name>
      </input_file>
      <input_file id="fl-95">
         <path>C:\ti\ccsv5\tools\compiler\c6000_7.4.2\lib\</path>
         <kind>archive</kind>
         <file>rts6700.lib</file>
         <name>cpp_init.obj</name>
      </input_file>
      <input_file id="fl-96">
         <path>C:\ti\ccsv5\tools\compiler\c6000_7.4.2\lib\</path>
         <kind>archive</kind>
         <file>rts6700.lib</file>
         <name>cpy_tbl.obj</name>
      </input_file>
      <input_file id="fl-97">
         <path>C:\ti\ccsv5\tools\compiler\c6000_7.4.2\lib\</path>
         <kind>archive</kind>
         <file>rts6700.lib</file>
         <name>memcpy62.obj</name>
      </input_file>
   </input_file_list>
   <object_component_list>
      <object_component id="oc-19">
         <name>vectors</name>
         <load_address>0x0</load_address>
         <run_address>0x0</run_address>
         <size>0x200</size>
         <input_file_ref idref="fl-2"/>
      </object_component>
      <object_component id="oc-92">
         <name>.text</name>
         <load_address>0x7c60</load_address>
         <run_address>0x7c60</run_address>
         <size>0x1280</size>
         <input_file_ref idref="fl-6"/>
      </object_component>
      <object_component id="oc-2f">
         <name>.text</name>
         <load_address>0x8ee0</load_address>
         <run_address>0x8ee0</run_address>
         <size>0x480</size>
         <input_file_ref idref="fl-c"/>
      </object_component>
      <object_component id="oc-2b">
         <name>.text:retain</name>
         <load_address>0x9360</load_address>
         <run_address>0x9360</run_address>
         <size>0x3e0</size>
         <input_file_ref idref="fl-6"/>
      </object_component>
      <object_component id="oc-9b">
         <name>.text:_cos</name>
         <load_address>0x9740</load_address>
         <run_address>0x9740</run_address>
         <size>0x360</size>
         <input_file_ref idref="fl-8a"/>
      </object_component>
      <object_component id="oc-8a">
         <name>.text:__divf</name>
         <load_address>0x9aa0</load_address>
         <run_address>0x9aa0</run_address>
         <size>0x340</size>
         <input_file_ref idref="fl-8b"/>
      </object_component>
      <object_component id="oc-9c">
         <name>.text:_sin</name>
         <load_address>0x9de0</load_address>
         <run_address>0x9de0</run_address>
         <size>0x340</size>
         <input_file_ref idref="fl-90"/>
      </object_component>
      <object_component id="oc-35">
         <name>.text</name>
         <load_address>0xa120</load_address>
         <run_address>0xa120</run_address>
         <size>0x300</size>
         <input_file_ref idref="fl-d"/>
      </object_component>
      <object_component id="oc-21">
         <name>.text</name>
         <load_address>0xa420</load_address>
         <run_address>0xa420</run_address>
         <size>0x280</size>
         <input_file_ref idref="fl-4"/>
      </object_component>
      <object_component id="oc-90">
         <name>.text:_memcpy</name>
         <load_address>0xa6a0</load_address>
         <run_address>0xa6a0</run_address>
         <size>0x240</size>
         <input_file_ref idref="fl-97"/>
      </object_component>
      <object_component id="oc-9d">
         <name>.text</name>
         <load_address>0xa8e0</load_address>
         <run_address>0xa8e0</run_address>
         <size>0x240</size>
         <input_file_ref idref="fl-3"/>
      </object_component>
      <object_component id="oc-97">
         <name>.text:_IRQ_map</name>
         <load_address>0xab20</load_address>
         <run_address>0xab20</run_address>
         <size>0x1c0</size>
         <input_file_ref idref="fl-10"/>
      </object_component>
      <object_component id="oc-94">
         <name>.text:_MCBSP_reset</name>
         <load_address>0xace0</load_address>
         <run_address>0xace0</run_address>
         <size>0x1a0</size>
         <input_file_ref idref="fl-11"/>
      </object_component>
      <object_component id="oc-24">
         <name>.text</name>
         <load_address>0xae80</load_address>
         <run_address>0xae80</run_address>
         <size>0x1a0</size>
         <input_file_ref idref="fl-5"/>
      </object_component>
      <object_component id="oc-3b">
         <name>.text</name>
         <load_address>0xb020</load_address>
         <run_address>0xb020</run_address>
         <size>0x140</size>
         <input_file_ref idref="fl-e"/>
      </object_component>
      <object_component id="oc-a2">
         <name>.text:__divi</name>
         <load_address>0xb160</load_address>
         <run_address>0xb160</run_address>
         <size>0x120</size>
         <input_file_ref idref="fl-8c"/>
      </object_component>
      <object_component id="oc-8d">
         <name>.text:_MCBSP_open</name>
         <load_address>0xb280</load_address>
         <run_address>0xb280</run_address>
         <size>0x100</size>
         <input_file_ref idref="fl-11"/>
      </object_component>
      <object_component id="oc-8e">
         <name>.text:_MCBSP_start</name>
         <load_address>0xb380</load_address>
         <run_address>0xb380</run_address>
         <size>0x100</size>
         <input_file_ref idref="fl-11"/>
      </object_component>
      <object_component id="oc-86">
         <name>.text:__auto_init</name>
         <load_address>0xb480</load_address>
         <run_address>0xb480</run_address>
         <size>0x100</size>
         <input_file_ref idref="fl-94"/>
      </object_component>
      <object_component id="oc-8c">
         <name>.text:__strasg</name>
         <load_address>0xb580</load_address>
         <run_address>0xb580</run_address>
         <size>0xe0</size>
         <input_file_ref idref="fl-91"/>
      </object_component>
      <object_component id="oc-88">
         <name>.text:_exit</name>
         <load_address>0xb660</load_address>
         <run_address>0xb660</run_address>
         <size>0xe0</size>
         <input_file_ref idref="fl-8d"/>
      </object_component>
      <object_component id="oc-a1">
         <name>.text:_modf</name>
         <load_address>0xb740</load_address>
         <run_address>0xb740</run_address>
         <size>0xe0</size>
         <input_file_ref idref="fl-8e"/>
      </object_component>
      <object_component id="oc-a0">
         <name>.text:__nround</name>
         <load_address>0xb820</load_address>
         <run_address>0xb820</run_address>
         <size>0xc0</size>
         <input_file_ref idref="fl-8f"/>
      </object_component>
      <object_component id="oc-8f">
         <name>.text:_copy_in</name>
         <load_address>0xb8e0</load_address>
         <run_address>0xb8e0</run_address>
         <size>0xc0</size>
         <input_file_ref idref="fl-96"/>
      </object_component>
      <object_component id="oc-41">
         <name>.text</name>
         <load_address>0xb9a0</load_address>
         <run_address>0xb9a0</run_address>
         <size>0xc0</size>
         <input_file_ref idref="fl-f"/>
      </object_component>
      <object_component id="oc-9e">
         <name>.text:_setMux</name>
         <load_address>0xba60</load_address>
         <run_address>0xba60</run_address>
         <size>0xa0</size>
         <input_file_ref idref="fl-10"/>
      </object_component>
      <object_component id="oc-91">
         <name>.text:___TI_cpp_init</name>
         <load_address>0xbb00</load_address>
         <run_address>0xbb00</run_address>
         <size>0x80</size>
         <input_file_ref idref="fl-95"/>
      </object_component>
      <object_component id="oc-18">
         <name>.text:_c_int00</name>
         <load_address>0xbb80</load_address>
         <run_address>0xbb80</run_address>
         <size>0x80</size>
         <input_file_ref idref="fl-89"/>
      </object_component>
      <object_component id="oc-98">
         <name>.text:_IRQ_enable</name>
         <load_address>0xbc00</load_address>
         <run_address>0xbc00</run_address>
         <size>0x40</size>
         <input_file_ref idref="fl-10"/>
      </object_component>
      <object_component id="oc-87">
         <name>.text:__args_main</name>
         <load_address>0xbc40</load_address>
         <run_address>0xbc40</run_address>
         <size>0x40</size>
         <input_file_ref idref="fl-93"/>
      </object_component>
      <object_component id="oc-9f">
         <name>.text:__trunc</name>
         <load_address>0xbc80</load_address>
         <run_address>0xbc80</run_address>
         <size>0x40</size>
         <input_file_ref idref="fl-92"/>
      </object_component>
      <object_component id="oc-95">
         <name>.text:_IRQ_globalDisable</name>
         <load_address>0xbcc0</load_address>
         <run_address>0xbcc0</run_address>
         <size>0x20</size>
         <input_file_ref idref="fl-10"/>
      </object_component>
      <object_component id="oc-99">
         <name>.text:_IRQ_globalEnable</name>
         <load_address>0xbce0</load_address>
         <run_address>0xbce0</run_address>
         <size>0x20</size>
         <input_file_ref idref="fl-10"/>
      </object_component>
      <object_component id="oc-96">
         <name>.text:_IRQ_nmiEnable</name>
         <load_address>0xbd00</load_address>
         <run_address>0xbd00</run_address>
         <size>0x20</size>
         <input_file_ref idref="fl-10"/>
      </object_component>
      <object_component id="oc-89">
         <name>.text:_MCBSP_read</name>
         <load_address>0xbd20</load_address>
         <run_address>0xbd20</run_address>
         <size>0x20</size>
         <input_file_ref idref="fl-11"/>
      </object_component>
      <object_component id="oc-8b">
         <name>.text:_MCBSP_write</name>
         <load_address>0xbd40</load_address>
         <run_address>0xbd40</run_address>
         <size>0x20</size>
         <input_file_ref idref="fl-11"/>
      </object_component>
      <object_component id="oc-93">
         <name>.text:_abort</name>
         <load_address>0xbd60</load_address>
         <run_address>0xbd60</run_address>
         <size>0x20</size>
         <input_file_ref idref="fl-8d"/>
      </object_component>
      <object_component id="oc-47">
         <name>.text</name>
         <load_address>0xbd80</load_address>
         <run_address>0xbd80</run_address>
         <size>0x20</size>
         <input_file_ref idref="fl-10"/>
      </object_component>
      <object_component id="oc-53">
         <name>.stack</name>
         <uninitialized>true</uninitialized>
         <run_address>0xbda0</run_address>
         <size>0x8</size>
         <input_file_ref idref="fl-89"/>
      </object_component>
      <object_component id="oc-c2">
         <name>.stack</name>
         <uninitialized>true</uninitialized>
         <run_address>0xbda0</run_address>
         <size>0x0</size>
      </object_component>
      <object_component id="oc-9a">
         <name>.const:_B</name>
         <load_address>0xc5a4</load_address>
         <run_address>0xc5a4</run_address>
         <size>0x194</size>
         <input_file_ref idref="fl-6"/>
      </object_component>
      <object_component id="oc-37">
         <name>.const</name>
         <load_address>0xc738</load_address>
         <run_address>0xc738</run_address>
         <size>0x40</size>
         <input_file_ref idref="fl-d"/>
      </object_component>
      <object_component id="oc-31">
         <name>.const</name>
         <load_address>0xc778</load_address>
         <run_address>0xc778</run_address>
         <size>0x20</size>
         <input_file_ref idref="fl-c"/>
      </object_component>
      <object_component id="oc-29">
         <name>.const</name>
         <load_address>0xc798</load_address>
         <run_address>0xc798</run_address>
         <size>0x4</size>
         <input_file_ref idref="fl-6"/>
      </object_component>
      <object_component id="oc-2a">
         <name>.far</name>
         <uninitialized>true</uninitialized>
         <run_address>0x200</run_address>
         <size>0x7840</size>
         <input_file_ref idref="fl-6"/>
      </object_component>
      <object_component id="oc-30">
         <name>.far</name>
         <uninitialized>true</uninitialized>
         <run_address>0x7b34</run_address>
         <size>0x2</size>
         <input_file_ref idref="fl-c"/>
      </object_component>
      <object_component id="oc-36">
         <name>.far</name>
         <uninitialized>true</uninitialized>
         <run_address>0x7c44</run_address>
         <size>0x8</size>
         <input_file_ref idref="fl-d"/>
      </object_component>
      <object_component id="oc-3d">
         <name>.far</name>
         <uninitialized>true</uninitialized>
         <run_address>0x7bf0</run_address>
         <size>0x28</size>
         <input_file_ref idref="fl-e"/>
      </object_component>
      <object_component id="oc-43">
         <name>.far</name>
         <uninitialized>true</uninitialized>
         <run_address>0x7c18</run_address>
         <size>0x20</size>
         <input_file_ref idref="fl-f"/>
      </object_component>
      <object_component id="oc-49">
         <name>.far</name>
         <uninitialized>true</uninitialized>
         <run_address>0x7a40</run_address>
         <size>0xf4</size>
         <input_file_ref idref="fl-10"/>
      </object_component>
      <object_component id="oc-4e">
         <name>.far</name>
         <uninitialized>true</uninitialized>
         <run_address>0x7bb8</run_address>
         <size>0x38</size>
         <input_file_ref idref="fl-11"/>
      </object_component>
      <object_component id="oc-58">
         <name>.far</name>
         <uninitialized>true</uninitialized>
         <run_address>0x7b38</run_address>
         <size>0x40</size>
         <input_file_ref idref="fl-8a"/>
      </object_component>
      <object_component id="oc-63">
         <name>.far</name>
         <uninitialized>true</uninitialized>
         <run_address>0x7c38</run_address>
         <size>0xc</size>
         <input_file_ref idref="fl-8d"/>
      </object_component>
      <object_component id="oc-6e">
         <name>.far</name>
         <uninitialized>true</uninitialized>
         <run_address>0x7b78</run_address>
         <size>0x40</size>
         <input_file_ref idref="fl-90"/>
      </object_component>
      <object_component id="oc-28">
         <name>.cinit</name>
         <load_address>0xc1a0</load_address>
         <run_address>0xc1a0</run_address>
         <size>0x15c</size>
         <input_file_ref idref="fl-6"/>
      </object_component>
      <object_component id="oc-48">
         <name>.cinit</name>
         <load_address>0xc300</load_address>
         <run_address>0xc300</run_address>
         <size>0x12c</size>
         <input_file_ref idref="fl-10"/>
      </object_component>
      <object_component id="oc-4d">
         <name>.cinit</name>
         <load_address>0xc430</load_address>
         <run_address>0xc430</run_address>
         <size>0x54</size>
         <input_file_ref idref="fl-11"/>
      </object_component>
      <object_component id="oc-57">
         <name>.cinit</name>
         <load_address>0xc488</load_address>
         <run_address>0xc488</run_address>
         <size>0x48</size>
         <input_file_ref idref="fl-8a"/>
      </object_component>
      <object_component id="oc-6d">
         <name>.cinit</name>
         <load_address>0xc4d0</load_address>
         <run_address>0xc4d0</run_address>
         <size>0x48</size>
         <input_file_ref idref="fl-90"/>
      </object_component>
      <object_component id="oc-3c">
         <name>.cinit</name>
         <load_address>0xc518</load_address>
         <run_address>0xc518</run_address>
         <size>0x30</size>
         <input_file_ref idref="fl-e"/>
      </object_component>
      <object_component id="oc-62">
         <name>.cinit</name>
         <load_address>0xc548</load_address>
         <run_address>0xc548</run_address>
         <size>0x2c</size>
         <input_file_ref idref="fl-8d"/>
      </object_component>
      <object_component id="oc-42">
         <name>.cinit</name>
         <load_address>0xc578</load_address>
         <run_address>0xc578</run_address>
         <size>0x28</size>
         <input_file_ref idref="fl-f"/>
      </object_component>
      <object_component id="oc-1a">
         <name>.debug_info</name>
         <load_address>0x0</load_address>
         <run_address>0x0</run_address>
         <size>0xbd</size>
         <input_file_ref idref="fl-2"/>
      </object_component>
      <object_component id="oc-1d">
         <name>.debug_info</name>
         <load_address>0xbd</load_address>
         <run_address>0xbd</run_address>
         <size>0x89c</size>
         <input_file_ref idref="fl-3"/>
      </object_component>
      <object_component id="oc-22">
         <name>.debug_info</name>
         <load_address>0x959</load_address>
         <run_address>0x959</run_address>
         <size>0x5c5</size>
         <input_file_ref idref="fl-4"/>
      </object_component>
      <object_component id="oc-25">
         <name>.debug_info</name>
         <load_address>0xf1e</load_address>
         <run_address>0xf1e</run_address>
         <size>0x5c1</size>
         <input_file_ref idref="fl-5"/>
      </object_component>
      <object_component id="oc-27">
         <name>.debug_info</name>
         <load_address>0x14df</load_address>
         <run_address>0x14df</run_address>
         <size>0x16fa</size>
         <input_file_ref idref="fl-6"/>
      </object_component>
      <object_component id="oc-33">
         <name>.debug_info</name>
         <load_address>0x2bd9</load_address>
         <run_address>0x2bd9</run_address>
         <size>0x8a7</size>
         <input_file_ref idref="fl-c"/>
      </object_component>
      <object_component id="oc-39">
         <name>.debug_info</name>
         <load_address>0x3480</load_address>
         <run_address>0x3480</run_address>
         <size>0x89f</size>
         <input_file_ref idref="fl-d"/>
      </object_component>
      <object_component id="oc-3f">
         <name>.debug_info</name>
         <load_address>0x3d1f</load_address>
         <run_address>0x3d1f</run_address>
         <size>0x929</size>
         <input_file_ref idref="fl-e"/>
      </object_component>
      <object_component id="oc-45">
         <name>.debug_info</name>
         <load_address>0x4648</load_address>
         <run_address>0x4648</run_address>
         <size>0x5b3</size>
         <input_file_ref idref="fl-f"/>
      </object_component>
      <object_component id="oc-4b">
         <name>.debug_info</name>
         <load_address>0x4bfb</load_address>
         <run_address>0x4bfb</run_address>
         <size>0xc2b</size>
         <input_file_ref idref="fl-10"/>
      </object_component>
      <object_component id="oc-50">
         <name>.debug_info</name>
         <load_address>0x5826</load_address>
         <run_address>0x5826</run_address>
         <size>0xc15</size>
         <input_file_ref idref="fl-11"/>
      </object_component>
      <object_component id="oc-52">
         <name>.debug_info</name>
         <load_address>0x643b</load_address>
         <run_address>0x643b</run_address>
         <size>0x715</size>
         <input_file_ref idref="fl-89"/>
      </object_component>
      <object_component id="oc-56">
         <name>.debug_info</name>
         <load_address>0x6b50</load_address>
         <run_address>0x6b50</run_address>
         <size>0x729</size>
         <input_file_ref idref="fl-8a"/>
      </object_component>
      <object_component id="oc-5b">
         <name>.debug_info</name>
         <load_address>0x7279</load_address>
         <run_address>0x7279</run_address>
         <size>0x8d8</size>
         <input_file_ref idref="fl-8b"/>
      </object_component>
      <object_component id="oc-5e">
         <name>.debug_info</name>
         <load_address>0x7b51</load_address>
         <run_address>0x7b51</run_address>
         <size>0xdc</size>
         <input_file_ref idref="fl-8c"/>
      </object_component>
      <object_component id="oc-61">
         <name>.debug_info</name>
         <load_address>0x7c2d</load_address>
         <run_address>0x7c2d</run_address>
         <size>0x811</size>
         <input_file_ref idref="fl-8d"/>
      </object_component>
      <object_component id="oc-66">
         <name>.debug_info</name>
         <load_address>0x843e</load_address>
         <run_address>0x843e</run_address>
         <size>0x68a</size>
         <input_file_ref idref="fl-8e"/>
      </object_component>
      <object_component id="oc-69">
         <name>.debug_info</name>
         <load_address>0x8ac8</load_address>
         <run_address>0x8ac8</run_address>
         <size>0x65d</size>
         <input_file_ref idref="fl-8f"/>
      </object_component>
      <object_component id="oc-6c">
         <name>.debug_info</name>
         <load_address>0x9125</load_address>
         <run_address>0x9125</run_address>
         <size>0x729</size>
         <input_file_ref idref="fl-90"/>
      </object_component>
      <object_component id="oc-71">
         <name>.debug_info</name>
         <load_address>0x984e</load_address>
         <run_address>0x984e</run_address>
         <size>0xe2</size>
         <input_file_ref idref="fl-91"/>
      </object_component>
      <object_component id="oc-74">
         <name>.debug_info</name>
         <load_address>0x9930</load_address>
         <run_address>0x9930</run_address>
         <size>0x65b</size>
         <input_file_ref idref="fl-92"/>
      </object_component>
      <object_component id="oc-77">
         <name>.debug_info</name>
         <load_address>0x9f8b</load_address>
         <run_address>0x9f8b</run_address>
         <size>0x6eb</size>
         <input_file_ref idref="fl-93"/>
      </object_component>
      <object_component id="oc-7a">
         <name>.debug_info</name>
         <load_address>0xa676</load_address>
         <run_address>0xa676</run_address>
         <size>0x883</size>
         <input_file_ref idref="fl-94"/>
      </object_component>
      <object_component id="oc-7d">
         <name>.debug_info</name>
         <load_address>0xaef9</load_address>
         <run_address>0xaef9</run_address>
         <size>0x6fb</size>
         <input_file_ref idref="fl-95"/>
      </object_component>
      <object_component id="oc-80">
         <name>.debug_info</name>
         <load_address>0xb5f4</load_address>
         <run_address>0xb5f4</run_address>
         <size>0x7f1</size>
         <input_file_ref idref="fl-96"/>
      </object_component>
      <object_component id="oc-83">
         <name>.debug_info</name>
         <load_address>0xbde5</load_address>
         <run_address>0xbde5</run_address>
         <size>0x7ac</size>
         <input_file_ref idref="fl-97"/>
      </object_component>
      <object_component id="oc-c3">
         <name>.debug_info</name>
         <load_address>0xc591</load_address>
         <run_address>0xc591</run_address>
         <size>0x6d</size>
      </object_component>
      <object_component id="oc-1b">
         <name>.debug_line</name>
         <load_address>0x0</load_address>
         <run_address>0x0</run_address>
         <size>0xb9</size>
         <input_file_ref idref="fl-2"/>
      </object_component>
      <object_component id="oc-1f">
         <name>.debug_line</name>
         <load_address>0xb9</load_address>
         <run_address>0xb9</run_address>
         <size>0x81</size>
         <input_file_ref idref="fl-3"/>
      </object_component>
      <object_component id="oc-2d">
         <name>.debug_line</name>
         <load_address>0x13a</load_address>
         <run_address>0x13a</run_address>
         <size>0x325</size>
         <input_file_ref idref="fl-6"/>
      </object_component>
      <object_component id="oc-34">
         <name>.debug_line</name>
         <load_address>0x45f</load_address>
         <run_address>0x45f</run_address>
         <size>0xb2</size>
         <input_file_ref idref="fl-c"/>
      </object_component>
      <object_component id="oc-3a">
         <name>.debug_line</name>
         <load_address>0x511</load_address>
         <run_address>0x511</run_address>
         <size>0x4f</size>
         <input_file_ref idref="fl-d"/>
      </object_component>
      <object_component id="oc-40">
         <name>.debug_line</name>
         <load_address>0x560</load_address>
         <run_address>0x560</run_address>
         <size>0x7e</size>
         <input_file_ref idref="fl-e"/>
      </object_component>
      <object_component id="oc-46">
         <name>.debug_line</name>
         <load_address>0x5de</load_address>
         <run_address>0x5de</run_address>
         <size>0x52</size>
         <input_file_ref idref="fl-f"/>
      </object_component>
      <object_component id="oc-4c">
         <name>.debug_line</name>
         <load_address>0x630</load_address>
         <run_address>0x630</run_address>
         <size>0xf4</size>
         <input_file_ref idref="fl-10"/>
      </object_component>
      <object_component id="oc-51">
         <name>.debug_line</name>
         <load_address>0x724</load_address>
         <run_address>0x724</run_address>
         <size>0xe9</size>
         <input_file_ref idref="fl-11"/>
      </object_component>
      <object_component id="oc-54">
         <name>.debug_line</name>
         <load_address>0x80d</load_address>
         <run_address>0x80d</run_address>
         <size>0x3d</size>
         <input_file_ref idref="fl-89"/>
      </object_component>
      <object_component id="oc-59">
         <name>.debug_line</name>
         <load_address>0x84a</load_address>
         <run_address>0x84a</run_address>
         <size>0x54</size>
         <input_file_ref idref="fl-8a"/>
      </object_component>
      <object_component id="oc-5c">
         <name>.debug_line</name>
         <load_address>0x89e</load_address>
         <run_address>0x89e</run_address>
         <size>0x3c</size>
         <input_file_ref idref="fl-8b"/>
      </object_component>
      <object_component id="oc-5f">
         <name>.debug_line</name>
         <load_address>0x8da</load_address>
         <run_address>0x8da</run_address>
         <size>0x45</size>
         <input_file_ref idref="fl-8c"/>
      </object_component>
      <object_component id="oc-64">
         <name>.debug_line</name>
         <load_address>0x91f</load_address>
         <run_address>0x91f</run_address>
         <size>0x4f</size>
         <input_file_ref idref="fl-8d"/>
      </object_component>
      <object_component id="oc-67">
         <name>.debug_line</name>
         <load_address>0x96e</load_address>
         <run_address>0x96e</run_address>
         <size>0x37</size>
         <input_file_ref idref="fl-8e"/>
      </object_component>
      <object_component id="oc-6a">
         <name>.debug_line</name>
         <load_address>0x9a5</load_address>
         <run_address>0x9a5</run_address>
         <size>0x38</size>
         <input_file_ref idref="fl-8f"/>
      </object_component>
      <object_component id="oc-6f">
         <name>.debug_line</name>
         <load_address>0x9dd</load_address>
         <run_address>0x9dd</run_address>
         <size>0x54</size>
         <input_file_ref idref="fl-90"/>
      </object_component>
      <object_component id="oc-72">
         <name>.debug_line</name>
         <load_address>0xa31</load_address>
         <run_address>0xa31</run_address>
         <size>0x48</size>
         <input_file_ref idref="fl-91"/>
      </object_component>
      <object_component id="oc-75">
         <name>.debug_line</name>
         <load_address>0xa79</load_address>
         <run_address>0xa79</run_address>
         <size>0x38</size>
         <input_file_ref idref="fl-92"/>
      </object_component>
      <object_component id="oc-78">
         <name>.debug_line</name>
         <load_address>0xab1</load_address>
         <run_address>0xab1</run_address>
         <size>0x41</size>
         <input_file_ref idref="fl-93"/>
      </object_component>
      <object_component id="oc-7b">
         <name>.debug_line</name>
         <load_address>0xaf2</load_address>
         <run_address>0xaf2</run_address>
         <size>0x47</size>
         <input_file_ref idref="fl-94"/>
      </object_component>
      <object_component id="oc-7e">
         <name>.debug_line</name>
         <load_address>0xb39</load_address>
         <run_address>0xb39</run_address>
         <size>0x45</size>
         <input_file_ref idref="fl-95"/>
      </object_component>
      <object_component id="oc-81">
         <name>.debug_line</name>
         <load_address>0xb7e</load_address>
         <run_address>0xb7e</run_address>
         <size>0x44</size>
         <input_file_ref idref="fl-96"/>
      </object_component>
      <object_component id="oc-84">
         <name>.debug_line</name>
         <load_address>0xbc2</load_address>
         <run_address>0xbc2</run_address>
         <size>0x4e</size>
         <input_file_ref idref="fl-97"/>
      </object_component>
      <object_component id="oc-1c">
         <name>.debug_abbrev</name>
         <load_address>0x0</load_address>
         <run_address>0x0</run_address>
         <size>0x20</size>
         <input_file_ref idref="fl-2"/>
      </object_component>
      <object_component id="oc-20">
         <name>.debug_abbrev</name>
         <load_address>0x20</load_address>
         <run_address>0x20</run_address>
         <size>0xb9</size>
         <input_file_ref idref="fl-3"/>
      </object_component>
      <object_component id="oc-23">
         <name>.debug_abbrev</name>
         <load_address>0xd9</load_address>
         <run_address>0xd9</run_address>
         <size>0x34</size>
         <input_file_ref idref="fl-4"/>
      </object_component>
      <object_component id="oc-26">
         <name>.debug_abbrev</name>
         <load_address>0x10d</load_address>
         <run_address>0x10d</run_address>
         <size>0x34</size>
         <input_file_ref idref="fl-5"/>
      </object_component>
      <object_component id="oc-2e">
         <name>.debug_abbrev</name>
         <load_address>0x141</load_address>
         <run_address>0x141</run_address>
         <size>0x1d1</size>
         <input_file_ref idref="fl-6"/>
      </object_component>
      <object_component id="oc-32">
         <name>.debug_abbrev</name>
         <load_address>0x312</load_address>
         <run_address>0x312</run_address>
         <size>0x196</size>
         <input_file_ref idref="fl-c"/>
      </object_component>
      <object_component id="oc-38">
         <name>.debug_abbrev</name>
         <load_address>0x4a8</load_address>
         <run_address>0x4a8</run_address>
         <size>0x126</size>
         <input_file_ref idref="fl-d"/>
      </object_component>
      <object_component id="oc-3e">
         <name>.debug_abbrev</name>
         <load_address>0x5ce</load_address>
         <run_address>0x5ce</run_address>
         <size>0x14e</size>
         <input_file_ref idref="fl-e"/>
      </object_component>
      <object_component id="oc-44">
         <name>.debug_abbrev</name>
         <load_address>0x71c</load_address>
         <run_address>0x71c</run_address>
         <size>0xf1</size>
         <input_file_ref idref="fl-f"/>
      </object_component>
      <object_component id="oc-4a">
         <name>.debug_abbrev</name>
         <load_address>0x80d</load_address>
         <run_address>0x80d</run_address>
         <size>0x1b7</size>
         <input_file_ref idref="fl-10"/>
      </object_component>
      <object_component id="oc-4f">
         <name>.debug_abbrev</name>
         <load_address>0x9c4</load_address>
         <run_address>0x9c4</run_address>
         <size>0x1a3</size>
         <input_file_ref idref="fl-11"/>
      </object_component>
      <object_component id="oc-55">
         <name>.debug_abbrev</name>
         <load_address>0xb67</load_address>
         <run_address>0xb67</run_address>
         <size>0xfe</size>
         <input_file_ref idref="fl-89"/>
      </object_component>
      <object_component id="oc-5a">
         <name>.debug_abbrev</name>
         <load_address>0xc65</load_address>
         <run_address>0xc65</run_address>
         <size>0xcc</size>
         <input_file_ref idref="fl-8a"/>
      </object_component>
      <object_component id="oc-5d">
         <name>.debug_abbrev</name>
         <load_address>0xd31</load_address>
         <run_address>0xd31</run_address>
         <size>0xe7</size>
         <input_file_ref idref="fl-8b"/>
      </object_component>
      <object_component id="oc-60">
         <name>.debug_abbrev</name>
         <load_address>0xe18</load_address>
         <run_address>0xe18</run_address>
         <size>0x3a</size>
         <input_file_ref idref="fl-8c"/>
      </object_component>
      <object_component id="oc-65">
         <name>.debug_abbrev</name>
         <load_address>0xe52</load_address>
         <run_address>0xe52</run_address>
         <size>0x119</size>
         <input_file_ref idref="fl-8d"/>
      </object_component>
      <object_component id="oc-68">
         <name>.debug_abbrev</name>
         <load_address>0xf6b</load_address>
         <run_address>0xf6b</run_address>
         <size>0xa1</size>
         <input_file_ref idref="fl-8e"/>
      </object_component>
      <object_component id="oc-6b">
         <name>.debug_abbrev</name>
         <load_address>0x100c</load_address>
         <run_address>0x100c</run_address>
         <size>0xaf</size>
         <input_file_ref idref="fl-8f"/>
      </object_component>
      <object_component id="oc-70">
         <name>.debug_abbrev</name>
         <load_address>0x10bb</load_address>
         <run_address>0x10bb</run_address>
         <size>0xcc</size>
         <input_file_ref idref="fl-90"/>
      </object_component>
      <object_component id="oc-73">
         <name>.debug_abbrev</name>
         <load_address>0x1187</load_address>
         <run_address>0x1187</run_address>
         <size>0x3a</size>
         <input_file_ref idref="fl-91"/>
      </object_component>
      <object_component id="oc-76">
         <name>.debug_abbrev</name>
         <load_address>0x11c1</load_address>
         <run_address>0x11c1</run_address>
         <size>0xaf</size>
         <input_file_ref idref="fl-92"/>
      </object_component>
      <object_component id="oc-79">
         <name>.debug_abbrev</name>
         <load_address>0x1270</load_address>
         <run_address>0x1270</run_address>
         <size>0xe1</size>
         <input_file_ref idref="fl-93"/>
      </object_component>
      <object_component id="oc-7c">
         <name>.debug_abbrev</name>
         <load_address>0x1351</load_address>
         <run_address>0x1351</run_address>
         <size>0x13f</size>
         <input_file_ref idref="fl-94"/>
      </object_component>
      <object_component id="oc-7f">
         <name>.debug_abbrev</name>
         <load_address>0x1490</load_address>
         <run_address>0x1490</run_address>
         <size>0xdd</size>
         <input_file_ref idref="fl-95"/>
      </object_component>
      <object_component id="oc-82">
         <name>.debug_abbrev</name>
         <load_address>0x156d</load_address>
         <run_address>0x156d</run_address>
         <size>0x10c</size>
         <input_file_ref idref="fl-96"/>
      </object_component>
      <object_component id="oc-85">
         <name>.debug_abbrev</name>
         <load_address>0x1679</load_address>
         <run_address>0x1679</run_address>
         <size>0xd5</size>
         <input_file_ref idref="fl-97"/>
      </object_component>
      <object_component id="oc-c4">
         <name>.debug_abbrev</name>
         <load_address>0x174e</load_address>
         <run_address>0x174e</run_address>
         <size>0xd</size>
      </object_component>
      <object_component id="oc-1e">
         <name>.debug_frame</name>
         <load_address>0x0</load_address>
         <run_address>0x0</run_address>
         <size>0x25e</size>
         <input_file_ref idref="fl-3"/>
      </object_component>
      <object_component id="oc-2c">
         <name>.debug_frame</name>
         <load_address>0x25e</load_address>
         <run_address>0x25e</run_address>
         <size>0x2fc</size>
         <input_file_ref idref="fl-6"/>
      </object_component>
   </object_component_list>
   <logical_group_list>
      <logical_group id="lg-2">
         <name>vectors</name>
         <load_address>0x0</load_address>
         <run_address>0x0</run_address>
         <size>0x200</size>
         <contents>
            <object_component_ref idref="oc-19"/>
         </contents>
      </logical_group>
      <logical_group id="lg-3">
         <name>.text</name>
         <load_address>0x7c60</load_address>
         <run_address>0x7c60</run_address>
         <size>0x4140</size>
         <contents>
            <object_component_ref idref="oc-92"/>
            <object_component_ref idref="oc-2f"/>
            <object_component_ref idref="oc-2b"/>
            <object_component_ref idref="oc-9b"/>
            <object_component_ref idref="oc-8a"/>
            <object_component_ref idref="oc-9c"/>
            <object_component_ref idref="oc-35"/>
            <object_component_ref idref="oc-21"/>
            <object_component_ref idref="oc-90"/>
            <object_component_ref idref="oc-9d"/>
            <object_component_ref idref="oc-97"/>
            <object_component_ref idref="oc-94"/>
            <object_component_ref idref="oc-24"/>
            <object_component_ref idref="oc-3b"/>
            <object_component_ref idref="oc-a2"/>
            <object_component_ref idref="oc-8d"/>
            <object_component_ref idref="oc-8e"/>
            <object_component_ref idref="oc-86"/>
            <object_component_ref idref="oc-8c"/>
            <object_component_ref idref="oc-88"/>
            <object_component_ref idref="oc-a1"/>
            <object_component_ref idref="oc-a0"/>
            <object_component_ref idref="oc-8f"/>
            <object_component_ref idref="oc-41"/>
            <object_component_ref idref="oc-9e"/>
            <object_component_ref idref="oc-91"/>
            <object_component_ref idref="oc-18"/>
            <object_component_ref idref="oc-98"/>
            <object_component_ref idref="oc-87"/>
            <object_component_ref idref="oc-9f"/>
            <object_component_ref idref="oc-95"/>
            <object_component_ref idref="oc-99"/>
            <object_component_ref idref="oc-96"/>
            <object_component_ref idref="oc-89"/>
            <object_component_ref idref="oc-8b"/>
            <object_component_ref idref="oc-93"/>
            <object_component_ref idref="oc-47"/>
         </contents>
      </logical_group>
      <logical_group id="lg-4">
         <name>.stack</name>
         <run_address>0xbda0</run_address>
         <size>0x400</size>
         <contents>
            <object_component_ref idref="oc-53"/>
            <object_component_ref idref="oc-c2"/>
         </contents>
      </logical_group>
      <logical_group id="lg-5">
         <name>.bss</name>
         <run_address>0x200</run_address>
         <size>0x0</size>
         <contents>
         </contents>
      </logical_group>
      <logical_group id="lg-6">
         <name>.cio</name>
         <run_address>0x0</run_address>
         <size>0x0</size>
         <contents>
         </contents>
      </logical_group>
      <logical_group id="lg-7">
         <name>.const</name>
         <load_address>0xc5a4</load_address>
         <run_address>0xc5a4</run_address>
         <size>0x1f8</size>
         <contents>
            <object_component_ref idref="oc-9a"/>
            <object_component_ref idref="oc-37"/>
            <object_component_ref idref="oc-31"/>
            <object_component_ref idref="oc-29"/>
         </contents>
      </logical_group>
      <logical_group id="lg-8">
         <name>.data</name>
         <run_address>0x200</run_address>
         <size>0x0</size>
         <contents>
         </contents>
      </logical_group>
      <logical_group id="lg-9">
         <name>.switch</name>
         <run_address>0x0</run_address>
         <size>0x0</size>
         <contents>
         </contents>
      </logical_group>
      <logical_group id="lg-a">
         <name>.sysmem</name>
         <run_address>0x0</run_address>
         <size>0x0</size>
         <contents>
         </contents>
      </logical_group>
      <logical_group id="lg-b">
         <name>.far</name>
         <run_address>0x200</run_address>
         <size>0x7a4c</size>
         <contents>
            <object_component_ref idref="oc-2a"/>
            <object_component_ref idref="oc-30"/>
            <object_component_ref idref="oc-36"/>
            <object_component_ref idref="oc-3d"/>
            <object_component_ref idref="oc-43"/>
            <object_component_ref idref="oc-49"/>
            <object_component_ref idref="oc-4e"/>
            <object_component_ref idref="oc-58"/>
            <object_component_ref idref="oc-63"/>
            <object_component_ref idref="oc-6e"/>
         </contents>
      </logical_group>
      <logical_group id="lg-c">
         <name>.args</name>
         <run_address>0x0</run_address>
         <size>0x0</size>
         <contents>
         </contents>
      </logical_group>
      <logical_group id="lg-d">
         <name>.ppinfo</name>
         <run_address>0x0</run_address>
         <size>0x0</size>
         <contents>
         </contents>
      </logical_group>
      <logical_group id="lg-e">
         <name>.ppdata</name>
         <run_address>0x0</run_address>
         <size>0x0</size>
         <contents>
         </contents>
      </logical_group>
      <logical_group id="lg-f">
         <name>.pinit</name>
         <run_address>0x0</run_address>
         <size>0x0</size>
         <contents>
         </contents>
      </logical_group>
      <logical_group id="lg-10">
         <name>.cinit</name>
         <load_address>0xc1a0</load_address>
         <run_address>0xc1a0</run_address>
         <size>0x404</size>
         <contents>
            <object_component_ref idref="oc-28"/>
            <object_component_ref idref="oc-48"/>
            <object_component_ref idref="oc-4d"/>
            <object_component_ref idref="oc-57"/>
            <object_component_ref idref="oc-6d"/>
            <object_component_ref idref="oc-3c"/>
            <object_component_ref idref="oc-62"/>
            <object_component_ref idref="oc-42"/>
         </contents>
      </logical_group>
      <logical_group id="lg-11">
         <name>.binit</name>
         <run_address>0x0</run_address>
         <size>0x0</size>
         <contents>
         </contents>
      </logical_group>
      <logical_group id="lg-12">
         <name>.init_array</name>
         <run_address>0x0</run_address>
         <size>0x0</size>
         <contents>
         </contents>
      </logical_group>
      <logical_group id="lg-13">
         <name>.neardata</name>
         <run_address>0x0</run_address>
         <size>0x0</size>
         <contents>
         </contents>
      </logical_group>
      <logical_group id="lg-14">
         <name>.fardata</name>
         <run_address>0x0</run_address>
         <size>0x0</size>
         <contents>
         </contents>
      </logical_group>
      <logical_group id="lg-15">
         <name>.rodata</name>
         <run_address>0x0</run_address>
         <size>0x0</size>
         <contents>
         </contents>
      </logical_group>
      <logical_group id="lg-16">
         <name>.c6xabi.exidx</name>
         <run_address>0x0</run_address>
         <size>0x0</size>
         <contents>
         </contents>
      </logical_group>
      <logical_group id="lg-17">
         <name>.c6xabi.extab</name>
         <run_address>0x0</run_address>
         <size>0x0</size>
         <contents>
         </contents>
      </logical_group>
      <logical_group id="lg-b9">
         <name>.debug_info</name>
         <load_address>0x0</load_address>
         <run_address>0x0</run_address>
         <size>0xc5fe</size>
         <contents>
            <object_component_ref idref="oc-1a"/>
            <object_component_ref idref="oc-1d"/>
            <object_component_ref idref="oc-22"/>
            <object_component_ref idref="oc-25"/>
            <object_component_ref idref="oc-27"/>
            <object_component_ref idref="oc-33"/>
            <object_component_ref idref="oc-39"/>
            <object_component_ref idref="oc-3f"/>
            <object_component_ref idref="oc-45"/>
            <object_component_ref idref="oc-4b"/>
            <object_component_ref idref="oc-50"/>
            <object_component_ref idref="oc-52"/>
            <object_component_ref idref="oc-56"/>
            <object_component_ref idref="oc-5b"/>
            <object_component_ref idref="oc-5e"/>
            <object_component_ref idref="oc-61"/>
            <object_component_ref idref="oc-66"/>
            <object_component_ref idref="oc-69"/>
            <object_component_ref idref="oc-6c"/>
            <object_component_ref idref="oc-71"/>
            <object_component_ref idref="oc-74"/>
            <object_component_ref idref="oc-77"/>
            <object_component_ref idref="oc-7a"/>
            <object_component_ref idref="oc-7d"/>
            <object_component_ref idref="oc-80"/>
            <object_component_ref idref="oc-83"/>
            <object_component_ref idref="oc-c3"/>
         </contents>
      </logical_group>
      <logical_group id="lg-bb">
         <name>.debug_line</name>
         <load_address>0x0</load_address>
         <run_address>0x0</run_address>
         <size>0xc10</size>
         <contents>
            <object_component_ref idref="oc-1b"/>
            <object_component_ref idref="oc-1f"/>
            <object_component_ref idref="oc-2d"/>
            <object_component_ref idref="oc-34"/>
            <object_component_ref idref="oc-3a"/>
            <object_component_ref idref="oc-40"/>
            <object_component_ref idref="oc-46"/>
            <object_component_ref idref="oc-4c"/>
            <object_component_ref idref="oc-51"/>
            <object_component_ref idref="oc-54"/>
            <object_component_ref idref="oc-59"/>
            <object_component_ref idref="oc-5c"/>
            <object_component_ref idref="oc-5f"/>
            <object_component_ref idref="oc-64"/>
            <object_component_ref idref="oc-67"/>
            <object_component_ref idref="oc-6a"/>
            <object_component_ref idref="oc-6f"/>
            <object_component_ref idref="oc-72"/>
            <object_component_ref idref="oc-75"/>
            <object_component_ref idref="oc-78"/>
            <object_component_ref idref="oc-7b"/>
            <object_component_ref idref="oc-7e"/>
            <object_component_ref idref="oc-81"/>
            <object_component_ref idref="oc-84"/>
         </contents>
      </logical_group>
      <logical_group id="lg-bd">
         <name>.debug_abbrev</name>
         <load_address>0x0</load_address>
         <run_address>0x0</run_address>
         <size>0x175b</size>
         <contents>
            <object_component_ref idref="oc-1c"/>
            <object_component_ref idref="oc-20"/>
            <object_component_ref idref="oc-23"/>
            <object_component_ref idref="oc-26"/>
            <object_component_ref idref="oc-2e"/>
            <object_component_ref idref="oc-32"/>
            <object_component_ref idref="oc-38"/>
            <object_component_ref idref="oc-3e"/>
            <object_component_ref idref="oc-44"/>
            <object_component_ref idref="oc-4a"/>
            <object_component_ref idref="oc-4f"/>
            <object_component_ref idref="oc-55"/>
            <object_component_ref idref="oc-5a"/>
            <object_component_ref idref="oc-5d"/>
            <object_component_ref idref="oc-60"/>
            <object_component_ref idref="oc-65"/>
            <object_component_ref idref="oc-68"/>
            <object_component_ref idref="oc-6b"/>
            <object_component_ref idref="oc-70"/>
            <object_component_ref idref="oc-73"/>
            <object_component_ref idref="oc-76"/>
            <object_component_ref idref="oc-79"/>
            <object_component_ref idref="oc-7c"/>
            <object_component_ref idref="oc-7f"/>
            <object_component_ref idref="oc-82"/>
            <object_component_ref idref="oc-85"/>
            <object_component_ref idref="oc-c4"/>
         </contents>
      </logical_group>
      <logical_group id="lg-bf">
         <name>.debug_frame</name>
         <load_address>0x0</load_address>
         <run_address>0x0</run_address>
         <size>0x55a</size>
         <contents>
            <object_component_ref idref="oc-1e"/>
            <object_component_ref idref="oc-2c"/>
         </contents>
      </logical_group>
   </logical_group_list>
   <placement_map>
      <memory_area>
         <name>VECS</name>
         <page_id>0x0</page_id>
         <origin>0x0</origin>
         <length>0x200</length>
         <used_space>0x200</used_space>
         <unused_space>0x0</unused_space>
         <attributes>RWIX</attributes>
         <usage_details>
            <allocated_space>
               <start_address>0x0</start_address>
               <size>0x200</size>
               <logical_group_ref idref="lg-2"/>
            </allocated_space>
         </usage_details>
      </memory_area>
      <memory_area>
         <name>IRAM</name>
         <page_id>0x0</page_id>
         <origin>0x200</origin>
         <length>0x2fe00</length>
         <used_space>0xc588</used_space>
         <unused_space>0x23878</unused_space>
         <attributes>RWIX</attributes>
         <usage_details>
            <allocated_space>
               <start_address>0x200</start_address>
               <size>0x0</size>
               <logical_group_ref idref="lg-8"/>
            </allocated_space>
            <allocated_space>
               <start_address>0x200</start_address>
               <size>0x0</size>
               <logical_group_ref idref="lg-5"/>
            </allocated_space>
            <allocated_space>
               <start_address>0x200</start_address>
               <size>0x7a4c</size>
               <logical_group_ref idref="lg-b"/>
            </allocated_space>
            <available_space>
               <start_address>0x7c4c</start_address>
               <size>0x14</size>
            </available_space>
            <allocated_space>
               <start_address>0x7c60</start_address>
               <size>0x4140</size>
               <logical_group_ref idref="lg-3"/>
            </allocated_space>
            <allocated_space>
               <start_address>0xbda0</start_address>
               <size>0x400</size>
               <logical_group_ref idref="lg-4"/>
            </allocated_space>
            <allocated_space>
               <start_address>0xc1a0</start_address>
               <size>0x404</size>
               <logical_group_ref idref="lg-10"/>
            </allocated_space>
            <allocated_space>
               <start_address>0xc5a4</start_address>
               <size>0x1f8</size>
               <logical_group_ref idref="lg-7"/>
            </allocated_space>
            <available_space>
               <start_address>0xc79c</start_address>
               <size>0x23864</size>
            </available_space>
         </usage_details>
      </memory_area>
      <memory_area>
         <name>L2RAM</name>
         <page_id>0x0</page_id>
         <origin>0x30000</origin>
         <length>0x10000</length>
         <used_space>0x0</used_space>
         <unused_space>0x10000</unused_space>
         <attributes>RWIX</attributes>
         <usage_details>
         </usage_details>
      </memory_area>
      <memory_area>
         <name>EMIFCE0</name>
         <page_id>0x0</page_id>
         <origin>0x80000000</origin>
         <length>0x10000000</length>
         <used_space>0x0</used_space>
         <unused_space>0x10000000</unused_space>
         <attributes>RWIX</attributes>
         <usage_details>
         </usage_details>
      </memory_area>
      <memory_area>
         <name>EMIFCE1</name>
         <page_id>0x0</page_id>
         <origin>0x90000000</origin>
         <length>0x10000000</length>
         <used_space>0x0</used_space>
         <unused_space>0x10000000</unused_space>
         <attributes>RWIX</attributes>
         <usage_details>
         </usage_details>
      </memory_area>
      <memory_area>
         <name>EMIFCE2</name>
         <page_id>0x0</page_id>
         <origin>0xa0000000</origin>
         <length>0x10000000</length>
         <used_space>0x0</used_space>
         <unused_space>0x10000000</unused_space>
         <attributes>RWIX</attributes>
         <usage_details>
         </usage_details>
      </memory_area>
      <memory_area>
         <name>EMIFCE3</name>
         <page_id>0x0</page_id>
         <origin>0xb0000000</origin>
         <length>0x10000000</length>
         <used_space>0x0</used_space>
         <unused_space>0x10000000</unused_space>
         <attributes>RWIX</attributes>
         <usage_details>
         </usage_details>
      </memory_area>
   </placement_map>
   <symbol_table>
      <symbol id="sm-0">
         <name>cinit</name>
         <value>0xc1a0</value>
      </symbol>
      <symbol id="sm-1">
         <name>___cinit__</name>
         <value>0xc1a0</value>
      </symbol>
      <symbol id="sm-2">
         <name>pinit</name>
         <value>0xffffffff</value>
      </symbol>
      <symbol id="sm-3">
         <name>___pinit__</name>
         <value>0xffffffff</value>
      </symbol>
      <symbol id="sm-4">
         <name>binit</name>
         <value>0xffffffff</value>
      </symbol>
      <symbol id="sm-5">
         <name>___binit__</name>
         <value>0xffffffff</value>
      </symbol>
      <symbol id="sm-6">
         <name>__STACK_SIZE</name>
         <value>0x400</value>
      </symbol>
      <symbol id="sm-7">
         <name>__STACK_END</name>
         <value>0xc1a0</value>
      </symbol>
      <symbol id="sm-8">
         <name>___c_args__</name>
         <value>0xffffffff</value>
      </symbol>
      <symbol id="sm-9">
         <name>.text</name>
         <value>0x7c60</value>
      </symbol>
      <symbol id="sm-a">
         <name>___text__</name>
         <value>0x7c60</value>
      </symbol>
      <symbol id="sm-b">
         <name>etext</name>
         <value>0xbda0</value>
      </symbol>
      <symbol id="sm-c">
         <name>___etext__</name>
         <value>0xbda0</value>
      </symbol>
      <symbol id="sm-d">
         <name>.data</name>
         <value>0x200</value>
      </symbol>
      <symbol id="sm-e">
         <name>___data__</name>
         <value>0x200</value>
      </symbol>
      <symbol id="sm-f">
         <name>edata</name>
         <value>0x200</value>
      </symbol>
      <symbol id="sm-10">
         <name>___edata__</name>
         <value>0x200</value>
      </symbol>
      <symbol id="sm-11">
         <name>.bss</name>
         <value>0x200</value>
      </symbol>
      <symbol id="sm-12">
         <name>___bss__</name>
         <value>0x200</value>
      </symbol>
      <symbol id="sm-13">
         <name>end</name>
         <value>0x200</value>
      </symbol>
      <symbol id="sm-14">
         <name>___end__</name>
         <value>0x200</value>
      </symbol>
      <symbol id="sm-15">
         <name>___TI_pprof_out_hndl</name>
         <value>0xffffffff</value>
      </symbol>
      <symbol id="sm-16">
         <name>___TI_prof_data_start</name>
         <value>0xffffffff</value>
      </symbol>
      <symbol id="sm-17">
         <name>___TI_prof_data_size</name>
         <value>0xffffffff</value>
      </symbol>
      <symbol id="sm-18">
         <name>$bss</name>
         <value>0x200</value>
      </symbol>
      <symbol id="sm-7e">
         <name>_digitrev_index</name>
         <value>0xa8e0</value>
         <object_component_ref idref="oc-9d"/>
      </symbol>
      <symbol id="sm-84">
         <name>_cfftr2_dit</name>
         <value>0xa420</value>
         <object_component_ref idref="oc-21"/>
      </symbol>
      <symbol id="sm-8a">
         <name>_bitrev</name>
         <value>0xae80</value>
         <object_component_ref idref="oc-24"/>
      </symbol>
      <symbol id="sm-13a">
         <name>_serialPortRcvISR</name>
         <value>0x9360</value>
         <object_component_ref idref="oc-2b"/>
      </symbol>
      <symbol id="sm-13b">
         <name>_main</name>
         <value>0x7c60</value>
         <object_component_ref idref="oc-92"/>
      </symbol>
      <symbol id="sm-13c">
         <name>_pingFlag</name>
         <value>0x22c</value>
         <object_component_ref idref="oc-2a"/>
      </symbol>
      <symbol id="sm-13d">
         <name>_lflag</name>
         <value>0x83c</value>
         <object_component_ref idref="oc-2a"/>
      </symbol>
      <symbol id="sm-13e">
         <name>_init</name>
         <value>0x8808</value>
         <object_component_ref idref="oc-92"/>
      </symbol>
      <symbol id="sm-13f">
         <name>_pingIndex</name>
         <value>0x230</value>
         <object_component_ref idref="oc-2a"/>
      </symbol>
      <symbol id="sm-140">
         <name>_config</name>
         <value>0x204</value>
         <object_component_ref idref="oc-2a"/>
      </symbol>
      <symbol id="sm-141">
         <name>_pongFlag</name>
         <value>0x22d</value>
         <object_component_ref idref="oc-2a"/>
      </symbol>
      <symbol id="sm-142">
         <name>_hCodec</name>
         <value>0x200</value>
         <object_component_ref idref="oc-2a"/>
      </symbol>
      <symbol id="sm-143">
         <name>_DELTA</name>
         <value>0x238</value>
         <object_component_ref idref="oc-2a"/>
      </symbol>
      <symbol id="sm-144">
         <name>_stahp</name>
         <value>0x1850</value>
         <object_component_ref idref="oc-2a"/>
      </symbol>
      <symbol id="sm-145">
         <name>_PING</name>
         <value>0x5550</value>
         <object_component_ref idref="oc-2a"/>
      </symbol>
      <symbol id="sm-146">
         <name>_ix</name>
         <value>0x43c</value>
         <object_component_ref idref="oc-2a"/>
      </symbol>
      <symbol id="sm-147">
         <name>_iw</name>
         <value>0x23c</value>
         <object_component_ref idref="oc-2a"/>
      </symbol>
      <symbol id="sm-148">
         <name>_in</name>
         <value>0x844</value>
         <object_component_ref idref="oc-2a"/>
      </symbol>
      <symbol id="sm-149">
         <name>_BL</name>
         <value>0xc798</value>
         <object_component_ref idref="oc-29"/>
      </symbol>
      <symbol id="sm-14a">
         <name>_outputPONG</name>
         <value>0x1858</value>
         <object_component_ref idref="oc-2a"/>
      </symbol>
      <symbol id="sm-14b">
         <name>_pongIndex</name>
         <value>0x234</value>
         <object_component_ref idref="oc-2a"/>
      </symbol>
      <symbol id="sm-14c">
         <name>_pongU</name>
         <value>0x3540</value>
         <object_component_ref idref="oc-2a"/>
      </symbol>
      <symbol id="sm-14d">
         <name>_pingU</name>
         <value>0x2538</value>
         <object_component_ref idref="oc-2a"/>
      </symbol>
      <symbol id="sm-14e">
         <name>_out</name>
         <value>0x848</value>
         <object_component_ref idref="oc-2a"/>
      </symbol>
      <symbol id="sm-14f">
         <name>_PONG</name>
         <value>0x6238</value>
         <object_component_ref idref="oc-2a"/>
      </symbol>
      <symbol id="sm-150">
         <name>_w</name>
         <value>0x6f20</value>
         <object_component_ref idref="oc-2a"/>
      </symbol>
      <symbol id="sm-151">
         <name>_n</name>
         <value>0x840</value>
         <object_component_ref idref="oc-2a"/>
      </symbol>
      <symbol id="sm-152">
         <name>_h</name>
         <value>0x850</value>
         <object_component_ref idref="oc-2a"/>
      </symbol>
      <symbol id="sm-153">
         <name>_e</name>
         <value>0x6f18</value>
         <object_component_ref idref="oc-2a"/>
      </symbol>
      <symbol id="sm-154">
         <name>_d</name>
         <value>0x6230</value>
         <object_component_ref idref="oc-2a"/>
      </symbol>
      <symbol id="sm-155">
         <name>_c</name>
         <value>0x5548</value>
         <object_component_ref idref="oc-2a"/>
      </symbol>
      <symbol id="sm-156">
         <name>_b</name>
         <value>0x4540</value>
         <object_component_ref idref="oc-2a"/>
      </symbol>
      <symbol id="sm-157">
         <name>_a</name>
         <value>0x3538</value>
         <object_component_ref idref="oc-2a"/>
      </symbol>
      <symbol id="sm-158">
         <name>_Z</name>
         <value>0x7720</value>
         <object_component_ref idref="oc-2a"/>
      </symbol>
      <symbol id="sm-159">
         <name>_outputPING</name>
         <value>0x1ec8</value>
         <object_component_ref idref="oc-2a"/>
      </symbol>
      <symbol id="sm-15a">
         <name>_V</name>
         <value>0x4548</value>
         <object_component_ref idref="oc-2a"/>
      </symbol>
      <symbol id="sm-15b">
         <name>_B</name>
         <value>0xc5a4</value>
         <object_component_ref idref="oc-9a"/>
      </symbol>
      <symbol id="sm-169">
         <name>_DSK6713_init</name>
         <value>0x8f2c</value>
         <object_component_ref idref="oc-2f"/>
      </symbol>
      <symbol id="sm-16a">
         <name>_DSK6713_version</name>
         <value>0x7b34</value>
         <object_component_ref idref="oc-30"/>
      </symbol>
      <symbol id="sm-16b">
         <name>_DSK6713_rget</name>
         <value>0x9248</value>
         <object_component_ref idref="oc-2f"/>
      </symbol>
      <symbol id="sm-16c">
         <name>_DSK6713_wait</name>
         <value>0x9270</value>
         <object_component_ref idref="oc-2f"/>
      </symbol>
      <symbol id="sm-16d">
         <name>_DSK6713_rset</name>
         <value>0x925c</value>
         <object_component_ref idref="oc-2f"/>
      </symbol>
      <symbol id="sm-16e">
         <name>_DSK6713_waitusec</name>
         <value>0x92c8</value>
         <object_component_ref idref="oc-2f"/>
      </symbol>
      <symbol id="sm-16f">
         <name>_DSK6713_getVersion</name>
         <value>0x92f4</value>
         <object_component_ref idref="oc-2f"/>
      </symbol>
      <symbol id="sm-17d">
         <name>_DSK6713_AIC23_codeccontrolhandle</name>
         <value>0x7c44</value>
         <object_component_ref idref="oc-36"/>
      </symbol>
      <symbol id="sm-17e">
         <name>_DSK6713_AIC23_codecdatahandle</name>
         <value>0x7c48</value>
         <object_component_ref idref="oc-36"/>
      </symbol>
      <symbol id="sm-17f">
         <name>_DSK6713_AIC23_openCodec</name>
         <value>0xa120</value>
         <object_component_ref idref="oc-35"/>
      </symbol>
      <symbol id="sm-18d">
         <name>_DSK6713_AIC23_config</name>
         <value>0xb0e0</value>
         <object_component_ref idref="oc-3b"/>
      </symbol>
      <symbol id="sm-18e">
         <name>_DSK6713_AIC23_rget</name>
         <value>0xb0b8</value>
         <object_component_ref idref="oc-3b"/>
      </symbol>
      <symbol id="sm-18f">
         <name>_DSK6713_AIC23_rset</name>
         <value>0xb020</value>
         <object_component_ref idref="oc-3b"/>
      </symbol>
      <symbol id="sm-19d">
         <name>_DSK6713_AIC23_setFreq</name>
         <value>0xb9a0</value>
         <object_component_ref idref="oc-41"/>
      </symbol>
      <symbol id="sm-1b7">
         <name>__IRQ_eventTable</name>
         <value>0x7a68</value>
         <object_component_ref idref="oc-49"/>
      </symbol>
      <symbol id="sm-1b8">
         <name>_IRQ_nmiEnable</name>
         <value>0xbd00</value>
         <object_component_ref idref="oc-96"/>
      </symbol>
      <symbol id="sm-1b9">
         <name>__IRQ_intTable</name>
         <value>0x7aec</value>
         <object_component_ref idref="oc-49"/>
      </symbol>
      <symbol id="sm-1ba">
         <name>_IRQ_globalEnable</name>
         <value>0xbce0</value>
         <object_component_ref idref="oc-99"/>
      </symbol>
      <symbol id="sm-1bb">
         <name>_IRQ_globalDisable</name>
         <value>0xbcc0</value>
         <object_component_ref idref="oc-95"/>
      </symbol>
      <symbol id="sm-1bc">
         <name>_IRQ_map</name>
         <value>0xab20</value>
         <object_component_ref idref="oc-97"/>
      </symbol>
      <symbol id="sm-1bd">
         <name>_IRQ_enable</name>
         <value>0xbc00</value>
         <object_component_ref idref="oc-98"/>
      </symbol>
      <symbol id="sm-1be">
         <name>__IRQ_dispatchTable</name>
         <value>0x7b2c</value>
         <object_component_ref idref="oc-49"/>
      </symbol>
      <symbol id="sm-1bf">
         <name>__IRQ_hookFetchPacket</name>
         <value>0xbd80</value>
         <object_component_ref idref="oc-47"/>
      </symbol>
      <symbol id="sm-1d5">
         <name>_MCBSP_reset</name>
         <value>0xace0</value>
         <object_component_ref idref="oc-94"/>
      </symbol>
      <symbol id="sm-1d6">
         <name>_MCBSP_read</name>
         <value>0xbd20</value>
         <object_component_ref idref="oc-89"/>
      </symbol>
      <symbol id="sm-1d7">
         <name>_MCBSP_open</name>
         <value>0xb280</value>
         <object_component_ref idref="oc-8d"/>
      </symbol>
      <symbol id="sm-1d8">
         <name>__MCBSP_hDev0</name>
         <value>0x7be8</value>
         <object_component_ref idref="oc-4e"/>
      </symbol>
      <symbol id="sm-1d9">
         <name>__MCBSP_hDev1</name>
         <value>0x7bec</value>
         <object_component_ref idref="oc-4e"/>
      </symbol>
      <symbol id="sm-1da">
         <name>_MCBSP_start</name>
         <value>0xb380</value>
         <object_component_ref idref="oc-8e"/>
      </symbol>
      <symbol id="sm-1db">
         <name>_MCBSP_write</name>
         <value>0xbd40</value>
         <object_component_ref idref="oc-8b"/>
      </symbol>
      <symbol id="sm-1e7">
         <name>_c_int00</name>
         <value>0xbb80</value>
         <object_component_ref idref="oc-18"/>
      </symbol>
      <symbol id="sm-1e8">
         <name>__stack</name>
         <value>0xbda0</value>
         <object_component_ref idref="oc-53"/>
      </symbol>
      <symbol id="sm-1f6">
         <name>_cos</name>
         <value>0x9740</value>
         <object_component_ref idref="oc-9b"/>
      </symbol>
      <symbol id="sm-200">
         <name>__divf</name>
         <value>0x9aa0</value>
         <object_component_ref idref="oc-8a"/>
      </symbol>
      <symbol id="sm-208">
         <name>__c6xabi_divi</name>
         <value>0xb160</value>
         <object_component_ref idref="oc-a2"/>
      </symbol>
      <symbol id="sm-209">
         <name>__divi</name>
         <value>0xb160</value>
         <object_component_ref idref="oc-a2"/>
      </symbol>
      <symbol id="sm-219">
         <name>C$$EXIT</name>
         <value>0xbd60</value>
         <object_component_ref idref="oc-93"/>
      </symbol>
      <symbol id="sm-21a">
         <name>_exit</name>
         <value>0xb660</value>
         <object_component_ref idref="oc-88"/>
      </symbol>
      <symbol id="sm-21b">
         <name>___TI_enable_exit_profile_output</name>
         <value>0x7c40</value>
         <object_component_ref idref="oc-63"/>
      </symbol>
      <symbol id="sm-21c">
         <name>_abort</name>
         <value>0xbd60</value>
         <object_component_ref idref="oc-93"/>
      </symbol>
      <symbol id="sm-21d">
         <name>__cleanup_ptr</name>
         <value>0x7c38</value>
         <object_component_ref idref="oc-63"/>
      </symbol>
      <symbol id="sm-21e">
         <name>__dtors_ptr</name>
         <value>0x7c3c</value>
         <object_component_ref idref="oc-63"/>
      </symbol>
      <symbol id="sm-228">
         <name>_modf</name>
         <value>0xb740</value>
         <object_component_ref idref="oc-a1"/>
      </symbol>
      <symbol id="sm-232">
         <name>__nround</name>
         <value>0xb820</value>
         <object_component_ref idref="oc-a0"/>
      </symbol>
      <symbol id="sm-240">
         <name>_sin</name>
         <value>0x9de0</value>
         <object_component_ref idref="oc-9c"/>
      </symbol>
      <symbol id="sm-248">
         <name>__strasg</name>
         <value>0xb580</value>
         <object_component_ref idref="oc-8c"/>
      </symbol>
      <symbol id="sm-252">
         <name>__trunc</name>
         <value>0xbc80</value>
         <object_component_ref idref="oc-9f"/>
      </symbol>
      <symbol id="sm-25c">
         <name>__args_main</name>
         <value>0xbc40</value>
         <object_component_ref idref="oc-87"/>
      </symbol>
      <symbol id="sm-25d">
         <name>__TI_args_main</name>
         <value>0x1</value>
      </symbol>
      <symbol id="sm-267">
         <name>__auto_init</name>
         <value>0xb480</value>
         <object_component_ref idref="oc-86"/>
      </symbol>
      <symbol id="sm-271">
         <name>___TI_cpp_init</name>
         <value>0xbb00</value>
         <object_component_ref idref="oc-91"/>
      </symbol>
      <symbol id="sm-27b">
         <name>_copy_in</name>
         <value>0xb8e0</value>
         <object_component_ref idref="oc-8f"/>
      </symbol>
      <symbol id="sm-285">
         <name>_memcpy</name>
         <value>0xa6a0</value>
         <object_component_ref idref="oc-90"/>
      </symbol>
   </symbol_table>
</link_info>
