<?xml version="1.0"?>
<link_info>
   <banner>TMS320C6x Linker PC v7.4.2</banner>
   <copyright>Copyright (c) 1996-2012 Texas Instruments Incorporated</copyright>
   <link_time>0x54616162</link_time>
   <output_file>lab2.out</output_file>
   <entry_point>
      <name>_c_int00</name>
      <address>0x1f80</address>
   </entry_point>
   <input_file_list>
      <input_file id="fl-2">
         <path>.\</path>
         <kind>object</kind>
         <file>vectors.obj</file>
         <name>vectors.obj</name>
      </input_file>
      <input_file id="fl-3">
         <path>.\</path>
         <kind>object</kind>
         <file>lab2.obj</file>
         <name>lab2.obj</name>
      </input_file>
      <input_file id="fl-9">
         <path>C:\Program Files\Texas Instruments\C6xCSL\lib_3x\</path>
         <kind>archive</kind>
         <file>csl6713.lib</file>
         <name>csl_irq.obj</name>
      </input_file>
      <input_file id="fl-a">
         <path>C:\Program Files\Texas Instruments\C6xCSL\lib_3x\</path>
         <kind>archive</kind>
         <file>csl6713.lib</file>
         <name>csl_mcbsp.obj</name>
      </input_file>
      <input_file id="fl-b">
         <path>C:\Program Files\Texas Instruments\DSK6713\c6000\dsk6713\lib\</path>
         <kind>archive</kind>
         <file>dsk6713bsl.lib</file>
         <name>dsk6713.obj</name>
      </input_file>
      <input_file id="fl-c">
         <path>C:\Program Files\Texas Instruments\DSK6713\c6000\dsk6713\lib\</path>
         <kind>archive</kind>
         <file>dsk6713bsl.lib</file>
         <name>dsk6713_aic23_opencodec.obj</name>
      </input_file>
      <input_file id="fl-d">
         <path>C:\Program Files\Texas Instruments\DSK6713\c6000\dsk6713\lib\</path>
         <kind>archive</kind>
         <file>dsk6713bsl.lib</file>
         <name>dsk6713_aic23_registers.obj</name>
      </input_file>
      <input_file id="fl-e">
         <path>C:\Program Files\Texas Instruments\DSK6713\c6000\dsk6713\lib\</path>
         <kind>archive</kind>
         <file>dsk6713bsl.lib</file>
         <name>dsk6713_aic23_setfreq.obj</name>
      </input_file>
      <input_file id="fl-86">
         <path>C:\ti\ccsv5\tools\compiler\c6000_7.4.2\lib\</path>
         <kind>archive</kind>
         <file>rts6700.lib</file>
         <name>boot.obj</name>
      </input_file>
      <input_file id="fl-87">
         <path>C:\ti\ccsv5\tools\compiler\c6000_7.4.2\lib\</path>
         <kind>archive</kind>
         <file>rts6700.lib</file>
         <name>divf.obj</name>
      </input_file>
      <input_file id="fl-88">
         <path>C:\ti\ccsv5\tools\compiler\c6000_7.4.2\lib\</path>
         <kind>archive</kind>
         <file>rts6700.lib</file>
         <name>exit.obj</name>
      </input_file>
      <input_file id="fl-89">
         <path>C:\ti\ccsv5\tools\compiler\c6000_7.4.2\lib\</path>
         <kind>archive</kind>
         <file>rts6700.lib</file>
         <name>strasg.obj</name>
      </input_file>
      <input_file id="fl-8a">
         <path>C:\ti\ccsv5\tools\compiler\c6000_7.4.2\lib\</path>
         <kind>archive</kind>
         <file>rts6700.lib</file>
         <name>args_main.obj</name>
      </input_file>
      <input_file id="fl-8b">
         <path>C:\ti\ccsv5\tools\compiler\c6000_7.4.2\lib\</path>
         <kind>archive</kind>
         <file>rts6700.lib</file>
         <name>autoinit.obj</name>
      </input_file>
      <input_file id="fl-8c">
         <path>C:\ti\ccsv5\tools\compiler\c6000_7.4.2\lib\</path>
         <kind>archive</kind>
         <file>rts6700.lib</file>
         <name>cpp_init.obj</name>
      </input_file>
      <input_file id="fl-8d">
         <path>C:\ti\ccsv5\tools\compiler\c6000_7.4.2\lib\</path>
         <kind>archive</kind>
         <file>rts6700.lib</file>
         <name>cpy_tbl.obj</name>
      </input_file>
      <input_file id="fl-8e">
         <path>C:\ti\ccsv5\tools\compiler\c6000_7.4.2\lib\</path>
         <kind>archive</kind>
         <file>rts6700.lib</file>
         <name>memcpy62.obj</name>
      </input_file>
   </input_file_list>
   <object_component_list>
      <object_component id="oc-19">
         <name>vectors</name>
         <load_address>0x0</load_address>
         <run_address>0x0</run_address>
         <size>0x200</size>
         <input_file_ref idref="fl-2"/>
      </object_component>
      <object_component id="oc-30">
         <name>.text</name>
         <load_address>0x200</load_address>
         <run_address>0x200</run_address>
         <size>0x480</size>
         <input_file_ref idref="fl-b"/>
      </object_component>
      <object_component id="oc-6a">
         <name>.text:__divf</name>
         <load_address>0x680</load_address>
         <run_address>0x680</run_address>
         <size>0x340</size>
         <input_file_ref idref="fl-87"/>
      </object_component>
      <object_component id="oc-21">
         <name>.text:retain</name>
         <load_address>0x9c0</load_address>
         <run_address>0x9c0</run_address>
         <size>0x320</size>
         <input_file_ref idref="fl-3"/>
      </object_component>
      <object_component id="oc-36">
         <name>.text</name>
         <load_address>0xce0</load_address>
         <run_address>0xce0</run_address>
         <size>0x300</size>
         <input_file_ref idref="fl-c"/>
      </object_component>
      <object_component id="oc-71">
         <name>.text:_memcpy</name>
         <load_address>0xfe0</load_address>
         <run_address>0xfe0</run_address>
         <size>0x240</size>
         <input_file_ref idref="fl-8e"/>
      </object_component>
      <object_component id="oc-78">
         <name>.text:_IRQ_map</name>
         <load_address>0x1220</load_address>
         <run_address>0x1220</run_address>
         <size>0x1c0</size>
         <input_file_ref idref="fl-9"/>
      </object_component>
      <object_component id="oc-75">
         <name>.text:_MCBSP_reset</name>
         <load_address>0x13e0</load_address>
         <run_address>0x13e0</run_address>
         <size>0x1a0</size>
         <input_file_ref idref="fl-a"/>
      </object_component>
      <object_component id="oc-73">
         <name>.text</name>
         <load_address>0x1580</load_address>
         <run_address>0x1580</run_address>
         <size>0x160</size>
         <input_file_ref idref="fl-3"/>
      </object_component>
      <object_component id="oc-3c">
         <name>.text</name>
         <load_address>0x16e0</load_address>
         <run_address>0x16e0</run_address>
         <size>0x140</size>
         <input_file_ref idref="fl-d"/>
      </object_component>
      <object_component id="oc-6e">
         <name>.text:_MCBSP_open</name>
         <load_address>0x1820</load_address>
         <run_address>0x1820</run_address>
         <size>0x100</size>
         <input_file_ref idref="fl-a"/>
      </object_component>
      <object_component id="oc-6f">
         <name>.text:_MCBSP_start</name>
         <load_address>0x1920</load_address>
         <run_address>0x1920</run_address>
         <size>0x100</size>
         <input_file_ref idref="fl-a"/>
      </object_component>
      <object_component id="oc-66">
         <name>.text:__auto_init</name>
         <load_address>0x1a20</load_address>
         <run_address>0x1a20</run_address>
         <size>0x100</size>
         <input_file_ref idref="fl-8b"/>
      </object_component>
      <object_component id="oc-6d">
         <name>.text:__strasg</name>
         <load_address>0x1b20</load_address>
         <run_address>0x1b20</run_address>
         <size>0xe0</size>
         <input_file_ref idref="fl-89"/>
      </object_component>
      <object_component id="oc-68">
         <name>.text:_exit</name>
         <load_address>0x1c00</load_address>
         <run_address>0x1c00</run_address>
         <size>0xe0</size>
         <input_file_ref idref="fl-88"/>
      </object_component>
      <object_component id="oc-70">
         <name>.text:_copy_in</name>
         <load_address>0x1ce0</load_address>
         <run_address>0x1ce0</run_address>
         <size>0xc0</size>
         <input_file_ref idref="fl-8d"/>
      </object_component>
      <object_component id="oc-42">
         <name>.text</name>
         <load_address>0x1da0</load_address>
         <run_address>0x1da0</run_address>
         <size>0xc0</size>
         <input_file_ref idref="fl-e"/>
      </object_component>
      <object_component id="oc-7b">
         <name>.text:_setMux</name>
         <load_address>0x1e60</load_address>
         <run_address>0x1e60</run_address>
         <size>0xa0</size>
         <input_file_ref idref="fl-9"/>
      </object_component>
      <object_component id="oc-72">
         <name>.text:___TI_cpp_init</name>
         <load_address>0x1f00</load_address>
         <run_address>0x1f00</run_address>
         <size>0x80</size>
         <input_file_ref idref="fl-8c"/>
      </object_component>
      <object_component id="oc-18">
         <name>.text:_c_int00</name>
         <load_address>0x1f80</load_address>
         <run_address>0x1f80</run_address>
         <size>0x80</size>
         <input_file_ref idref="fl-86"/>
      </object_component>
      <object_component id="oc-79">
         <name>.text:_IRQ_enable</name>
         <load_address>0x2000</load_address>
         <run_address>0x2000</run_address>
         <size>0x40</size>
         <input_file_ref idref="fl-9"/>
      </object_component>
      <object_component id="oc-67">
         <name>.text:__args_main</name>
         <load_address>0x2040</load_address>
         <run_address>0x2040</run_address>
         <size>0x40</size>
         <input_file_ref idref="fl-8a"/>
      </object_component>
      <object_component id="oc-76">
         <name>.text:_IRQ_globalDisable</name>
         <load_address>0x2080</load_address>
         <run_address>0x2080</run_address>
         <size>0x20</size>
         <input_file_ref idref="fl-9"/>
      </object_component>
      <object_component id="oc-7a">
         <name>.text:_IRQ_globalEnable</name>
         <load_address>0x20a0</load_address>
         <run_address>0x20a0</run_address>
         <size>0x20</size>
         <input_file_ref idref="fl-9"/>
      </object_component>
      <object_component id="oc-77">
         <name>.text:_IRQ_nmiEnable</name>
         <load_address>0x20c0</load_address>
         <run_address>0x20c0</run_address>
         <size>0x20</size>
         <input_file_ref idref="fl-9"/>
      </object_component>
      <object_component id="oc-69">
         <name>.text:_MCBSP_read</name>
         <load_address>0x20e0</load_address>
         <run_address>0x20e0</run_address>
         <size>0x20</size>
         <input_file_ref idref="fl-a"/>
      </object_component>
      <object_component id="oc-6c">
         <name>.text:_MCBSP_write</name>
         <load_address>0x2100</load_address>
         <run_address>0x2100</run_address>
         <size>0x20</size>
         <input_file_ref idref="fl-a"/>
      </object_component>
      <object_component id="oc-74">
         <name>.text:_abort</name>
         <load_address>0x2120</load_address>
         <run_address>0x2120</run_address>
         <size>0x20</size>
         <input_file_ref idref="fl-88"/>
      </object_component>
      <object_component id="oc-25">
         <name>.text</name>
         <load_address>0x2140</load_address>
         <run_address>0x2140</run_address>
         <size>0x20</size>
         <input_file_ref idref="fl-9"/>
      </object_component>
      <object_component id="oc-49">
         <name>.stack</name>
         <uninitialized>true</uninitialized>
         <run_address>0x2160</run_address>
         <size>0x8</size>
         <input_file_ref idref="fl-86"/>
      </object_component>
      <object_component id="oc-9b">
         <name>.stack</name>
         <uninitialized>true</uninitialized>
         <run_address>0x2160</run_address>
         <size>0x0</size>
      </object_component>
      <object_component id="oc-6b">
         <name>.const:_B</name>
         <load_address>0x2a34</load_address>
         <run_address>0x2a34</run_address>
         <size>0xb4</size>
         <input_file_ref idref="fl-3"/>
      </object_component>
      <object_component id="oc-38">
         <name>.const</name>
         <load_address>0x2ae8</load_address>
         <run_address>0x2ae8</run_address>
         <size>0x40</size>
         <input_file_ref idref="fl-c"/>
      </object_component>
      <object_component id="oc-32">
         <name>.const</name>
         <load_address>0x2b28</load_address>
         <run_address>0x2b28</run_address>
         <size>0x20</size>
         <input_file_ref idref="fl-b"/>
      </object_component>
      <object_component id="oc-1f">
         <name>.const</name>
         <load_address>0x2b48</load_address>
         <run_address>0x2b48</run_address>
         <size>0x4</size>
         <input_file_ref idref="fl-3"/>
      </object_component>
      <object_component id="oc-20">
         <name>.far</name>
         <uninitialized>true</uninitialized>
         <run_address>0x2654</run_address>
         <size>0xe2</size>
         <input_file_ref idref="fl-3"/>
      </object_component>
      <object_component id="oc-27">
         <name>.far</name>
         <uninitialized>true</uninitialized>
         <run_address>0x2560</run_address>
         <size>0xf4</size>
         <input_file_ref idref="fl-9"/>
      </object_component>
      <object_component id="oc-2c">
         <name>.far</name>
         <uninitialized>true</uninitialized>
         <run_address>0x2738</run_address>
         <size>0x38</size>
         <input_file_ref idref="fl-a"/>
      </object_component>
      <object_component id="oc-31">
         <name>.far</name>
         <uninitialized>true</uninitialized>
         <run_address>0x2736</run_address>
         <size>0x2</size>
         <input_file_ref idref="fl-b"/>
      </object_component>
      <object_component id="oc-37">
         <name>.far</name>
         <uninitialized>true</uninitialized>
         <run_address>0x27c4</run_address>
         <size>0x8</size>
         <input_file_ref idref="fl-c"/>
      </object_component>
      <object_component id="oc-3e">
         <name>.far</name>
         <uninitialized>true</uninitialized>
         <run_address>0x2770</run_address>
         <size>0x28</size>
         <input_file_ref idref="fl-d"/>
      </object_component>
      <object_component id="oc-44">
         <name>.far</name>
         <uninitialized>true</uninitialized>
         <run_address>0x2798</run_address>
         <size>0x20</size>
         <input_file_ref idref="fl-e"/>
      </object_component>
      <object_component id="oc-51">
         <name>.far</name>
         <uninitialized>true</uninitialized>
         <run_address>0x27b8</run_address>
         <size>0xc</size>
         <input_file_ref idref="fl-88"/>
      </object_component>
      <object_component id="oc-26">
         <name>.cinit</name>
         <load_address>0x27d0</load_address>
         <run_address>0x27d0</run_address>
         <size>0x12c</size>
         <input_file_ref idref="fl-9"/>
      </object_component>
      <object_component id="oc-2b">
         <name>.cinit</name>
         <load_address>0x2900</load_address>
         <run_address>0x2900</run_address>
         <size>0x54</size>
         <input_file_ref idref="fl-a"/>
      </object_component>
      <object_component id="oc-1e">
         <name>.cinit</name>
         <load_address>0x2958</load_address>
         <run_address>0x2958</run_address>
         <size>0x4a</size>
         <input_file_ref idref="fl-3"/>
      </object_component>
      <object_component id="oc-3d">
         <name>.cinit</name>
         <load_address>0x29a8</load_address>
         <run_address>0x29a8</run_address>
         <size>0x30</size>
         <input_file_ref idref="fl-d"/>
      </object_component>
      <object_component id="oc-50">
         <name>.cinit</name>
         <load_address>0x29d8</load_address>
         <run_address>0x29d8</run_address>
         <size>0x2c</size>
         <input_file_ref idref="fl-88"/>
      </object_component>
      <object_component id="oc-43">
         <name>.cinit</name>
         <load_address>0x2a08</load_address>
         <run_address>0x2a08</run_address>
         <size>0x28</size>
         <input_file_ref idref="fl-e"/>
      </object_component>
      <object_component id="oc-1a">
         <name>.debug_info</name>
         <load_address>0x0</load_address>
         <run_address>0x0</run_address>
         <size>0xb8</size>
         <input_file_ref idref="fl-2"/>
      </object_component>
      <object_component id="oc-1d">
         <name>.debug_info</name>
         <load_address>0xb8</load_address>
         <run_address>0xb8</run_address>
         <size>0xc94</size>
         <input_file_ref idref="fl-3"/>
      </object_component>
      <object_component id="oc-29">
         <name>.debug_info</name>
         <load_address>0xd4c</load_address>
         <run_address>0xd4c</run_address>
         <size>0xc2b</size>
         <input_file_ref idref="fl-9"/>
      </object_component>
      <object_component id="oc-2e">
         <name>.debug_info</name>
         <load_address>0x1977</load_address>
         <run_address>0x1977</run_address>
         <size>0xc15</size>
         <input_file_ref idref="fl-a"/>
      </object_component>
      <object_component id="oc-34">
         <name>.debug_info</name>
         <load_address>0x258c</load_address>
         <run_address>0x258c</run_address>
         <size>0x8a7</size>
         <input_file_ref idref="fl-b"/>
      </object_component>
      <object_component id="oc-3a">
         <name>.debug_info</name>
         <load_address>0x2e33</load_address>
         <run_address>0x2e33</run_address>
         <size>0x89f</size>
         <input_file_ref idref="fl-c"/>
      </object_component>
      <object_component id="oc-40">
         <name>.debug_info</name>
         <load_address>0x36d2</load_address>
         <run_address>0x36d2</run_address>
         <size>0x929</size>
         <input_file_ref idref="fl-d"/>
      </object_component>
      <object_component id="oc-46">
         <name>.debug_info</name>
         <load_address>0x3ffb</load_address>
         <run_address>0x3ffb</run_address>
         <size>0x5b3</size>
         <input_file_ref idref="fl-e"/>
      </object_component>
      <object_component id="oc-48">
         <name>.debug_info</name>
         <load_address>0x45ae</load_address>
         <run_address>0x45ae</run_address>
         <size>0x711</size>
         <input_file_ref idref="fl-86"/>
      </object_component>
      <object_component id="oc-4c">
         <name>.debug_info</name>
         <load_address>0x4cbf</load_address>
         <run_address>0x4cbf</run_address>
         <size>0x8d4</size>
         <input_file_ref idref="fl-87"/>
      </object_component>
      <object_component id="oc-4f">
         <name>.debug_info</name>
         <load_address>0x5593</load_address>
         <run_address>0x5593</run_address>
         <size>0x809</size>
         <input_file_ref idref="fl-88"/>
      </object_component>
      <object_component id="oc-54">
         <name>.debug_info</name>
         <load_address>0x5d9c</load_address>
         <run_address>0x5d9c</run_address>
         <size>0xde</size>
         <input_file_ref idref="fl-89"/>
      </object_component>
      <object_component id="oc-57">
         <name>.debug_info</name>
         <load_address>0x5e7a</load_address>
         <run_address>0x5e7a</run_address>
         <size>0x6e7</size>
         <input_file_ref idref="fl-8a"/>
      </object_component>
      <object_component id="oc-5a">
         <name>.debug_info</name>
         <load_address>0x6561</load_address>
         <run_address>0x6561</run_address>
         <size>0x87b</size>
         <input_file_ref idref="fl-8b"/>
      </object_component>
      <object_component id="oc-5d">
         <name>.debug_info</name>
         <load_address>0x6ddc</load_address>
         <run_address>0x6ddc</run_address>
         <size>0x6f3</size>
         <input_file_ref idref="fl-8c"/>
      </object_component>
      <object_component id="oc-60">
         <name>.debug_info</name>
         <load_address>0x74cf</load_address>
         <run_address>0x74cf</run_address>
         <size>0x7e9</size>
         <input_file_ref idref="fl-8d"/>
      </object_component>
      <object_component id="oc-63">
         <name>.debug_info</name>
         <load_address>0x7cb8</load_address>
         <run_address>0x7cb8</run_address>
         <size>0x7a0</size>
         <input_file_ref idref="fl-8e"/>
      </object_component>
      <object_component id="oc-9c">
         <name>.debug_info</name>
         <load_address>0x8458</load_address>
         <run_address>0x8458</run_address>
         <size>0x6d</size>
      </object_component>
      <object_component id="oc-1b">
         <name>.debug_line</name>
         <load_address>0x0</load_address>
         <run_address>0x0</run_address>
         <size>0xb9</size>
         <input_file_ref idref="fl-2"/>
      </object_component>
      <object_component id="oc-23">
         <name>.debug_line</name>
         <load_address>0xb9</load_address>
         <run_address>0xb9</run_address>
         <size>0xa3</size>
         <input_file_ref idref="fl-3"/>
      </object_component>
      <object_component id="oc-2a">
         <name>.debug_line</name>
         <load_address>0x15c</load_address>
         <run_address>0x15c</run_address>
         <size>0xf4</size>
         <input_file_ref idref="fl-9"/>
      </object_component>
      <object_component id="oc-2f">
         <name>.debug_line</name>
         <load_address>0x250</load_address>
         <run_address>0x250</run_address>
         <size>0xe9</size>
         <input_file_ref idref="fl-a"/>
      </object_component>
      <object_component id="oc-35">
         <name>.debug_line</name>
         <load_address>0x339</load_address>
         <run_address>0x339</run_address>
         <size>0xb2</size>
         <input_file_ref idref="fl-b"/>
      </object_component>
      <object_component id="oc-3b">
         <name>.debug_line</name>
         <load_address>0x3eb</load_address>
         <run_address>0x3eb</run_address>
         <size>0x4f</size>
         <input_file_ref idref="fl-c"/>
      </object_component>
      <object_component id="oc-41">
         <name>.debug_line</name>
         <load_address>0x43a</load_address>
         <run_address>0x43a</run_address>
         <size>0x7e</size>
         <input_file_ref idref="fl-d"/>
      </object_component>
      <object_component id="oc-47">
         <name>.debug_line</name>
         <load_address>0x4b8</load_address>
         <run_address>0x4b8</run_address>
         <size>0x52</size>
         <input_file_ref idref="fl-e"/>
      </object_component>
      <object_component id="oc-4a">
         <name>.debug_line</name>
         <load_address>0x50a</load_address>
         <run_address>0x50a</run_address>
         <size>0x3d</size>
         <input_file_ref idref="fl-86"/>
      </object_component>
      <object_component id="oc-4d">
         <name>.debug_line</name>
         <load_address>0x547</load_address>
         <run_address>0x547</run_address>
         <size>0x3c</size>
         <input_file_ref idref="fl-87"/>
      </object_component>
      <object_component id="oc-52">
         <name>.debug_line</name>
         <load_address>0x583</load_address>
         <run_address>0x583</run_address>
         <size>0x4f</size>
         <input_file_ref idref="fl-88"/>
      </object_component>
      <object_component id="oc-55">
         <name>.debug_line</name>
         <load_address>0x5d2</load_address>
         <run_address>0x5d2</run_address>
         <size>0x48</size>
         <input_file_ref idref="fl-89"/>
      </object_component>
      <object_component id="oc-58">
         <name>.debug_line</name>
         <load_address>0x61a</load_address>
         <run_address>0x61a</run_address>
         <size>0x41</size>
         <input_file_ref idref="fl-8a"/>
      </object_component>
      <object_component id="oc-5b">
         <name>.debug_line</name>
         <load_address>0x65b</load_address>
         <run_address>0x65b</run_address>
         <size>0x47</size>
         <input_file_ref idref="fl-8b"/>
      </object_component>
      <object_component id="oc-5e">
         <name>.debug_line</name>
         <load_address>0x6a2</load_address>
         <run_address>0x6a2</run_address>
         <size>0x45</size>
         <input_file_ref idref="fl-8c"/>
      </object_component>
      <object_component id="oc-61">
         <name>.debug_line</name>
         <load_address>0x6e7</load_address>
         <run_address>0x6e7</run_address>
         <size>0x44</size>
         <input_file_ref idref="fl-8d"/>
      </object_component>
      <object_component id="oc-64">
         <name>.debug_line</name>
         <load_address>0x72b</load_address>
         <run_address>0x72b</run_address>
         <size>0x4e</size>
         <input_file_ref idref="fl-8e"/>
      </object_component>
      <object_component id="oc-1c">
         <name>.debug_abbrev</name>
         <load_address>0x0</load_address>
         <run_address>0x0</run_address>
         <size>0x20</size>
         <input_file_ref idref="fl-2"/>
      </object_component>
      <object_component id="oc-24">
         <name>.debug_abbrev</name>
         <load_address>0x20</load_address>
         <run_address>0x20</run_address>
         <size>0x191</size>
         <input_file_ref idref="fl-3"/>
      </object_component>
      <object_component id="oc-28">
         <name>.debug_abbrev</name>
         <load_address>0x1b1</load_address>
         <run_address>0x1b1</run_address>
         <size>0x1b7</size>
         <input_file_ref idref="fl-9"/>
      </object_component>
      <object_component id="oc-2d">
         <name>.debug_abbrev</name>
         <load_address>0x368</load_address>
         <run_address>0x368</run_address>
         <size>0x1a3</size>
         <input_file_ref idref="fl-a"/>
      </object_component>
      <object_component id="oc-33">
         <name>.debug_abbrev</name>
         <load_address>0x50b</load_address>
         <run_address>0x50b</run_address>
         <size>0x196</size>
         <input_file_ref idref="fl-b"/>
      </object_component>
      <object_component id="oc-39">
         <name>.debug_abbrev</name>
         <load_address>0x6a1</load_address>
         <run_address>0x6a1</run_address>
         <size>0x126</size>
         <input_file_ref idref="fl-c"/>
      </object_component>
      <object_component id="oc-3f">
         <name>.debug_abbrev</name>
         <load_address>0x7c7</load_address>
         <run_address>0x7c7</run_address>
         <size>0x14e</size>
         <input_file_ref idref="fl-d"/>
      </object_component>
      <object_component id="oc-45">
         <name>.debug_abbrev</name>
         <load_address>0x915</load_address>
         <run_address>0x915</run_address>
         <size>0xf1</size>
         <input_file_ref idref="fl-e"/>
      </object_component>
      <object_component id="oc-4b">
         <name>.debug_abbrev</name>
         <load_address>0xa06</load_address>
         <run_address>0xa06</run_address>
         <size>0xfe</size>
         <input_file_ref idref="fl-86"/>
      </object_component>
      <object_component id="oc-4e">
         <name>.debug_abbrev</name>
         <load_address>0xb04</load_address>
         <run_address>0xb04</run_address>
         <size>0xe7</size>
         <input_file_ref idref="fl-87"/>
      </object_component>
      <object_component id="oc-53">
         <name>.debug_abbrev</name>
         <load_address>0xbeb</load_address>
         <run_address>0xbeb</run_address>
         <size>0x119</size>
         <input_file_ref idref="fl-88"/>
      </object_component>
      <object_component id="oc-56">
         <name>.debug_abbrev</name>
         <load_address>0xd04</load_address>
         <run_address>0xd04</run_address>
         <size>0x3a</size>
         <input_file_ref idref="fl-89"/>
      </object_component>
      <object_component id="oc-59">
         <name>.debug_abbrev</name>
         <load_address>0xd3e</load_address>
         <run_address>0xd3e</run_address>
         <size>0xe1</size>
         <input_file_ref idref="fl-8a"/>
      </object_component>
      <object_component id="oc-5c">
         <name>.debug_abbrev</name>
         <load_address>0xe1f</load_address>
         <run_address>0xe1f</run_address>
         <size>0x13f</size>
         <input_file_ref idref="fl-8b"/>
      </object_component>
      <object_component id="oc-5f">
         <name>.debug_abbrev</name>
         <load_address>0xf5e</load_address>
         <run_address>0xf5e</run_address>
         <size>0xdd</size>
         <input_file_ref idref="fl-8c"/>
      </object_component>
      <object_component id="oc-62">
         <name>.debug_abbrev</name>
         <load_address>0x103b</load_address>
         <run_address>0x103b</run_address>
         <size>0x10c</size>
         <input_file_ref idref="fl-8d"/>
      </object_component>
      <object_component id="oc-65">
         <name>.debug_abbrev</name>
         <load_address>0x1147</load_address>
         <run_address>0x1147</run_address>
         <size>0xd5</size>
         <input_file_ref idref="fl-8e"/>
      </object_component>
      <object_component id="oc-9d">
         <name>.debug_abbrev</name>
         <load_address>0x121c</load_address>
         <run_address>0x121c</run_address>
         <size>0xd</size>
      </object_component>
      <object_component id="oc-22">
         <name>.debug_frame</name>
         <load_address>0x0</load_address>
         <run_address>0x0</run_address>
         <size>0x2d8</size>
         <input_file_ref idref="fl-3"/>
      </object_component>
   </object_component_list>
   <logical_group_list>
      <logical_group id="lg-2">
         <name>vectors</name>
         <load_address>0x0</load_address>
         <run_address>0x0</run_address>
         <size>0x200</size>
         <contents>
            <object_component_ref idref="oc-19"/>
         </contents>
      </logical_group>
      <logical_group id="lg-3">
         <name>.text</name>
         <load_address>0x200</load_address>
         <run_address>0x200</run_address>
         <size>0x1f60</size>
         <contents>
            <object_component_ref idref="oc-30"/>
            <object_component_ref idref="oc-6a"/>
            <object_component_ref idref="oc-21"/>
            <object_component_ref idref="oc-36"/>
            <object_component_ref idref="oc-71"/>
            <object_component_ref idref="oc-78"/>
            <object_component_ref idref="oc-75"/>
            <object_component_ref idref="oc-73"/>
            <object_component_ref idref="oc-3c"/>
            <object_component_ref idref="oc-6e"/>
            <object_component_ref idref="oc-6f"/>
            <object_component_ref idref="oc-66"/>
            <object_component_ref idref="oc-6d"/>
            <object_component_ref idref="oc-68"/>
            <object_component_ref idref="oc-70"/>
            <object_component_ref idref="oc-42"/>
            <object_component_ref idref="oc-7b"/>
            <object_component_ref idref="oc-72"/>
            <object_component_ref idref="oc-18"/>
            <object_component_ref idref="oc-79"/>
            <object_component_ref idref="oc-67"/>
            <object_component_ref idref="oc-76"/>
            <object_component_ref idref="oc-7a"/>
            <object_component_ref idref="oc-77"/>
            <object_component_ref idref="oc-69"/>
            <object_component_ref idref="oc-6c"/>
            <object_component_ref idref="oc-74"/>
            <object_component_ref idref="oc-25"/>
         </contents>
      </logical_group>
      <logical_group id="lg-4">
         <name>.stack</name>
         <run_address>0x2160</run_address>
         <size>0x400</size>
         <contents>
            <object_component_ref idref="oc-49"/>
            <object_component_ref idref="oc-9b"/>
         </contents>
      </logical_group>
      <logical_group id="lg-5">
         <name>.bss</name>
         <run_address>0x200</run_address>
         <size>0x0</size>
         <contents>
         </contents>
      </logical_group>
      <logical_group id="lg-6">
         <name>.cio</name>
         <run_address>0x0</run_address>
         <size>0x0</size>
         <contents>
         </contents>
      </logical_group>
      <logical_group id="lg-7">
         <name>.const</name>
         <load_address>0x2a34</load_address>
         <run_address>0x2a34</run_address>
         <size>0x118</size>
         <contents>
            <object_component_ref idref="oc-6b"/>
            <object_component_ref idref="oc-38"/>
            <object_component_ref idref="oc-32"/>
            <object_component_ref idref="oc-1f"/>
         </contents>
      </logical_group>
      <logical_group id="lg-8">
         <name>.data</name>
         <run_address>0x200</run_address>
         <size>0x0</size>
         <contents>
         </contents>
      </logical_group>
      <logical_group id="lg-9">
         <name>.switch</name>
         <run_address>0x0</run_address>
         <size>0x0</size>
         <contents>
         </contents>
      </logical_group>
      <logical_group id="lg-a">
         <name>.sysmem</name>
         <run_address>0x0</run_address>
         <size>0x0</size>
         <contents>
         </contents>
      </logical_group>
      <logical_group id="lg-b">
         <name>.far</name>
         <run_address>0x2560</run_address>
         <size>0x26c</size>
         <contents>
            <object_component_ref idref="oc-20"/>
            <object_component_ref idref="oc-27"/>
            <object_component_ref idref="oc-2c"/>
            <object_component_ref idref="oc-31"/>
            <object_component_ref idref="oc-37"/>
            <object_component_ref idref="oc-3e"/>
            <object_component_ref idref="oc-44"/>
            <object_component_ref idref="oc-51"/>
         </contents>
      </logical_group>
      <logical_group id="lg-c">
         <name>.args</name>
         <run_address>0x0</run_address>
         <size>0x0</size>
         <contents>
         </contents>
      </logical_group>
      <logical_group id="lg-d">
         <name>.ppinfo</name>
         <run_address>0x0</run_address>
         <size>0x0</size>
         <contents>
         </contents>
      </logical_group>
      <logical_group id="lg-e">
         <name>.ppdata</name>
         <run_address>0x0</run_address>
         <size>0x0</size>
         <contents>
         </contents>
      </logical_group>
      <logical_group id="lg-f">
         <name>.pinit</name>
         <run_address>0x0</run_address>
         <size>0x0</size>
         <contents>
         </contents>
      </logical_group>
      <logical_group id="lg-10">
         <name>.cinit</name>
         <load_address>0x27d0</load_address>
         <run_address>0x27d0</run_address>
         <size>0x264</size>
         <contents>
            <object_component_ref idref="oc-26"/>
            <object_component_ref idref="oc-2b"/>
            <object_component_ref idref="oc-1e"/>
            <object_component_ref idref="oc-3d"/>
            <object_component_ref idref="oc-50"/>
            <object_component_ref idref="oc-43"/>
         </contents>
      </logical_group>
      <logical_group id="lg-11">
         <name>.binit</name>
         <run_address>0x0</run_address>
         <size>0x0</size>
         <contents>
         </contents>
      </logical_group>
      <logical_group id="lg-12">
         <name>.init_array</name>
         <run_address>0x0</run_address>
         <size>0x0</size>
         <contents>
         </contents>
      </logical_group>
      <logical_group id="lg-13">
         <name>.neardata</name>
         <run_address>0x0</run_address>
         <size>0x0</size>
         <contents>
         </contents>
      </logical_group>
      <logical_group id="lg-14">
         <name>.fardata</name>
         <run_address>0x0</run_address>
         <size>0x0</size>
         <contents>
         </contents>
      </logical_group>
      <logical_group id="lg-15">
         <name>.rodata</name>
         <run_address>0x0</run_address>
         <size>0x0</size>
         <contents>
         </contents>
      </logical_group>
      <logical_group id="lg-16">
         <name>.c6xabi.exidx</name>
         <run_address>0x0</run_address>
         <size>0x0</size>
         <contents>
         </contents>
      </logical_group>
      <logical_group id="lg-17">
         <name>.c6xabi.extab</name>
         <run_address>0x0</run_address>
         <size>0x0</size>
         <contents>
         </contents>
      </logical_group>
      <logical_group id="lg-92">
         <name>.debug_info</name>
         <load_address>0x0</load_address>
         <run_address>0x0</run_address>
         <size>0x84c5</size>
         <contents>
            <object_component_ref idref="oc-1a"/>
            <object_component_ref idref="oc-1d"/>
            <object_component_ref idref="oc-29"/>
            <object_component_ref idref="oc-2e"/>
            <object_component_ref idref="oc-34"/>
            <object_component_ref idref="oc-3a"/>
            <object_component_ref idref="oc-40"/>
            <object_component_ref idref="oc-46"/>
            <object_component_ref idref="oc-48"/>
            <object_component_ref idref="oc-4c"/>
            <object_component_ref idref="oc-4f"/>
            <object_component_ref idref="oc-54"/>
            <object_component_ref idref="oc-57"/>
            <object_component_ref idref="oc-5a"/>
            <object_component_ref idref="oc-5d"/>
            <object_component_ref idref="oc-60"/>
            <object_component_ref idref="oc-63"/>
            <object_component_ref idref="oc-9c"/>
         </contents>
      </logical_group>
      <logical_group id="lg-94">
         <name>.debug_line</name>
         <load_address>0x0</load_address>
         <run_address>0x0</run_address>
         <size>0x779</size>
         <contents>
            <object_component_ref idref="oc-1b"/>
            <object_component_ref idref="oc-23"/>
            <object_component_ref idref="oc-2a"/>
            <object_component_ref idref="oc-2f"/>
            <object_component_ref idref="oc-35"/>
            <object_component_ref idref="oc-3b"/>
            <object_component_ref idref="oc-41"/>
            <object_component_ref idref="oc-47"/>
            <object_component_ref idref="oc-4a"/>
            <object_component_ref idref="oc-4d"/>
            <object_component_ref idref="oc-52"/>
            <object_component_ref idref="oc-55"/>
            <object_component_ref idref="oc-58"/>
            <object_component_ref idref="oc-5b"/>
            <object_component_ref idref="oc-5e"/>
            <object_component_ref idref="oc-61"/>
            <object_component_ref idref="oc-64"/>
         </contents>
      </logical_group>
      <logical_group id="lg-96">
         <name>.debug_abbrev</name>
         <load_address>0x0</load_address>
         <run_address>0x0</run_address>
         <size>0x1229</size>
         <contents>
            <object_component_ref idref="oc-1c"/>
            <object_component_ref idref="oc-24"/>
            <object_component_ref idref="oc-28"/>
            <object_component_ref idref="oc-2d"/>
            <object_component_ref idref="oc-33"/>
            <object_component_ref idref="oc-39"/>
            <object_component_ref idref="oc-3f"/>
            <object_component_ref idref="oc-45"/>
            <object_component_ref idref="oc-4b"/>
            <object_component_ref idref="oc-4e"/>
            <object_component_ref idref="oc-53"/>
            <object_component_ref idref="oc-56"/>
            <object_component_ref idref="oc-59"/>
            <object_component_ref idref="oc-5c"/>
            <object_component_ref idref="oc-5f"/>
            <object_component_ref idref="oc-62"/>
            <object_component_ref idref="oc-65"/>
            <object_component_ref idref="oc-9d"/>
         </contents>
      </logical_group>
      <logical_group id="lg-98">
         <name>.debug_frame</name>
         <load_address>0x0</load_address>
         <run_address>0x0</run_address>
         <size>0x2d8</size>
         <contents>
            <object_component_ref idref="oc-22"/>
         </contents>
      </logical_group>
   </logical_group_list>
   <placement_map>
      <memory_area>
         <name>VECS</name>
         <page_id>0x0</page_id>
         <origin>0x0</origin>
         <length>0x200</length>
         <used_space>0x200</used_space>
         <unused_space>0x0</unused_space>
         <attributes>RWIX</attributes>
         <usage_details>
            <allocated_space>
               <start_address>0x0</start_address>
               <size>0x200</size>
               <logical_group_ref idref="lg-2"/>
            </allocated_space>
         </usage_details>
      </memory_area>
      <memory_area>
         <name>IRAM</name>
         <page_id>0x0</page_id>
         <origin>0x200</origin>
         <length>0x2fe00</length>
         <used_space>0x2948</used_space>
         <unused_space>0x2d4b8</unused_space>
         <attributes>RWIX</attributes>
         <usage_details>
            <allocated_space>
               <start_address>0x200</start_address>
               <size>0x0</size>
               <logical_group_ref idref="lg-8"/>
            </allocated_space>
            <allocated_space>
               <start_address>0x200</start_address>
               <size>0x0</size>
               <logical_group_ref idref="lg-5"/>
            </allocated_space>
            <allocated_space>
               <start_address>0x200</start_address>
               <size>0x1f60</size>
               <logical_group_ref idref="lg-3"/>
            </allocated_space>
            <allocated_space>
               <start_address>0x2160</start_address>
               <size>0x400</size>
               <logical_group_ref idref="lg-4"/>
            </allocated_space>
            <allocated_space>
               <start_address>0x2560</start_address>
               <size>0x26c</size>
               <logical_group_ref idref="lg-b"/>
            </allocated_space>
            <available_space>
               <start_address>0x27cc</start_address>
               <size>0x4</size>
            </available_space>
            <allocated_space>
               <start_address>0x27d0</start_address>
               <size>0x264</size>
               <logical_group_ref idref="lg-10"/>
            </allocated_space>
            <allocated_space>
               <start_address>0x2a34</start_address>
               <size>0x118</size>
               <logical_group_ref idref="lg-7"/>
            </allocated_space>
            <available_space>
               <start_address>0x2b4c</start_address>
               <size>0x2d4b4</size>
            </available_space>
         </usage_details>
      </memory_area>
      <memory_area>
         <name>L2RAM</name>
         <page_id>0x0</page_id>
         <origin>0x30000</origin>
         <length>0x10000</length>
         <used_space>0x0</used_space>
         <unused_space>0x10000</unused_space>
         <attributes>RWIX</attributes>
         <usage_details>
         </usage_details>
      </memory_area>
      <memory_area>
         <name>EMIFCE0</name>
         <page_id>0x0</page_id>
         <origin>0x80000000</origin>
         <length>0x10000000</length>
         <used_space>0x0</used_space>
         <unused_space>0x10000000</unused_space>
         <attributes>RWIX</attributes>
         <usage_details>
         </usage_details>
      </memory_area>
      <memory_area>
         <name>EMIFCE1</name>
         <page_id>0x0</page_id>
         <origin>0x90000000</origin>
         <length>0x10000000</length>
         <used_space>0x0</used_space>
         <unused_space>0x10000000</unused_space>
         <attributes>RWIX</attributes>
         <usage_details>
         </usage_details>
      </memory_area>
      <memory_area>
         <name>EMIFCE2</name>
         <page_id>0x0</page_id>
         <origin>0xa0000000</origin>
         <length>0x10000000</length>
         <used_space>0x0</used_space>
         <unused_space>0x10000000</unused_space>
         <attributes>RWIX</attributes>
         <usage_details>
         </usage_details>
      </memory_area>
      <memory_area>
         <name>EMIFCE3</name>
         <page_id>0x0</page_id>
         <origin>0xb0000000</origin>
         <length>0x10000000</length>
         <used_space>0x0</used_space>
         <unused_space>0x10000000</unused_space>
         <attributes>RWIX</attributes>
         <usage_details>
         </usage_details>
      </memory_area>
   </placement_map>
   <symbol_table>
      <symbol id="sm-0">
         <name>cinit</name>
         <value>0x27d0</value>
      </symbol>
      <symbol id="sm-1">
         <name>___cinit__</name>
         <value>0x27d0</value>
      </symbol>
      <symbol id="sm-2">
         <name>pinit</name>
         <value>0xffffffff</value>
      </symbol>
      <symbol id="sm-3">
         <name>___pinit__</name>
         <value>0xffffffff</value>
      </symbol>
      <symbol id="sm-4">
         <name>binit</name>
         <value>0xffffffff</value>
      </symbol>
      <symbol id="sm-5">
         <name>___binit__</name>
         <value>0xffffffff</value>
      </symbol>
      <symbol id="sm-6">
         <name>__STACK_SIZE</name>
         <value>0x400</value>
      </symbol>
      <symbol id="sm-7">
         <name>__STACK_END</name>
         <value>0x2560</value>
      </symbol>
      <symbol id="sm-8">
         <name>___c_args__</name>
         <value>0xffffffff</value>
      </symbol>
      <symbol id="sm-9">
         <name>.text</name>
         <value>0x200</value>
      </symbol>
      <symbol id="sm-a">
         <name>___text__</name>
         <value>0x200</value>
      </symbol>
      <symbol id="sm-b">
         <name>etext</name>
         <value>0x2160</value>
      </symbol>
      <symbol id="sm-c">
         <name>___etext__</name>
         <value>0x2160</value>
      </symbol>
      <symbol id="sm-d">
         <name>.data</name>
         <value>0x200</value>
      </symbol>
      <symbol id="sm-e">
         <name>___data__</name>
         <value>0x200</value>
      </symbol>
      <symbol id="sm-f">
         <name>edata</name>
         <value>0x200</value>
      </symbol>
      <symbol id="sm-10">
         <name>___edata__</name>
         <value>0x200</value>
      </symbol>
      <symbol id="sm-11">
         <name>.bss</name>
         <value>0x200</value>
      </symbol>
      <symbol id="sm-12">
         <name>___bss__</name>
         <value>0x200</value>
      </symbol>
      <symbol id="sm-13">
         <name>end</name>
         <value>0x200</value>
      </symbol>
      <symbol id="sm-14">
         <name>___end__</name>
         <value>0x200</value>
      </symbol>
      <symbol id="sm-15">
         <name>___TI_pprof_out_hndl</name>
         <value>0xffffffff</value>
      </symbol>
      <symbol id="sm-16">
         <name>___TI_prof_data_start</name>
         <value>0xffffffff</value>
      </symbol>
      <symbol id="sm-17">
         <name>___TI_prof_data_size</name>
         <value>0xffffffff</value>
      </symbol>
      <symbol id="sm-18">
         <name>$bss</name>
         <value>0x200</value>
      </symbol>
      <symbol id="sm-8f">
         <name>_serialPortRcvISR</name>
         <value>0x9c0</value>
         <object_component_ref idref="oc-21"/>
      </symbol>
      <symbol id="sm-90">
         <name>_main</name>
         <value>0x1580</value>
         <object_component_ref idref="oc-73"/>
      </symbol>
      <symbol id="sm-91">
         <name>_config</name>
         <value>0x2658</value>
         <object_component_ref idref="oc-20"/>
      </symbol>
      <symbol id="sm-92">
         <name>_hCodec</name>
         <value>0x2654</value>
         <object_component_ref idref="oc-20"/>
      </symbol>
      <symbol id="sm-93">
         <name>_BL</name>
         <value>0x2b48</value>
         <object_component_ref idref="oc-1f"/>
      </symbol>
      <symbol id="sm-94">
         <name>_x</name>
         <value>0x2680</value>
         <object_component_ref idref="oc-20"/>
      </symbol>
      <symbol id="sm-95">
         <name>_n</name>
         <value>0x2734</value>
         <object_component_ref idref="oc-20"/>
      </symbol>
      <symbol id="sm-96">
         <name>_B</name>
         <value>0x2a34</value>
         <object_component_ref idref="oc-6b"/>
      </symbol>
      <symbol id="sm-b0">
         <name>__IRQ_eventTable</name>
         <value>0x2588</value>
         <object_component_ref idref="oc-27"/>
      </symbol>
      <symbol id="sm-b1">
         <name>_IRQ_nmiEnable</name>
         <value>0x20c0</value>
         <object_component_ref idref="oc-77"/>
      </symbol>
      <symbol id="sm-b2">
         <name>__IRQ_intTable</name>
         <value>0x260c</value>
         <object_component_ref idref="oc-27"/>
      </symbol>
      <symbol id="sm-b3">
         <name>_IRQ_globalEnable</name>
         <value>0x20a0</value>
         <object_component_ref idref="oc-7a"/>
      </symbol>
      <symbol id="sm-b4">
         <name>_IRQ_globalDisable</name>
         <value>0x2080</value>
         <object_component_ref idref="oc-76"/>
      </symbol>
      <symbol id="sm-b5">
         <name>_IRQ_map</name>
         <value>0x1220</value>
         <object_component_ref idref="oc-78"/>
      </symbol>
      <symbol id="sm-b6">
         <name>_IRQ_enable</name>
         <value>0x2000</value>
         <object_component_ref idref="oc-79"/>
      </symbol>
      <symbol id="sm-b7">
         <name>__IRQ_dispatchTable</name>
         <value>0x264c</value>
         <object_component_ref idref="oc-27"/>
      </symbol>
      <symbol id="sm-b8">
         <name>__IRQ_hookFetchPacket</name>
         <value>0x2140</value>
         <object_component_ref idref="oc-25"/>
      </symbol>
      <symbol id="sm-ce">
         <name>_MCBSP_reset</name>
         <value>0x13e0</value>
         <object_component_ref idref="oc-75"/>
      </symbol>
      <symbol id="sm-cf">
         <name>_MCBSP_read</name>
         <value>0x20e0</value>
         <object_component_ref idref="oc-69"/>
      </symbol>
      <symbol id="sm-d0">
         <name>_MCBSP_open</name>
         <value>0x1820</value>
         <object_component_ref idref="oc-6e"/>
      </symbol>
      <symbol id="sm-d1">
         <name>__MCBSP_hDev0</name>
         <value>0x2768</value>
         <object_component_ref idref="oc-2c"/>
      </symbol>
      <symbol id="sm-d2">
         <name>__MCBSP_hDev1</name>
         <value>0x276c</value>
         <object_component_ref idref="oc-2c"/>
      </symbol>
      <symbol id="sm-d3">
         <name>_MCBSP_start</name>
         <value>0x1920</value>
         <object_component_ref idref="oc-6f"/>
      </symbol>
      <symbol id="sm-d4">
         <name>_MCBSP_write</name>
         <value>0x2100</value>
         <object_component_ref idref="oc-6c"/>
      </symbol>
      <symbol id="sm-e2">
         <name>_DSK6713_init</name>
         <value>0x24c</value>
         <object_component_ref idref="oc-30"/>
      </symbol>
      <symbol id="sm-e3">
         <name>_DSK6713_version</name>
         <value>0x2736</value>
         <object_component_ref idref="oc-31"/>
      </symbol>
      <symbol id="sm-e4">
         <name>_DSK6713_rget</name>
         <value>0x568</value>
         <object_component_ref idref="oc-30"/>
      </symbol>
      <symbol id="sm-e5">
         <name>_DSK6713_wait</name>
         <value>0x590</value>
         <object_component_ref idref="oc-30"/>
      </symbol>
      <symbol id="sm-e6">
         <name>_DSK6713_rset</name>
         <value>0x57c</value>
         <object_component_ref idref="oc-30"/>
      </symbol>
      <symbol id="sm-e7">
         <name>_DSK6713_waitusec</name>
         <value>0x5e8</value>
         <object_component_ref idref="oc-30"/>
      </symbol>
      <symbol id="sm-e8">
         <name>_DSK6713_getVersion</name>
         <value>0x614</value>
         <object_component_ref idref="oc-30"/>
      </symbol>
      <symbol id="sm-f6">
         <name>_DSK6713_AIC23_codeccontrolhandle</name>
         <value>0x27c4</value>
         <object_component_ref idref="oc-37"/>
      </symbol>
      <symbol id="sm-f7">
         <name>_DSK6713_AIC23_codecdatahandle</name>
         <value>0x27c8</value>
         <object_component_ref idref="oc-37"/>
      </symbol>
      <symbol id="sm-f8">
         <name>_DSK6713_AIC23_openCodec</name>
         <value>0xce0</value>
         <object_component_ref idref="oc-36"/>
      </symbol>
      <symbol id="sm-106">
         <name>_DSK6713_AIC23_config</name>
         <value>0x17a0</value>
         <object_component_ref idref="oc-3c"/>
      </symbol>
      <symbol id="sm-107">
         <name>_DSK6713_AIC23_rget</name>
         <value>0x1778</value>
         <object_component_ref idref="oc-3c"/>
      </symbol>
      <symbol id="sm-108">
         <name>_DSK6713_AIC23_rset</name>
         <value>0x16e0</value>
         <object_component_ref idref="oc-3c"/>
      </symbol>
      <symbol id="sm-116">
         <name>_DSK6713_AIC23_setFreq</name>
         <value>0x1da0</value>
         <object_component_ref idref="oc-42"/>
      </symbol>
      <symbol id="sm-122">
         <name>_c_int00</name>
         <value>0x1f80</value>
         <object_component_ref idref="oc-18"/>
      </symbol>
      <symbol id="sm-123">
         <name>__stack</name>
         <value>0x2160</value>
         <object_component_ref idref="oc-49"/>
      </symbol>
      <symbol id="sm-12d">
         <name>__divf</name>
         <value>0x680</value>
         <object_component_ref idref="oc-6a"/>
      </symbol>
      <symbol id="sm-13d">
         <name>C$$EXIT</name>
         <value>0x2120</value>
         <object_component_ref idref="oc-74"/>
      </symbol>
      <symbol id="sm-13e">
         <name>_exit</name>
         <value>0x1c00</value>
         <object_component_ref idref="oc-68"/>
      </symbol>
      <symbol id="sm-13f">
         <name>___TI_enable_exit_profile_output</name>
         <value>0x27c0</value>
         <object_component_ref idref="oc-51"/>
      </symbol>
      <symbol id="sm-140">
         <name>_abort</name>
         <value>0x2120</value>
         <object_component_ref idref="oc-74"/>
      </symbol>
      <symbol id="sm-141">
         <name>__cleanup_ptr</name>
         <value>0x27b8</value>
         <object_component_ref idref="oc-51"/>
      </symbol>
      <symbol id="sm-142">
         <name>__dtors_ptr</name>
         <value>0x27bc</value>
         <object_component_ref idref="oc-51"/>
      </symbol>
      <symbol id="sm-14a">
         <name>__strasg</name>
         <value>0x1b20</value>
         <object_component_ref idref="oc-6d"/>
      </symbol>
      <symbol id="sm-154">
         <name>__args_main</name>
         <value>0x2040</value>
         <object_component_ref idref="oc-67"/>
      </symbol>
      <symbol id="sm-155">
         <name>__TI_args_main</name>
         <value>0x1</value>
      </symbol>
      <symbol id="sm-15f">
         <name>__auto_init</name>
         <value>0x1a20</value>
         <object_component_ref idref="oc-66"/>
      </symbol>
      <symbol id="sm-169">
         <name>___TI_cpp_init</name>
         <value>0x1f00</value>
         <object_component_ref idref="oc-72"/>
      </symbol>
      <symbol id="sm-173">
         <name>_copy_in</name>
         <value>0x1ce0</value>
         <object_component_ref idref="oc-70"/>
      </symbol>
      <symbol id="sm-17d">
         <name>_memcpy</name>
         <value>0xfe0</value>
         <object_component_ref idref="oc-71"/>
      </symbol>
   </symbol_table>
</link_info>
