<?xml version="1.0"?>
<link_info>
   <banner>TMS320C6x Linker PC v7.4.2</banner>
   <copyright>Copyright (c) 1996-2012 Texas Instruments Incorporated</copyright>
   <link_time>0x54598735</link_time>
   <output_file>simulator.out</output_file>
   <entry_point>
      <name>_c_int00</name>
      <address>0x14c0</address>
   </entry_point>
   <input_file_list>
      <input_file id="fl-2">
         <path>.\</path>
         <kind>object</kind>
         <file>stereoloop.obj</file>
         <name>stereoloop.obj</name>
      </input_file>
      <input_file id="fl-8">
         <path>C:\Program Files\Texas Instruments\C6xCSL\lib_3x\</path>
         <kind>archive</kind>
         <file>csl6713.lib</file>
         <name>csl_mcbsp.obj</name>
      </input_file>
      <input_file id="fl-9">
         <path>C:\Program Files\Texas Instruments\C6xCSL\lib_3x\</path>
         <kind>archive</kind>
         <file>csl6713.lib</file>
         <name>csl_irq.obj</name>
      </input_file>
      <input_file id="fl-a">
         <path>C:\Program Files\Texas Instruments\DSK6713\c6000\dsk6713\lib\</path>
         <kind>archive</kind>
         <file>dsk6713bsl.lib</file>
         <name>dsk6713_aic23_opencodec.obj</name>
      </input_file>
      <input_file id="fl-b">
         <path>C:\Program Files\Texas Instruments\DSK6713\c6000\dsk6713\lib\</path>
         <kind>archive</kind>
         <file>dsk6713bsl.lib</file>
         <name>dsk6713_aic23_registers.obj</name>
      </input_file>
      <input_file id="fl-83">
         <path>C:\ti\ccsv5\tools\compiler\c6000_7.4.2\lib\</path>
         <kind>archive</kind>
         <file>rts6700.lib</file>
         <name>boot.obj</name>
      </input_file>
      <input_file id="fl-84">
         <path>C:\ti\ccsv5\tools\compiler\c6000_7.4.2\lib\</path>
         <kind>archive</kind>
         <file>rts6700.lib</file>
         <name>divf.obj</name>
      </input_file>
      <input_file id="fl-85">
         <path>C:\ti\ccsv5\tools\compiler\c6000_7.4.2\lib\</path>
         <kind>archive</kind>
         <file>rts6700.lib</file>
         <name>exit.obj</name>
      </input_file>
      <input_file id="fl-86">
         <path>C:\ti\ccsv5\tools\compiler\c6000_7.4.2\lib\</path>
         <kind>archive</kind>
         <file>rts6700.lib</file>
         <name>strasg.obj</name>
      </input_file>
      <input_file id="fl-87">
         <path>C:\ti\ccsv5\tools\compiler\c6000_7.4.2\lib\</path>
         <kind>archive</kind>
         <file>rts6700.lib</file>
         <name>args_main.obj</name>
      </input_file>
      <input_file id="fl-88">
         <path>C:\ti\ccsv5\tools\compiler\c6000_7.4.2\lib\</path>
         <kind>archive</kind>
         <file>rts6700.lib</file>
         <name>autoinit.obj</name>
      </input_file>
      <input_file id="fl-89">
         <path>C:\ti\ccsv5\tools\compiler\c6000_7.4.2\lib\</path>
         <kind>archive</kind>
         <file>rts6700.lib</file>
         <name>cpp_init.obj</name>
      </input_file>
      <input_file id="fl-8a">
         <path>C:\ti\ccsv5\tools\compiler\c6000_7.4.2\lib\</path>
         <kind>archive</kind>
         <file>rts6700.lib</file>
         <name>cpy_tbl.obj</name>
      </input_file>
      <input_file id="fl-8b">
         <path>C:\ti\ccsv5\tools\compiler\c6000_7.4.2\lib\</path>
         <kind>archive</kind>
         <file>rts6700.lib</file>
         <name>memcpy62.obj</name>
      </input_file>
   </input_file_list>
   <object_component_list>
      <object_component id="oc-61">
         <name>.text:__divf</name>
         <load_address>0x200</load_address>
         <run_address>0x200</run_address>
         <size>0x340</size>
         <input_file_ref idref="fl-84"/>
      </object_component>
      <object_component id="oc-2a">
         <name>.text</name>
         <load_address>0x540</load_address>
         <run_address>0x540</run_address>
         <size>0x300</size>
         <input_file_ref idref="fl-a"/>
      </object_component>
      <object_component id="oc-5b">
         <name>.text:_memcpy</name>
         <load_address>0x840</load_address>
         <run_address>0x840</run_address>
         <size>0x240</size>
         <input_file_ref idref="fl-8b"/>
      </object_component>
      <object_component id="oc-5f">
         <name>.text:_MCBSP_reset</name>
         <load_address>0xa80</load_address>
         <run_address>0xa80</run_address>
         <size>0x1a0</size>
         <input_file_ref idref="fl-8"/>
      </object_component>
      <object_component id="oc-5d">
         <name>.text</name>
         <load_address>0xc20</load_address>
         <run_address>0xc20</run_address>
         <size>0x160</size>
         <input_file_ref idref="fl-2"/>
      </object_component>
      <object_component id="oc-30">
         <name>.text</name>
         <load_address>0xd80</load_address>
         <run_address>0xd80</run_address>
         <size>0x140</size>
         <input_file_ref idref="fl-b"/>
      </object_component>
      <object_component id="oc-58">
         <name>.text:_MCBSP_open</name>
         <load_address>0xec0</load_address>
         <run_address>0xec0</run_address>
         <size>0x100</size>
         <input_file_ref idref="fl-8"/>
      </object_component>
      <object_component id="oc-59">
         <name>.text:_MCBSP_start</name>
         <load_address>0xfc0</load_address>
         <run_address>0xfc0</run_address>
         <size>0x100</size>
         <input_file_ref idref="fl-8"/>
      </object_component>
      <object_component id="oc-54">
         <name>.text:__auto_init</name>
         <load_address>0x10c0</load_address>
         <run_address>0x10c0</run_address>
         <size>0x100</size>
         <input_file_ref idref="fl-88"/>
      </object_component>
      <object_component id="oc-57">
         <name>.text:__strasg</name>
         <load_address>0x11c0</load_address>
         <run_address>0x11c0</run_address>
         <size>0xe0</size>
         <input_file_ref idref="fl-86"/>
      </object_component>
      <object_component id="oc-56">
         <name>.text:_exit</name>
         <load_address>0x12a0</load_address>
         <run_address>0x12a0</run_address>
         <size>0xe0</size>
         <input_file_ref idref="fl-85"/>
      </object_component>
      <object_component id="oc-5a">
         <name>.text:_copy_in</name>
         <load_address>0x1380</load_address>
         <run_address>0x1380</run_address>
         <size>0xc0</size>
         <input_file_ref idref="fl-8a"/>
      </object_component>
      <object_component id="oc-5c">
         <name>.text:___TI_cpp_init</name>
         <load_address>0x1440</load_address>
         <run_address>0x1440</run_address>
         <size>0x80</size>
         <input_file_ref idref="fl-89"/>
      </object_component>
      <object_component id="oc-18">
         <name>.text:_c_int00</name>
         <load_address>0x14c0</load_address>
         <run_address>0x14c0</run_address>
         <size>0x80</size>
         <input_file_ref idref="fl-83"/>
      </object_component>
      <object_component id="oc-55">
         <name>.text:__args_main</name>
         <load_address>0x1540</load_address>
         <run_address>0x1540</run_address>
         <size>0x40</size>
         <input_file_ref idref="fl-87"/>
      </object_component>
      <object_component id="oc-60">
         <name>.text:_MCBSP_read</name>
         <load_address>0x1580</load_address>
         <run_address>0x1580</run_address>
         <size>0x20</size>
         <input_file_ref idref="fl-8"/>
      </object_component>
      <object_component id="oc-62">
         <name>.text:_MCBSP_write</name>
         <load_address>0x15a0</load_address>
         <run_address>0x15a0</run_address>
         <size>0x20</size>
         <input_file_ref idref="fl-8"/>
      </object_component>
      <object_component id="oc-5e">
         <name>.text:_abort</name>
         <load_address>0x15c0</load_address>
         <run_address>0x15c0</run_address>
         <size>0x20</size>
         <input_file_ref idref="fl-85"/>
      </object_component>
      <object_component id="oc-24">
         <name>.text</name>
         <load_address>0x15e0</load_address>
         <run_address>0x15e0</run_address>
         <size>0x20</size>
         <input_file_ref idref="fl-9"/>
      </object_component>
      <object_component id="oc-37">
         <name>.stack</name>
         <uninitialized>true</uninitialized>
         <run_address>0x1600</run_address>
         <size>0x8</size>
         <input_file_ref idref="fl-83"/>
      </object_component>
      <object_component id="oc-82">
         <name>.stack</name>
         <uninitialized>true</uninitialized>
         <run_address>0x1600</run_address>
         <size>0x0</size>
      </object_component>
      <object_component id="oc-2c">
         <name>.const</name>
         <load_address>0x1db0</load_address>
         <run_address>0x1db0</run_address>
         <size>0x40</size>
         <input_file_ref idref="fl-a"/>
      </object_component>
      <object_component id="oc-1b">
         <name>.far</name>
         <uninitialized>true</uninitialized>
         <run_address>0x1d48</run_address>
         <size>0x2c</size>
         <input_file_ref idref="fl-2"/>
      </object_component>
      <object_component id="oc-20">
         <name>.far</name>
         <uninitialized>true</uninitialized>
         <run_address>0x1d10</run_address>
         <size>0x38</size>
         <input_file_ref idref="fl-8"/>
      </object_component>
      <object_component id="oc-26">
         <name>.far</name>
         <uninitialized>true</uninitialized>
         <run_address>0x1c1c</run_address>
         <size>0xf4</size>
         <input_file_ref idref="fl-9"/>
      </object_component>
      <object_component id="oc-2b">
         <name>.far</name>
         <uninitialized>true</uninitialized>
         <run_address>0x1da8</run_address>
         <size>0x8</size>
         <input_file_ref idref="fl-a"/>
      </object_component>
      <object_component id="oc-32">
         <name>.far</name>
         <uninitialized>true</uninitialized>
         <run_address>0x1d74</run_address>
         <size>0x28</size>
         <input_file_ref idref="fl-b"/>
      </object_component>
      <object_component id="oc-3f">
         <name>.far</name>
         <uninitialized>true</uninitialized>
         <run_address>0x1d9c</run_address>
         <size>0xc</size>
         <input_file_ref idref="fl-85"/>
      </object_component>
      <object_component id="oc-25">
         <name>.cinit</name>
         <load_address>0x1a00</load_address>
         <run_address>0x1a00</run_address>
         <size>0x12c</size>
         <input_file_ref idref="fl-9"/>
      </object_component>
      <object_component id="oc-1f">
         <name>.cinit</name>
         <load_address>0x1b30</load_address>
         <run_address>0x1b30</run_address>
         <size>0x54</size>
         <input_file_ref idref="fl-8"/>
      </object_component>
      <object_component id="oc-31">
         <name>.cinit</name>
         <load_address>0x1b88</load_address>
         <run_address>0x1b88</run_address>
         <size>0x30</size>
         <input_file_ref idref="fl-b"/>
      </object_component>
      <object_component id="oc-1a">
         <name>.cinit</name>
         <load_address>0x1bb8</load_address>
         <run_address>0x1bb8</run_address>
         <size>0x30</size>
         <input_file_ref idref="fl-2"/>
      </object_component>
      <object_component id="oc-3e">
         <name>.cinit</name>
         <load_address>0x1be8</load_address>
         <run_address>0x1be8</run_address>
         <size>0x2c</size>
         <input_file_ref idref="fl-85"/>
      </object_component>
      <object_component id="oc-19">
         <name>.debug_info</name>
         <load_address>0x0</load_address>
         <run_address>0x0</run_address>
         <size>0x97e</size>
         <input_file_ref idref="fl-2"/>
      </object_component>
      <object_component id="oc-22">
         <name>.debug_info</name>
         <load_address>0x97e</load_address>
         <run_address>0x97e</run_address>
         <size>0xc15</size>
         <input_file_ref idref="fl-8"/>
      </object_component>
      <object_component id="oc-28">
         <name>.debug_info</name>
         <load_address>0x1593</load_address>
         <run_address>0x1593</run_address>
         <size>0x802</size>
         <input_file_ref idref="fl-9"/>
      </object_component>
      <object_component id="oc-2e">
         <name>.debug_info</name>
         <load_address>0x1d95</load_address>
         <run_address>0x1d95</run_address>
         <size>0x89f</size>
         <input_file_ref idref="fl-a"/>
      </object_component>
      <object_component id="oc-34">
         <name>.debug_info</name>
         <load_address>0x2634</load_address>
         <run_address>0x2634</run_address>
         <size>0x929</size>
         <input_file_ref idref="fl-b"/>
      </object_component>
      <object_component id="oc-36">
         <name>.debug_info</name>
         <load_address>0x2f5d</load_address>
         <run_address>0x2f5d</run_address>
         <size>0x711</size>
         <input_file_ref idref="fl-83"/>
      </object_component>
      <object_component id="oc-3a">
         <name>.debug_info</name>
         <load_address>0x366e</load_address>
         <run_address>0x366e</run_address>
         <size>0x8d4</size>
         <input_file_ref idref="fl-84"/>
      </object_component>
      <object_component id="oc-3d">
         <name>.debug_info</name>
         <load_address>0x3f42</load_address>
         <run_address>0x3f42</run_address>
         <size>0x809</size>
         <input_file_ref idref="fl-85"/>
      </object_component>
      <object_component id="oc-42">
         <name>.debug_info</name>
         <load_address>0x474b</load_address>
         <run_address>0x474b</run_address>
         <size>0xde</size>
         <input_file_ref idref="fl-86"/>
      </object_component>
      <object_component id="oc-45">
         <name>.debug_info</name>
         <load_address>0x4829</load_address>
         <run_address>0x4829</run_address>
         <size>0x6e7</size>
         <input_file_ref idref="fl-87"/>
      </object_component>
      <object_component id="oc-48">
         <name>.debug_info</name>
         <load_address>0x4f10</load_address>
         <run_address>0x4f10</run_address>
         <size>0x87b</size>
         <input_file_ref idref="fl-88"/>
      </object_component>
      <object_component id="oc-4b">
         <name>.debug_info</name>
         <load_address>0x578b</load_address>
         <run_address>0x578b</run_address>
         <size>0x6f3</size>
         <input_file_ref idref="fl-89"/>
      </object_component>
      <object_component id="oc-4e">
         <name>.debug_info</name>
         <load_address>0x5e7e</load_address>
         <run_address>0x5e7e</run_address>
         <size>0x7e9</size>
         <input_file_ref idref="fl-8a"/>
      </object_component>
      <object_component id="oc-51">
         <name>.debug_info</name>
         <load_address>0x6667</load_address>
         <run_address>0x6667</run_address>
         <size>0x7a0</size>
         <input_file_ref idref="fl-8b"/>
      </object_component>
      <object_component id="oc-83">
         <name>.debug_info</name>
         <load_address>0x6e07</load_address>
         <run_address>0x6e07</run_address>
         <size>0x6d</size>
      </object_component>
      <object_component id="oc-1c">
         <name>.debug_frame</name>
         <load_address>0x0</load_address>
         <run_address>0x0</run_address>
         <size>0x277</size>
         <input_file_ref idref="fl-2"/>
      </object_component>
      <object_component id="oc-1d">
         <name>.debug_line</name>
         <load_address>0x0</load_address>
         <run_address>0x0</run_address>
         <size>0x70</size>
         <input_file_ref idref="fl-2"/>
      </object_component>
      <object_component id="oc-23">
         <name>.debug_line</name>
         <load_address>0x70</load_address>
         <run_address>0x70</run_address>
         <size>0xe9</size>
         <input_file_ref idref="fl-8"/>
      </object_component>
      <object_component id="oc-29">
         <name>.debug_line</name>
         <load_address>0x159</load_address>
         <run_address>0x159</run_address>
         <size>0x64</size>
         <input_file_ref idref="fl-9"/>
      </object_component>
      <object_component id="oc-2f">
         <name>.debug_line</name>
         <load_address>0x1bd</load_address>
         <run_address>0x1bd</run_address>
         <size>0x4f</size>
         <input_file_ref idref="fl-a"/>
      </object_component>
      <object_component id="oc-35">
         <name>.debug_line</name>
         <load_address>0x20c</load_address>
         <run_address>0x20c</run_address>
         <size>0x7e</size>
         <input_file_ref idref="fl-b"/>
      </object_component>
      <object_component id="oc-38">
         <name>.debug_line</name>
         <load_address>0x28a</load_address>
         <run_address>0x28a</run_address>
         <size>0x3d</size>
         <input_file_ref idref="fl-83"/>
      </object_component>
      <object_component id="oc-3b">
         <name>.debug_line</name>
         <load_address>0x2c7</load_address>
         <run_address>0x2c7</run_address>
         <size>0x3c</size>
         <input_file_ref idref="fl-84"/>
      </object_component>
      <object_component id="oc-40">
         <name>.debug_line</name>
         <load_address>0x303</load_address>
         <run_address>0x303</run_address>
         <size>0x4f</size>
         <input_file_ref idref="fl-85"/>
      </object_component>
      <object_component id="oc-43">
         <name>.debug_line</name>
         <load_address>0x352</load_address>
         <run_address>0x352</run_address>
         <size>0x48</size>
         <input_file_ref idref="fl-86"/>
      </object_component>
      <object_component id="oc-46">
         <name>.debug_line</name>
         <load_address>0x39a</load_address>
         <run_address>0x39a</run_address>
         <size>0x41</size>
         <input_file_ref idref="fl-87"/>
      </object_component>
      <object_component id="oc-49">
         <name>.debug_line</name>
         <load_address>0x3db</load_address>
         <run_address>0x3db</run_address>
         <size>0x47</size>
         <input_file_ref idref="fl-88"/>
      </object_component>
      <object_component id="oc-4c">
         <name>.debug_line</name>
         <load_address>0x422</load_address>
         <run_address>0x422</run_address>
         <size>0x45</size>
         <input_file_ref idref="fl-89"/>
      </object_component>
      <object_component id="oc-4f">
         <name>.debug_line</name>
         <load_address>0x467</load_address>
         <run_address>0x467</run_address>
         <size>0x44</size>
         <input_file_ref idref="fl-8a"/>
      </object_component>
      <object_component id="oc-52">
         <name>.debug_line</name>
         <load_address>0x4ab</load_address>
         <run_address>0x4ab</run_address>
         <size>0x4e</size>
         <input_file_ref idref="fl-8b"/>
      </object_component>
      <object_component id="oc-1e">
         <name>.debug_abbrev</name>
         <load_address>0x0</load_address>
         <run_address>0x0</run_address>
         <size>0x13b</size>
         <input_file_ref idref="fl-2"/>
      </object_component>
      <object_component id="oc-21">
         <name>.debug_abbrev</name>
         <load_address>0x13b</load_address>
         <run_address>0x13b</run_address>
         <size>0x1a3</size>
         <input_file_ref idref="fl-8"/>
      </object_component>
      <object_component id="oc-27">
         <name>.debug_abbrev</name>
         <load_address>0x2de</load_address>
         <run_address>0x2de</run_address>
         <size>0x1b7</size>
         <input_file_ref idref="fl-9"/>
      </object_component>
      <object_component id="oc-2d">
         <name>.debug_abbrev</name>
         <load_address>0x495</load_address>
         <run_address>0x495</run_address>
         <size>0x126</size>
         <input_file_ref idref="fl-a"/>
      </object_component>
      <object_component id="oc-33">
         <name>.debug_abbrev</name>
         <load_address>0x5bb</load_address>
         <run_address>0x5bb</run_address>
         <size>0x14e</size>
         <input_file_ref idref="fl-b"/>
      </object_component>
      <object_component id="oc-39">
         <name>.debug_abbrev</name>
         <load_address>0x709</load_address>
         <run_address>0x709</run_address>
         <size>0xfe</size>
         <input_file_ref idref="fl-83"/>
      </object_component>
      <object_component id="oc-3c">
         <name>.debug_abbrev</name>
         <load_address>0x807</load_address>
         <run_address>0x807</run_address>
         <size>0xe7</size>
         <input_file_ref idref="fl-84"/>
      </object_component>
      <object_component id="oc-41">
         <name>.debug_abbrev</name>
         <load_address>0x8ee</load_address>
         <run_address>0x8ee</run_address>
         <size>0x119</size>
         <input_file_ref idref="fl-85"/>
      </object_component>
      <object_component id="oc-44">
         <name>.debug_abbrev</name>
         <load_address>0xa07</load_address>
         <run_address>0xa07</run_address>
         <size>0x3a</size>
         <input_file_ref idref="fl-86"/>
      </object_component>
      <object_component id="oc-47">
         <name>.debug_abbrev</name>
         <load_address>0xa41</load_address>
         <run_address>0xa41</run_address>
         <size>0xe1</size>
         <input_file_ref idref="fl-87"/>
      </object_component>
      <object_component id="oc-4a">
         <name>.debug_abbrev</name>
         <load_address>0xb22</load_address>
         <run_address>0xb22</run_address>
         <size>0x13f</size>
         <input_file_ref idref="fl-88"/>
      </object_component>
      <object_component id="oc-4d">
         <name>.debug_abbrev</name>
         <load_address>0xc61</load_address>
         <run_address>0xc61</run_address>
         <size>0xdd</size>
         <input_file_ref idref="fl-89"/>
      </object_component>
      <object_component id="oc-50">
         <name>.debug_abbrev</name>
         <load_address>0xd3e</load_address>
         <run_address>0xd3e</run_address>
         <size>0x10c</size>
         <input_file_ref idref="fl-8a"/>
      </object_component>
      <object_component id="oc-53">
         <name>.debug_abbrev</name>
         <load_address>0xe4a</load_address>
         <run_address>0xe4a</run_address>
         <size>0xd5</size>
         <input_file_ref idref="fl-8b"/>
      </object_component>
      <object_component id="oc-84">
         <name>.debug_abbrev</name>
         <load_address>0xf1f</load_address>
         <run_address>0xf1f</run_address>
         <size>0xd</size>
      </object_component>
   </object_component_list>
   <logical_group_list>
      <logical_group id="lg-2">
         <name>vectors</name>
         <run_address>0x0</run_address>
         <size>0x0</size>
         <contents>
         </contents>
      </logical_group>
      <logical_group id="lg-3">
         <name>.text</name>
         <load_address>0x200</load_address>
         <run_address>0x200</run_address>
         <size>0x1400</size>
         <contents>
            <object_component_ref idref="oc-61"/>
            <object_component_ref idref="oc-2a"/>
            <object_component_ref idref="oc-5b"/>
            <object_component_ref idref="oc-5f"/>
            <object_component_ref idref="oc-5d"/>
            <object_component_ref idref="oc-30"/>
            <object_component_ref idref="oc-58"/>
            <object_component_ref idref="oc-59"/>
            <object_component_ref idref="oc-54"/>
            <object_component_ref idref="oc-57"/>
            <object_component_ref idref="oc-56"/>
            <object_component_ref idref="oc-5a"/>
            <object_component_ref idref="oc-5c"/>
            <object_component_ref idref="oc-18"/>
            <object_component_ref idref="oc-55"/>
            <object_component_ref idref="oc-60"/>
            <object_component_ref idref="oc-62"/>
            <object_component_ref idref="oc-5e"/>
            <object_component_ref idref="oc-24"/>
         </contents>
      </logical_group>
      <logical_group id="lg-4">
         <name>.stack</name>
         <run_address>0x1600</run_address>
         <size>0x400</size>
         <contents>
            <object_component_ref idref="oc-37"/>
            <object_component_ref idref="oc-82"/>
         </contents>
      </logical_group>
      <logical_group id="lg-5">
         <name>.bss</name>
         <run_address>0x200</run_address>
         <size>0x0</size>
         <contents>
         </contents>
      </logical_group>
      <logical_group id="lg-6">
         <name>.cio</name>
         <run_address>0x0</run_address>
         <size>0x0</size>
         <contents>
         </contents>
      </logical_group>
      <logical_group id="lg-7">
         <name>.const</name>
         <load_address>0x1db0</load_address>
         <run_address>0x1db0</run_address>
         <size>0x40</size>
         <contents>
            <object_component_ref idref="oc-2c"/>
         </contents>
      </logical_group>
      <logical_group id="lg-8">
         <name>.data</name>
         <run_address>0x200</run_address>
         <size>0x0</size>
         <contents>
         </contents>
      </logical_group>
      <logical_group id="lg-9">
         <name>.switch</name>
         <run_address>0x0</run_address>
         <size>0x0</size>
         <contents>
         </contents>
      </logical_group>
      <logical_group id="lg-a">
         <name>.sysmem</name>
         <run_address>0x0</run_address>
         <size>0x0</size>
         <contents>
         </contents>
      </logical_group>
      <logical_group id="lg-b">
         <name>.far</name>
         <run_address>0x1c1c</run_address>
         <size>0x194</size>
         <contents>
            <object_component_ref idref="oc-1b"/>
            <object_component_ref idref="oc-20"/>
            <object_component_ref idref="oc-26"/>
            <object_component_ref idref="oc-2b"/>
            <object_component_ref idref="oc-32"/>
            <object_component_ref idref="oc-3f"/>
         </contents>
      </logical_group>
      <logical_group id="lg-c">
         <name>.args</name>
         <run_address>0x0</run_address>
         <size>0x0</size>
         <contents>
         </contents>
      </logical_group>
      <logical_group id="lg-d">
         <name>.ppinfo</name>
         <run_address>0x0</run_address>
         <size>0x0</size>
         <contents>
         </contents>
      </logical_group>
      <logical_group id="lg-e">
         <name>.ppdata</name>
         <run_address>0x0</run_address>
         <size>0x0</size>
         <contents>
         </contents>
      </logical_group>
      <logical_group id="lg-f">
         <name>.pinit</name>
         <run_address>0x0</run_address>
         <size>0x0</size>
         <contents>
         </contents>
      </logical_group>
      <logical_group id="lg-10">
         <name>.cinit</name>
         <load_address>0x1a00</load_address>
         <run_address>0x1a00</run_address>
         <size>0x21c</size>
         <contents>
            <object_component_ref idref="oc-25"/>
            <object_component_ref idref="oc-1f"/>
            <object_component_ref idref="oc-31"/>
            <object_component_ref idref="oc-1a"/>
            <object_component_ref idref="oc-3e"/>
         </contents>
      </logical_group>
      <logical_group id="lg-11">
         <name>.binit</name>
         <run_address>0x0</run_address>
         <size>0x0</size>
         <contents>
         </contents>
      </logical_group>
      <logical_group id="lg-12">
         <name>.init_array</name>
         <run_address>0x0</run_address>
         <size>0x0</size>
         <contents>
         </contents>
      </logical_group>
      <logical_group id="lg-13">
         <name>.neardata</name>
         <run_address>0x0</run_address>
         <size>0x0</size>
         <contents>
         </contents>
      </logical_group>
      <logical_group id="lg-14">
         <name>.fardata</name>
         <run_address>0x0</run_address>
         <size>0x0</size>
         <contents>
         </contents>
      </logical_group>
      <logical_group id="lg-15">
         <name>.rodata</name>
         <run_address>0x0</run_address>
         <size>0x0</size>
         <contents>
         </contents>
      </logical_group>
      <logical_group id="lg-16">
         <name>.c6xabi.exidx</name>
         <run_address>0x0</run_address>
         <size>0x0</size>
         <contents>
         </contents>
      </logical_group>
      <logical_group id="lg-17">
         <name>.c6xabi.extab</name>
         <run_address>0x0</run_address>
         <size>0x0</size>
         <contents>
         </contents>
      </logical_group>
      <logical_group id="lg-79">
         <name>.debug_info</name>
         <load_address>0x0</load_address>
         <run_address>0x0</run_address>
         <size>0x6e74</size>
         <contents>
            <object_component_ref idref="oc-19"/>
            <object_component_ref idref="oc-22"/>
            <object_component_ref idref="oc-28"/>
            <object_component_ref idref="oc-2e"/>
            <object_component_ref idref="oc-34"/>
            <object_component_ref idref="oc-36"/>
            <object_component_ref idref="oc-3a"/>
            <object_component_ref idref="oc-3d"/>
            <object_component_ref idref="oc-42"/>
            <object_component_ref idref="oc-45"/>
            <object_component_ref idref="oc-48"/>
            <object_component_ref idref="oc-4b"/>
            <object_component_ref idref="oc-4e"/>
            <object_component_ref idref="oc-51"/>
            <object_component_ref idref="oc-83"/>
         </contents>
      </logical_group>
      <logical_group id="lg-7b">
         <name>.debug_frame</name>
         <load_address>0x0</load_address>
         <run_address>0x0</run_address>
         <size>0x277</size>
         <contents>
            <object_component_ref idref="oc-1c"/>
         </contents>
      </logical_group>
      <logical_group id="lg-7d">
         <name>.debug_line</name>
         <load_address>0x0</load_address>
         <run_address>0x0</run_address>
         <size>0x4f9</size>
         <contents>
            <object_component_ref idref="oc-1d"/>
            <object_component_ref idref="oc-23"/>
            <object_component_ref idref="oc-29"/>
            <object_component_ref idref="oc-2f"/>
            <object_component_ref idref="oc-35"/>
            <object_component_ref idref="oc-38"/>
            <object_component_ref idref="oc-3b"/>
            <object_component_ref idref="oc-40"/>
            <object_component_ref idref="oc-43"/>
            <object_component_ref idref="oc-46"/>
            <object_component_ref idref="oc-49"/>
            <object_component_ref idref="oc-4c"/>
            <object_component_ref idref="oc-4f"/>
            <object_component_ref idref="oc-52"/>
         </contents>
      </logical_group>
      <logical_group id="lg-7f">
         <name>.debug_abbrev</name>
         <load_address>0x0</load_address>
         <run_address>0x0</run_address>
         <size>0xf2c</size>
         <contents>
            <object_component_ref idref="oc-1e"/>
            <object_component_ref idref="oc-21"/>
            <object_component_ref idref="oc-27"/>
            <object_component_ref idref="oc-2d"/>
            <object_component_ref idref="oc-33"/>
            <object_component_ref idref="oc-39"/>
            <object_component_ref idref="oc-3c"/>
            <object_component_ref idref="oc-41"/>
            <object_component_ref idref="oc-44"/>
            <object_component_ref idref="oc-47"/>
            <object_component_ref idref="oc-4a"/>
            <object_component_ref idref="oc-4d"/>
            <object_component_ref idref="oc-50"/>
            <object_component_ref idref="oc-53"/>
            <object_component_ref idref="oc-84"/>
         </contents>
      </logical_group>
   </logical_group_list>
   <placement_map>
      <memory_area>
         <name>VECS</name>
         <page_id>0x0</page_id>
         <origin>0x0</origin>
         <length>0x200</length>
         <used_space>0x0</used_space>
         <unused_space>0x200</unused_space>
         <attributes>RWIX</attributes>
         <usage_details>
         </usage_details>
      </memory_area>
      <memory_area>
         <name>IRAM</name>
         <page_id>0x0</page_id>
         <origin>0x200</origin>
         <length>0x2fe00</length>
         <used_space>0x1bf0</used_space>
         <unused_space>0x2e210</unused_space>
         <attributes>RWIX</attributes>
         <usage_details>
            <allocated_space>
               <start_address>0x200</start_address>
               <size>0x0</size>
               <logical_group_ref idref="lg-8"/>
            </allocated_space>
            <allocated_space>
               <start_address>0x200</start_address>
               <size>0x0</size>
               <logical_group_ref idref="lg-5"/>
            </allocated_space>
            <allocated_space>
               <start_address>0x200</start_address>
               <size>0x1400</size>
               <logical_group_ref idref="lg-3"/>
            </allocated_space>
            <allocated_space>
               <start_address>0x1600</start_address>
               <size>0x400</size>
               <logical_group_ref idref="lg-4"/>
            </allocated_space>
            <allocated_space>
               <start_address>0x1a00</start_address>
               <size>0x21c</size>
               <logical_group_ref idref="lg-10"/>
            </allocated_space>
            <allocated_space>
               <start_address>0x1c1c</start_address>
               <size>0x194</size>
               <logical_group_ref idref="lg-b"/>
            </allocated_space>
            <allocated_space>
               <start_address>0x1db0</start_address>
               <size>0x40</size>
               <logical_group_ref idref="lg-7"/>
            </allocated_space>
            <available_space>
               <start_address>0x1df0</start_address>
               <size>0x2e210</size>
            </available_space>
         </usage_details>
      </memory_area>
      <memory_area>
         <name>L2RAM</name>
         <page_id>0x0</page_id>
         <origin>0x30000</origin>
         <length>0x10000</length>
         <used_space>0x0</used_space>
         <unused_space>0x10000</unused_space>
         <attributes>RWIX</attributes>
         <usage_details>
         </usage_details>
      </memory_area>
      <memory_area>
         <name>EMIFCE0</name>
         <page_id>0x0</page_id>
         <origin>0x80000000</origin>
         <length>0x10000000</length>
         <used_space>0x0</used_space>
         <unused_space>0x10000000</unused_space>
         <attributes>RWIX</attributes>
         <usage_details>
         </usage_details>
      </memory_area>
      <memory_area>
         <name>EMIFCE1</name>
         <page_id>0x0</page_id>
         <origin>0x90000000</origin>
         <length>0x10000000</length>
         <used_space>0x0</used_space>
         <unused_space>0x10000000</unused_space>
         <attributes>RWIX</attributes>
         <usage_details>
         </usage_details>
      </memory_area>
      <memory_area>
         <name>EMIFCE2</name>
         <page_id>0x0</page_id>
         <origin>0xa0000000</origin>
         <length>0x10000000</length>
         <used_space>0x0</used_space>
         <unused_space>0x10000000</unused_space>
         <attributes>RWIX</attributes>
         <usage_details>
         </usage_details>
      </memory_area>
      <memory_area>
         <name>EMIFCE3</name>
         <page_id>0x0</page_id>
         <origin>0xb0000000</origin>
         <length>0x10000000</length>
         <used_space>0x0</used_space>
         <unused_space>0x10000000</unused_space>
         <attributes>RWIX</attributes>
         <usage_details>
         </usage_details>
      </memory_area>
   </placement_map>
   <symbol_table>
      <symbol id="sm-0">
         <name>cinit</name>
         <value>0x1a00</value>
      </symbol>
      <symbol id="sm-1">
         <name>___cinit__</name>
         <value>0x1a00</value>
      </symbol>
      <symbol id="sm-2">
         <name>pinit</name>
         <value>0xffffffff</value>
      </symbol>
      <symbol id="sm-3">
         <name>___pinit__</name>
         <value>0xffffffff</value>
      </symbol>
      <symbol id="sm-4">
         <name>binit</name>
         <value>0xffffffff</value>
      </symbol>
      <symbol id="sm-5">
         <name>___binit__</name>
         <value>0xffffffff</value>
      </symbol>
      <symbol id="sm-6">
         <name>__STACK_SIZE</name>
         <value>0x400</value>
      </symbol>
      <symbol id="sm-7">
         <name>__STACK_END</name>
         <value>0x1a00</value>
      </symbol>
      <symbol id="sm-8">
         <name>___c_args__</name>
         <value>0xffffffff</value>
      </symbol>
      <symbol id="sm-9">
         <name>.text</name>
         <value>0x200</value>
      </symbol>
      <symbol id="sm-a">
         <name>___text__</name>
         <value>0x200</value>
      </symbol>
      <symbol id="sm-b">
         <name>etext</name>
         <value>0x1600</value>
      </symbol>
      <symbol id="sm-c">
         <name>___etext__</name>
         <value>0x1600</value>
      </symbol>
      <symbol id="sm-d">
         <name>.data</name>
         <value>0x200</value>
      </symbol>
      <symbol id="sm-e">
         <name>___data__</name>
         <value>0x200</value>
      </symbol>
      <symbol id="sm-f">
         <name>edata</name>
         <value>0x200</value>
      </symbol>
      <symbol id="sm-10">
         <name>___edata__</name>
         <value>0x200</value>
      </symbol>
      <symbol id="sm-11">
         <name>.bss</name>
         <value>0x200</value>
      </symbol>
      <symbol id="sm-12">
         <name>___bss__</name>
         <value>0x200</value>
      </symbol>
      <symbol id="sm-13">
         <name>end</name>
         <value>0x200</value>
      </symbol>
      <symbol id="sm-14">
         <name>___end__</name>
         <value>0x200</value>
      </symbol>
      <symbol id="sm-15">
         <name>___TI_pprof_out_hndl</name>
         <value>0xffffffff</value>
      </symbol>
      <symbol id="sm-16">
         <name>___TI_prof_data_start</name>
         <value>0xffffffff</value>
      </symbol>
      <symbol id="sm-17">
         <name>___TI_prof_data_size</name>
         <value>0xffffffff</value>
      </symbol>
      <symbol id="sm-18">
         <name>$bss</name>
         <value>0x200</value>
      </symbol>
      <symbol id="sm-61">
         <name>_serialPortRcvISR</name>
         <value>0xcb4</value>
         <object_component_ref idref="oc-5d"/>
      </symbol>
      <symbol id="sm-62">
         <name>_main</name>
         <value>0xc20</value>
         <object_component_ref idref="oc-5d"/>
      </symbol>
      <symbol id="sm-63">
         <name>_config</name>
         <value>0x1d4c</value>
         <object_component_ref idref="oc-1b"/>
      </symbol>
      <symbol id="sm-64">
         <name>_hCodec</name>
         <value>0x1d48</value>
         <object_component_ref idref="oc-1b"/>
      </symbol>
      <symbol id="sm-7a">
         <name>_MCBSP_reset</name>
         <value>0xa80</value>
         <object_component_ref idref="oc-5f"/>
      </symbol>
      <symbol id="sm-7b">
         <name>_MCBSP_read</name>
         <value>0x1580</value>
         <object_component_ref idref="oc-60"/>
      </symbol>
      <symbol id="sm-7c">
         <name>_MCBSP_open</name>
         <value>0xec0</value>
         <object_component_ref idref="oc-58"/>
      </symbol>
      <symbol id="sm-7d">
         <name>__MCBSP_hDev0</name>
         <value>0x1d40</value>
         <object_component_ref idref="oc-20"/>
      </symbol>
      <symbol id="sm-7e">
         <name>__MCBSP_hDev1</name>
         <value>0x1d44</value>
         <object_component_ref idref="oc-20"/>
      </symbol>
      <symbol id="sm-7f">
         <name>_MCBSP_start</name>
         <value>0xfc0</value>
         <object_component_ref idref="oc-59"/>
      </symbol>
      <symbol id="sm-80">
         <name>_MCBSP_write</name>
         <value>0x15a0</value>
         <object_component_ref idref="oc-62"/>
      </symbol>
      <symbol id="sm-8e">
         <name>__IRQ_eventTable</name>
         <value>0x1c44</value>
         <object_component_ref idref="oc-26"/>
      </symbol>
      <symbol id="sm-8f">
         <name>__IRQ_intTable</name>
         <value>0x1cc8</value>
         <object_component_ref idref="oc-26"/>
      </symbol>
      <symbol id="sm-90">
         <name>__IRQ_dispatchTable</name>
         <value>0x1d08</value>
         <object_component_ref idref="oc-26"/>
      </symbol>
      <symbol id="sm-91">
         <name>__IRQ_hookFetchPacket</name>
         <value>0x15e0</value>
         <object_component_ref idref="oc-24"/>
      </symbol>
      <symbol id="sm-9f">
         <name>_DSK6713_AIC23_codeccontrolhandle</name>
         <value>0x1da8</value>
         <object_component_ref idref="oc-2b"/>
      </symbol>
      <symbol id="sm-a0">
         <name>_DSK6713_AIC23_codecdatahandle</name>
         <value>0x1dac</value>
         <object_component_ref idref="oc-2b"/>
      </symbol>
      <symbol id="sm-a1">
         <name>_DSK6713_AIC23_openCodec</name>
         <value>0x540</value>
         <object_component_ref idref="oc-2a"/>
      </symbol>
      <symbol id="sm-af">
         <name>_DSK6713_AIC23_config</name>
         <value>0xe40</value>
         <object_component_ref idref="oc-30"/>
      </symbol>
      <symbol id="sm-b0">
         <name>_DSK6713_AIC23_rget</name>
         <value>0xe18</value>
         <object_component_ref idref="oc-30"/>
      </symbol>
      <symbol id="sm-b1">
         <name>_DSK6713_AIC23_rset</name>
         <value>0xd80</value>
         <object_component_ref idref="oc-30"/>
      </symbol>
      <symbol id="sm-bd">
         <name>_c_int00</name>
         <value>0x14c0</value>
         <object_component_ref idref="oc-18"/>
      </symbol>
      <symbol id="sm-be">
         <name>__stack</name>
         <value>0x1600</value>
         <object_component_ref idref="oc-37"/>
      </symbol>
      <symbol id="sm-c8">
         <name>__divf</name>
         <value>0x200</value>
         <object_component_ref idref="oc-61"/>
      </symbol>
      <symbol id="sm-d8">
         <name>C$$EXIT</name>
         <value>0x15c0</value>
         <object_component_ref idref="oc-5e"/>
      </symbol>
      <symbol id="sm-d9">
         <name>_exit</name>
         <value>0x12a0</value>
         <object_component_ref idref="oc-56"/>
      </symbol>
      <symbol id="sm-da">
         <name>___TI_enable_exit_profile_output</name>
         <value>0x1da4</value>
         <object_component_ref idref="oc-3f"/>
      </symbol>
      <symbol id="sm-db">
         <name>_abort</name>
         <value>0x15c0</value>
         <object_component_ref idref="oc-5e"/>
      </symbol>
      <symbol id="sm-dc">
         <name>__cleanup_ptr</name>
         <value>0x1d9c</value>
         <object_component_ref idref="oc-3f"/>
      </symbol>
      <symbol id="sm-dd">
         <name>__dtors_ptr</name>
         <value>0x1da0</value>
         <object_component_ref idref="oc-3f"/>
      </symbol>
      <symbol id="sm-e5">
         <name>__strasg</name>
         <value>0x11c0</value>
         <object_component_ref idref="oc-57"/>
      </symbol>
      <symbol id="sm-ef">
         <name>__args_main</name>
         <value>0x1540</value>
         <object_component_ref idref="oc-55"/>
      </symbol>
      <symbol id="sm-f0">
         <name>__TI_args_main</name>
         <value>0x1</value>
      </symbol>
      <symbol id="sm-fa">
         <name>__auto_init</name>
         <value>0x10c0</value>
         <object_component_ref idref="oc-54"/>
      </symbol>
      <symbol id="sm-104">
         <name>___TI_cpp_init</name>
         <value>0x1440</value>
         <object_component_ref idref="oc-5c"/>
      </symbol>
      <symbol id="sm-10e">
         <name>_copy_in</name>
         <value>0x1380</value>
         <object_component_ref idref="oc-5a"/>
      </symbol>
      <symbol id="sm-118">
         <name>_memcpy</name>
         <value>0x840</value>
         <object_component_ref idref="oc-5b"/>
      </symbol>
   </symbol_table>
</link_info>
