<?xml version="1.0"?>
<link_info>
   <banner>TMS320C6x Linker PC v7.4.2</banner>
   <copyright>Copyright (c) 1996-2012 Texas Instruments Incorporated</copyright>
   <link_time>0x546d35a4</link_time>
   <output_file>lab3_IIR_DF2_SOS.out</output_file>
   <entry_point>
      <name>_c_int00</name>
      <address>0x1e40</address>
   </entry_point>
   <input_file_list>
      <input_file id="fl-2">
         <path>.\</path>
         <kind>object</kind>
         <file>vectors.obj</file>
         <name>vectors.obj</name>
      </input_file>
      <input_file id="fl-3">
         <path>.\</path>
         <kind>object</kind>
         <file>lab3_IIR_SOS.obj</file>
         <name>lab3_IIR_SOS.obj</name>
      </input_file>
      <input_file id="fl-9">
         <path>C:\ti\lib_3x\</path>
         <kind>archive</kind>
         <file>csl6713.lib</file>
         <name>csl_irq.obj</name>
      </input_file>
      <input_file id="fl-a">
         <path>C:\ti\lib_3x\</path>
         <kind>archive</kind>
         <file>csl6713.lib</file>
         <name>csl_mcbsp.obj</name>
      </input_file>
      <input_file id="fl-b">
         <path>C:\ti\DSK6713\c6000\dsk6713\lib\</path>
         <kind>archive</kind>
         <file>dsk6713bsl.lib</file>
         <name>dsk6713.obj</name>
      </input_file>
      <input_file id="fl-c">
         <path>C:\ti\DSK6713\c6000\dsk6713\lib\</path>
         <kind>archive</kind>
         <file>dsk6713bsl.lib</file>
         <name>dsk6713_aic23_opencodec.obj</name>
      </input_file>
      <input_file id="fl-d">
         <path>C:\ti\DSK6713\c6000\dsk6713\lib\</path>
         <kind>archive</kind>
         <file>dsk6713bsl.lib</file>
         <name>dsk6713_aic23_registers.obj</name>
      </input_file>
      <input_file id="fl-e">
         <path>C:\ti\DSK6713\c6000\dsk6713\lib\</path>
         <kind>archive</kind>
         <file>dsk6713bsl.lib</file>
         <name>dsk6713_aic23_setfreq.obj</name>
      </input_file>
      <input_file id="fl-86">
         <path>C:\ti\ccsv5\tools\compiler\c6000_7.4.2\lib\</path>
         <kind>archive</kind>
         <file>rts6700.lib</file>
         <name>boot.obj</name>
      </input_file>
      <input_file id="fl-87">
         <path>C:\ti\ccsv5\tools\compiler\c6000_7.4.2\lib\</path>
         <kind>archive</kind>
         <file>rts6700.lib</file>
         <name>exit.obj</name>
      </input_file>
      <input_file id="fl-88">
         <path>C:\ti\ccsv5\tools\compiler\c6000_7.4.2\lib\</path>
         <kind>archive</kind>
         <file>rts6700.lib</file>
         <name>strasg.obj</name>
      </input_file>
      <input_file id="fl-89">
         <path>C:\ti\ccsv5\tools\compiler\c6000_7.4.2\lib\</path>
         <kind>archive</kind>
         <file>rts6700.lib</file>
         <name>args_main.obj</name>
      </input_file>
      <input_file id="fl-8a">
         <path>C:\ti\ccsv5\tools\compiler\c6000_7.4.2\lib\</path>
         <kind>archive</kind>
         <file>rts6700.lib</file>
         <name>autoinit.obj</name>
      </input_file>
      <input_file id="fl-8b">
         <path>C:\ti\ccsv5\tools\compiler\c6000_7.4.2\lib\</path>
         <kind>archive</kind>
         <file>rts6700.lib</file>
         <name>cpp_init.obj</name>
      </input_file>
      <input_file id="fl-8c">
         <path>C:\ti\ccsv5\tools\compiler\c6000_7.4.2\lib\</path>
         <kind>archive</kind>
         <file>rts6700.lib</file>
         <name>cpy_tbl.obj</name>
      </input_file>
      <input_file id="fl-8d">
         <path>C:\ti\ccsv5\tools\compiler\c6000_7.4.2\lib\</path>
         <kind>archive</kind>
         <file>rts6700.lib</file>
         <name>memcpy62.obj</name>
      </input_file>
   </input_file_list>
   <object_component_list>
      <object_component id="oc-19">
         <name>vectors</name>
         <load_address>0x0</load_address>
         <run_address>0x0</run_address>
         <size>0x200</size>
         <input_file_ref idref="fl-2"/>
      </object_component>
      <object_component id="oc-2f">
         <name>.text</name>
         <load_address>0x200</load_address>
         <run_address>0x200</run_address>
         <size>0x480</size>
         <input_file_ref idref="fl-b"/>
      </object_component>
      <object_component id="oc-66">
         <name>.text</name>
         <load_address>0x680</load_address>
         <run_address>0x680</run_address>
         <size>0x460</size>
         <input_file_ref idref="fl-3"/>
      </object_component>
      <object_component id="oc-35">
         <name>.text</name>
         <load_address>0xae0</load_address>
         <run_address>0xae0</run_address>
         <size>0x300</size>
         <input_file_ref idref="fl-c"/>
      </object_component>
      <object_component id="oc-6c">
         <name>.text:_memcpy</name>
         <load_address>0xde0</load_address>
         <run_address>0xde0</run_address>
         <size>0x240</size>
         <input_file_ref idref="fl-8d"/>
      </object_component>
      <object_component id="oc-20">
         <name>.text:retain</name>
         <load_address>0x1020</load_address>
         <run_address>0x1020</run_address>
         <size>0x220</size>
         <input_file_ref idref="fl-3"/>
      </object_component>
      <object_component id="oc-73">
         <name>.text:_IRQ_map</name>
         <load_address>0x1240</load_address>
         <run_address>0x1240</run_address>
         <size>0x1c0</size>
         <input_file_ref idref="fl-9"/>
      </object_component>
      <object_component id="oc-76">
         <name>.text:_MCBSP_reset</name>
         <load_address>0x1400</load_address>
         <run_address>0x1400</run_address>
         <size>0x1a0</size>
         <input_file_ref idref="fl-a"/>
      </object_component>
      <object_component id="oc-3b">
         <name>.text</name>
         <load_address>0x15a0</load_address>
         <run_address>0x15a0</run_address>
         <size>0x140</size>
         <input_file_ref idref="fl-d"/>
      </object_component>
      <object_component id="oc-69">
         <name>.text:_MCBSP_open</name>
         <load_address>0x16e0</load_address>
         <run_address>0x16e0</run_address>
         <size>0x100</size>
         <input_file_ref idref="fl-a"/>
      </object_component>
      <object_component id="oc-6a">
         <name>.text:_MCBSP_start</name>
         <load_address>0x17e0</load_address>
         <run_address>0x17e0</run_address>
         <size>0x100</size>
         <input_file_ref idref="fl-a"/>
      </object_component>
      <object_component id="oc-62">
         <name>.text:__auto_init</name>
         <load_address>0x18e0</load_address>
         <run_address>0x18e0</run_address>
         <size>0x100</size>
         <input_file_ref idref="fl-8a"/>
      </object_component>
      <object_component id="oc-68">
         <name>.text:__strasg</name>
         <load_address>0x19e0</load_address>
         <run_address>0x19e0</run_address>
         <size>0xe0</size>
         <input_file_ref idref="fl-88"/>
      </object_component>
      <object_component id="oc-64">
         <name>.text:_exit</name>
         <load_address>0x1ac0</load_address>
         <run_address>0x1ac0</run_address>
         <size>0xe0</size>
         <input_file_ref idref="fl-87"/>
      </object_component>
      <object_component id="oc-6b">
         <name>.text:_copy_in</name>
         <load_address>0x1ba0</load_address>
         <run_address>0x1ba0</run_address>
         <size>0xc0</size>
         <input_file_ref idref="fl-8c"/>
      </object_component>
      <object_component id="oc-41">
         <name>.text</name>
         <load_address>0x1c60</load_address>
         <run_address>0x1c60</run_address>
         <size>0xc0</size>
         <input_file_ref idref="fl-e"/>
      </object_component>
      <object_component id="oc-77">
         <name>.text:_setMux</name>
         <load_address>0x1d20</load_address>
         <run_address>0x1d20</run_address>
         <size>0xa0</size>
         <input_file_ref idref="fl-9"/>
      </object_component>
      <object_component id="oc-6d">
         <name>.text:___TI_cpp_init</name>
         <load_address>0x1dc0</load_address>
         <run_address>0x1dc0</run_address>
         <size>0x80</size>
         <input_file_ref idref="fl-8b"/>
      </object_component>
      <object_component id="oc-18">
         <name>.text:_c_int00</name>
         <load_address>0x1e40</load_address>
         <run_address>0x1e40</run_address>
         <size>0x80</size>
         <input_file_ref idref="fl-86"/>
      </object_component>
      <object_component id="oc-74">
         <name>.text:_IRQ_enable</name>
         <load_address>0x1ec0</load_address>
         <run_address>0x1ec0</run_address>
         <size>0x40</size>
         <input_file_ref idref="fl-9"/>
      </object_component>
      <object_component id="oc-63">
         <name>.text:__args_main</name>
         <load_address>0x1f00</load_address>
         <run_address>0x1f00</run_address>
         <size>0x40</size>
         <input_file_ref idref="fl-89"/>
      </object_component>
      <object_component id="oc-71">
         <name>.text:_IRQ_globalDisable</name>
         <load_address>0x1f40</load_address>
         <run_address>0x1f40</run_address>
         <size>0x20</size>
         <input_file_ref idref="fl-9"/>
      </object_component>
      <object_component id="oc-75">
         <name>.text:_IRQ_globalEnable</name>
         <load_address>0x1f60</load_address>
         <run_address>0x1f60</run_address>
         <size>0x20</size>
         <input_file_ref idref="fl-9"/>
      </object_component>
      <object_component id="oc-72">
         <name>.text:_IRQ_nmiEnable</name>
         <load_address>0x1f80</load_address>
         <run_address>0x1f80</run_address>
         <size>0x20</size>
         <input_file_ref idref="fl-9"/>
      </object_component>
      <object_component id="oc-65">
         <name>.text:_MCBSP_read</name>
         <load_address>0x1fa0</load_address>
         <run_address>0x1fa0</run_address>
         <size>0x20</size>
         <input_file_ref idref="fl-a"/>
      </object_component>
      <object_component id="oc-67">
         <name>.text:_MCBSP_write</name>
         <load_address>0x1fc0</load_address>
         <run_address>0x1fc0</run_address>
         <size>0x20</size>
         <input_file_ref idref="fl-a"/>
      </object_component>
      <object_component id="oc-6e">
         <name>.text:_abort</name>
         <load_address>0x1fe0</load_address>
         <run_address>0x1fe0</run_address>
         <size>0x20</size>
         <input_file_ref idref="fl-87"/>
      </object_component>
      <object_component id="oc-24">
         <name>.text</name>
         <load_address>0x2000</load_address>
         <run_address>0x2000</run_address>
         <size>0x20</size>
         <input_file_ref idref="fl-9"/>
      </object_component>
      <object_component id="oc-48">
         <name>.stack</name>
         <uninitialized>true</uninitialized>
         <run_address>0x2020</run_address>
         <size>0x8</size>
         <input_file_ref idref="fl-86"/>
      </object_component>
      <object_component id="oc-97">
         <name>.stack</name>
         <uninitialized>true</uninitialized>
         <run_address>0x2020</run_address>
         <size>0x0</size>
      </object_component>
      <object_component id="oc-37">
         <name>.const</name>
         <load_address>0x292c</load_address>
         <run_address>0x292c</run_address>
         <size>0x40</size>
         <input_file_ref idref="fl-c"/>
      </object_component>
      <object_component id="oc-70">
         <name>.const:_DEN</name>
         <load_address>0x296c</load_address>
         <run_address>0x296c</run_address>
         <size>0x21</size>
         <input_file_ref idref="fl-3"/>
      </object_component>
      <object_component id="oc-6f">
         <name>.const:_NUM</name>
         <load_address>0x2990</load_address>
         <run_address>0x2990</run_address>
         <size>0x21</size>
         <input_file_ref idref="fl-3"/>
      </object_component>
      <object_component id="oc-31">
         <name>.const</name>
         <load_address>0x29b4</load_address>
         <run_address>0x29b4</run_address>
         <size>0x20</size>
         <input_file_ref idref="fl-b"/>
      </object_component>
      <object_component id="oc-1f">
         <name>.far</name>
         <uninitialized>true</uninitialized>
         <run_address>0x2420</run_address>
         <size>0xf8</size>
         <input_file_ref idref="fl-3"/>
      </object_component>
      <object_component id="oc-26">
         <name>.far</name>
         <uninitialized>true</uninitialized>
         <run_address>0x2518</run_address>
         <size>0xf4</size>
         <input_file_ref idref="fl-9"/>
      </object_component>
      <object_component id="oc-2b">
         <name>.far</name>
         <uninitialized>true</uninitialized>
         <run_address>0x260c</run_address>
         <size>0x38</size>
         <input_file_ref idref="fl-a"/>
      </object_component>
      <object_component id="oc-30">
         <name>.far</name>
         <uninitialized>true</uninitialized>
         <run_address>0x26a0</run_address>
         <size>0x2</size>
         <input_file_ref idref="fl-b"/>
      </object_component>
      <object_component id="oc-36">
         <name>.far</name>
         <uninitialized>true</uninitialized>
         <run_address>0x2698</run_address>
         <size>0x8</size>
         <input_file_ref idref="fl-c"/>
      </object_component>
      <object_component id="oc-3d">
         <name>.far</name>
         <uninitialized>true</uninitialized>
         <run_address>0x2644</run_address>
         <size>0x28</size>
         <input_file_ref idref="fl-d"/>
      </object_component>
      <object_component id="oc-43">
         <name>.far</name>
         <uninitialized>true</uninitialized>
         <run_address>0x266c</run_address>
         <size>0x20</size>
         <input_file_ref idref="fl-e"/>
      </object_component>
      <object_component id="oc-4d">
         <name>.far</name>
         <uninitialized>true</uninitialized>
         <run_address>0x268c</run_address>
         <size>0xc</size>
         <input_file_ref idref="fl-87"/>
      </object_component>
      <object_component id="oc-25">
         <name>.cinit</name>
         <load_address>0x26a8</load_address>
         <run_address>0x26a8</run_address>
         <size>0x12c</size>
         <input_file_ref idref="fl-9"/>
      </object_component>
      <object_component id="oc-1e">
         <name>.cinit</name>
         <load_address>0x27d8</load_address>
         <run_address>0x27d8</run_address>
         <size>0x6a</size>
         <input_file_ref idref="fl-3"/>
      </object_component>
      <object_component id="oc-2a">
         <name>.cinit</name>
         <load_address>0x2848</load_address>
         <run_address>0x2848</run_address>
         <size>0x54</size>
         <input_file_ref idref="fl-a"/>
      </object_component>
      <object_component id="oc-3c">
         <name>.cinit</name>
         <load_address>0x28a0</load_address>
         <run_address>0x28a0</run_address>
         <size>0x30</size>
         <input_file_ref idref="fl-d"/>
      </object_component>
      <object_component id="oc-4c">
         <name>.cinit</name>
         <load_address>0x28d0</load_address>
         <run_address>0x28d0</run_address>
         <size>0x2c</size>
         <input_file_ref idref="fl-87"/>
      </object_component>
      <object_component id="oc-42">
         <name>.cinit</name>
         <load_address>0x2900</load_address>
         <run_address>0x2900</run_address>
         <size>0x28</size>
         <input_file_ref idref="fl-e"/>
      </object_component>
      <object_component id="oc-1a">
         <name>.debug_info</name>
         <load_address>0x0</load_address>
         <run_address>0x0</run_address>
         <size>0xc4</size>
         <input_file_ref idref="fl-2"/>
      </object_component>
      <object_component id="oc-1d">
         <name>.debug_info</name>
         <load_address>0xc4</load_address>
         <run_address>0xc4</run_address>
         <size>0xe9e</size>
         <input_file_ref idref="fl-3"/>
      </object_component>
      <object_component id="oc-28">
         <name>.debug_info</name>
         <load_address>0xf62</load_address>
         <run_address>0xf62</run_address>
         <size>0xc2b</size>
         <input_file_ref idref="fl-9"/>
      </object_component>
      <object_component id="oc-2d">
         <name>.debug_info</name>
         <load_address>0x1b8d</load_address>
         <run_address>0x1b8d</run_address>
         <size>0xc15</size>
         <input_file_ref idref="fl-a"/>
      </object_component>
      <object_component id="oc-33">
         <name>.debug_info</name>
         <load_address>0x27a2</load_address>
         <run_address>0x27a2</run_address>
         <size>0x8a7</size>
         <input_file_ref idref="fl-b"/>
      </object_component>
      <object_component id="oc-39">
         <name>.debug_info</name>
         <load_address>0x3049</load_address>
         <run_address>0x3049</run_address>
         <size>0x89f</size>
         <input_file_ref idref="fl-c"/>
      </object_component>
      <object_component id="oc-3f">
         <name>.debug_info</name>
         <load_address>0x38e8</load_address>
         <run_address>0x38e8</run_address>
         <size>0x929</size>
         <input_file_ref idref="fl-d"/>
      </object_component>
      <object_component id="oc-45">
         <name>.debug_info</name>
         <load_address>0x4211</load_address>
         <run_address>0x4211</run_address>
         <size>0x5b3</size>
         <input_file_ref idref="fl-e"/>
      </object_component>
      <object_component id="oc-47">
         <name>.debug_info</name>
         <load_address>0x47c4</load_address>
         <run_address>0x47c4</run_address>
         <size>0x715</size>
         <input_file_ref idref="fl-86"/>
      </object_component>
      <object_component id="oc-4b">
         <name>.debug_info</name>
         <load_address>0x4ed9</load_address>
         <run_address>0x4ed9</run_address>
         <size>0x811</size>
         <input_file_ref idref="fl-87"/>
      </object_component>
      <object_component id="oc-50">
         <name>.debug_info</name>
         <load_address>0x56ea</load_address>
         <run_address>0x56ea</run_address>
         <size>0xe2</size>
         <input_file_ref idref="fl-88"/>
      </object_component>
      <object_component id="oc-53">
         <name>.debug_info</name>
         <load_address>0x57cc</load_address>
         <run_address>0x57cc</run_address>
         <size>0x6eb</size>
         <input_file_ref idref="fl-89"/>
      </object_component>
      <object_component id="oc-56">
         <name>.debug_info</name>
         <load_address>0x5eb7</load_address>
         <run_address>0x5eb7</run_address>
         <size>0x883</size>
         <input_file_ref idref="fl-8a"/>
      </object_component>
      <object_component id="oc-59">
         <name>.debug_info</name>
         <load_address>0x673a</load_address>
         <run_address>0x673a</run_address>
         <size>0x6fb</size>
         <input_file_ref idref="fl-8b"/>
      </object_component>
      <object_component id="oc-5c">
         <name>.debug_info</name>
         <load_address>0x6e35</load_address>
         <run_address>0x6e35</run_address>
         <size>0x7f1</size>
         <input_file_ref idref="fl-8c"/>
      </object_component>
      <object_component id="oc-5f">
         <name>.debug_info</name>
         <load_address>0x7626</load_address>
         <run_address>0x7626</run_address>
         <size>0x7ac</size>
         <input_file_ref idref="fl-8d"/>
      </object_component>
      <object_component id="oc-98">
         <name>.debug_info</name>
         <load_address>0x7dd2</load_address>
         <run_address>0x7dd2</run_address>
         <size>0x6d</size>
      </object_component>
      <object_component id="oc-1b">
         <name>.debug_line</name>
         <load_address>0x0</load_address>
         <run_address>0x0</run_address>
         <size>0xb9</size>
         <input_file_ref idref="fl-2"/>
      </object_component>
      <object_component id="oc-22">
         <name>.debug_line</name>
         <load_address>0xb9</load_address>
         <run_address>0xb9</run_address>
         <size>0xf1</size>
         <input_file_ref idref="fl-3"/>
      </object_component>
      <object_component id="oc-29">
         <name>.debug_line</name>
         <load_address>0x1aa</load_address>
         <run_address>0x1aa</run_address>
         <size>0xf4</size>
         <input_file_ref idref="fl-9"/>
      </object_component>
      <object_component id="oc-2e">
         <name>.debug_line</name>
         <load_address>0x29e</load_address>
         <run_address>0x29e</run_address>
         <size>0xe9</size>
         <input_file_ref idref="fl-a"/>
      </object_component>
      <object_component id="oc-34">
         <name>.debug_line</name>
         <load_address>0x387</load_address>
         <run_address>0x387</run_address>
         <size>0xb2</size>
         <input_file_ref idref="fl-b"/>
      </object_component>
      <object_component id="oc-3a">
         <name>.debug_line</name>
         <load_address>0x439</load_address>
         <run_address>0x439</run_address>
         <size>0x4f</size>
         <input_file_ref idref="fl-c"/>
      </object_component>
      <object_component id="oc-40">
         <name>.debug_line</name>
         <load_address>0x488</load_address>
         <run_address>0x488</run_address>
         <size>0x7e</size>
         <input_file_ref idref="fl-d"/>
      </object_component>
      <object_component id="oc-46">
         <name>.debug_line</name>
         <load_address>0x506</load_address>
         <run_address>0x506</run_address>
         <size>0x52</size>
         <input_file_ref idref="fl-e"/>
      </object_component>
      <object_component id="oc-49">
         <name>.debug_line</name>
         <load_address>0x558</load_address>
         <run_address>0x558</run_address>
         <size>0x3d</size>
         <input_file_ref idref="fl-86"/>
      </object_component>
      <object_component id="oc-4e">
         <name>.debug_line</name>
         <load_address>0x595</load_address>
         <run_address>0x595</run_address>
         <size>0x4f</size>
         <input_file_ref idref="fl-87"/>
      </object_component>
      <object_component id="oc-51">
         <name>.debug_line</name>
         <load_address>0x5e4</load_address>
         <run_address>0x5e4</run_address>
         <size>0x48</size>
         <input_file_ref idref="fl-88"/>
      </object_component>
      <object_component id="oc-54">
         <name>.debug_line</name>
         <load_address>0x62c</load_address>
         <run_address>0x62c</run_address>
         <size>0x41</size>
         <input_file_ref idref="fl-89"/>
      </object_component>
      <object_component id="oc-57">
         <name>.debug_line</name>
         <load_address>0x66d</load_address>
         <run_address>0x66d</run_address>
         <size>0x47</size>
         <input_file_ref idref="fl-8a"/>
      </object_component>
      <object_component id="oc-5a">
         <name>.debug_line</name>
         <load_address>0x6b4</load_address>
         <run_address>0x6b4</run_address>
         <size>0x45</size>
         <input_file_ref idref="fl-8b"/>
      </object_component>
      <object_component id="oc-5d">
         <name>.debug_line</name>
         <load_address>0x6f9</load_address>
         <run_address>0x6f9</run_address>
         <size>0x44</size>
         <input_file_ref idref="fl-8c"/>
      </object_component>
      <object_component id="oc-60">
         <name>.debug_line</name>
         <load_address>0x73d</load_address>
         <run_address>0x73d</run_address>
         <size>0x4e</size>
         <input_file_ref idref="fl-8d"/>
      </object_component>
      <object_component id="oc-1c">
         <name>.debug_abbrev</name>
         <load_address>0x0</load_address>
         <run_address>0x0</run_address>
         <size>0x20</size>
         <input_file_ref idref="fl-2"/>
      </object_component>
      <object_component id="oc-23">
         <name>.debug_abbrev</name>
         <load_address>0x20</load_address>
         <run_address>0x20</run_address>
         <size>0x1bd</size>
         <input_file_ref idref="fl-3"/>
      </object_component>
      <object_component id="oc-27">
         <name>.debug_abbrev</name>
         <load_address>0x1dd</load_address>
         <run_address>0x1dd</run_address>
         <size>0x1b7</size>
         <input_file_ref idref="fl-9"/>
      </object_component>
      <object_component id="oc-2c">
         <name>.debug_abbrev</name>
         <load_address>0x394</load_address>
         <run_address>0x394</run_address>
         <size>0x1a3</size>
         <input_file_ref idref="fl-a"/>
      </object_component>
      <object_component id="oc-32">
         <name>.debug_abbrev</name>
         <load_address>0x537</load_address>
         <run_address>0x537</run_address>
         <size>0x196</size>
         <input_file_ref idref="fl-b"/>
      </object_component>
      <object_component id="oc-38">
         <name>.debug_abbrev</name>
         <load_address>0x6cd</load_address>
         <run_address>0x6cd</run_address>
         <size>0x126</size>
         <input_file_ref idref="fl-c"/>
      </object_component>
      <object_component id="oc-3e">
         <name>.debug_abbrev</name>
         <load_address>0x7f3</load_address>
         <run_address>0x7f3</run_address>
         <size>0x14e</size>
         <input_file_ref idref="fl-d"/>
      </object_component>
      <object_component id="oc-44">
         <name>.debug_abbrev</name>
         <load_address>0x941</load_address>
         <run_address>0x941</run_address>
         <size>0xf1</size>
         <input_file_ref idref="fl-e"/>
      </object_component>
      <object_component id="oc-4a">
         <name>.debug_abbrev</name>
         <load_address>0xa32</load_address>
         <run_address>0xa32</run_address>
         <size>0xfe</size>
         <input_file_ref idref="fl-86"/>
      </object_component>
      <object_component id="oc-4f">
         <name>.debug_abbrev</name>
         <load_address>0xb30</load_address>
         <run_address>0xb30</run_address>
         <size>0x119</size>
         <input_file_ref idref="fl-87"/>
      </object_component>
      <object_component id="oc-52">
         <name>.debug_abbrev</name>
         <load_address>0xc49</load_address>
         <run_address>0xc49</run_address>
         <size>0x3a</size>
         <input_file_ref idref="fl-88"/>
      </object_component>
      <object_component id="oc-55">
         <name>.debug_abbrev</name>
         <load_address>0xc83</load_address>
         <run_address>0xc83</run_address>
         <size>0xe1</size>
         <input_file_ref idref="fl-89"/>
      </object_component>
      <object_component id="oc-58">
         <name>.debug_abbrev</name>
         <load_address>0xd64</load_address>
         <run_address>0xd64</run_address>
         <size>0x13f</size>
         <input_file_ref idref="fl-8a"/>
      </object_component>
      <object_component id="oc-5b">
         <name>.debug_abbrev</name>
         <load_address>0xea3</load_address>
         <run_address>0xea3</run_address>
         <size>0xdd</size>
         <input_file_ref idref="fl-8b"/>
      </object_component>
      <object_component id="oc-5e">
         <name>.debug_abbrev</name>
         <load_address>0xf80</load_address>
         <run_address>0xf80</run_address>
         <size>0x10c</size>
         <input_file_ref idref="fl-8c"/>
      </object_component>
      <object_component id="oc-61">
         <name>.debug_abbrev</name>
         <load_address>0x108c</load_address>
         <run_address>0x108c</run_address>
         <size>0xd5</size>
         <input_file_ref idref="fl-8d"/>
      </object_component>
      <object_component id="oc-99">
         <name>.debug_abbrev</name>
         <load_address>0x1161</load_address>
         <run_address>0x1161</run_address>
         <size>0xd</size>
      </object_component>
      <object_component id="oc-21">
         <name>.debug_frame</name>
         <load_address>0x0</load_address>
         <run_address>0x0</run_address>
         <size>0x2f4</size>
         <input_file_ref idref="fl-3"/>
      </object_component>
   </object_component_list>
   <logical_group_list>
      <logical_group id="lg-2">
         <name>vectors</name>
         <load_address>0x0</load_address>
         <run_address>0x0</run_address>
         <size>0x200</size>
         <contents>
            <object_component_ref idref="oc-19"/>
         </contents>
      </logical_group>
      <logical_group id="lg-3">
         <name>.text</name>
         <load_address>0x200</load_address>
         <run_address>0x200</run_address>
         <size>0x1e20</size>
         <contents>
            <object_component_ref idref="oc-2f"/>
            <object_component_ref idref="oc-66"/>
            <object_component_ref idref="oc-35"/>
            <object_component_ref idref="oc-6c"/>
            <object_component_ref idref="oc-20"/>
            <object_component_ref idref="oc-73"/>
            <object_component_ref idref="oc-76"/>
            <object_component_ref idref="oc-3b"/>
            <object_component_ref idref="oc-69"/>
            <object_component_ref idref="oc-6a"/>
            <object_component_ref idref="oc-62"/>
            <object_component_ref idref="oc-68"/>
            <object_component_ref idref="oc-64"/>
            <object_component_ref idref="oc-6b"/>
            <object_component_ref idref="oc-41"/>
            <object_component_ref idref="oc-77"/>
            <object_component_ref idref="oc-6d"/>
            <object_component_ref idref="oc-18"/>
            <object_component_ref idref="oc-74"/>
            <object_component_ref idref="oc-63"/>
            <object_component_ref idref="oc-71"/>
            <object_component_ref idref="oc-75"/>
            <object_component_ref idref="oc-72"/>
            <object_component_ref idref="oc-65"/>
            <object_component_ref idref="oc-67"/>
            <object_component_ref idref="oc-6e"/>
            <object_component_ref idref="oc-24"/>
         </contents>
      </logical_group>
      <logical_group id="lg-4">
         <name>.stack</name>
         <run_address>0x2020</run_address>
         <size>0x400</size>
         <contents>
            <object_component_ref idref="oc-48"/>
            <object_component_ref idref="oc-97"/>
         </contents>
      </logical_group>
      <logical_group id="lg-5">
         <name>.bss</name>
         <run_address>0x200</run_address>
         <size>0x0</size>
         <contents>
         </contents>
      </logical_group>
      <logical_group id="lg-6">
         <name>.cio</name>
         <run_address>0x0</run_address>
         <size>0x0</size>
         <contents>
         </contents>
      </logical_group>
      <logical_group id="lg-7">
         <name>.const</name>
         <load_address>0x292c</load_address>
         <run_address>0x292c</run_address>
         <size>0xa8</size>
         <contents>
            <object_component_ref idref="oc-37"/>
            <object_component_ref idref="oc-70"/>
            <object_component_ref idref="oc-6f"/>
            <object_component_ref idref="oc-31"/>
         </contents>
      </logical_group>
      <logical_group id="lg-8">
         <name>.data</name>
         <run_address>0x200</run_address>
         <size>0x0</size>
         <contents>
         </contents>
      </logical_group>
      <logical_group id="lg-9">
         <name>.switch</name>
         <run_address>0x0</run_address>
         <size>0x0</size>
         <contents>
         </contents>
      </logical_group>
      <logical_group id="lg-a">
         <name>.sysmem</name>
         <run_address>0x0</run_address>
         <size>0x0</size>
         <contents>
         </contents>
      </logical_group>
      <logical_group id="lg-b">
         <name>.far</name>
         <run_address>0x2420</run_address>
         <size>0x282</size>
         <contents>
            <object_component_ref idref="oc-1f"/>
            <object_component_ref idref="oc-26"/>
            <object_component_ref idref="oc-2b"/>
            <object_component_ref idref="oc-30"/>
            <object_component_ref idref="oc-36"/>
            <object_component_ref idref="oc-3d"/>
            <object_component_ref idref="oc-43"/>
            <object_component_ref idref="oc-4d"/>
         </contents>
      </logical_group>
      <logical_group id="lg-c">
         <name>.args</name>
         <run_address>0x0</run_address>
         <size>0x0</size>
         <contents>
         </contents>
      </logical_group>
      <logical_group id="lg-d">
         <name>.ppinfo</name>
         <run_address>0x0</run_address>
         <size>0x0</size>
         <contents>
         </contents>
      </logical_group>
      <logical_group id="lg-e">
         <name>.ppdata</name>
         <run_address>0x0</run_address>
         <size>0x0</size>
         <contents>
         </contents>
      </logical_group>
      <logical_group id="lg-f">
         <name>.pinit</name>
         <run_address>0x0</run_address>
         <size>0x0</size>
         <contents>
         </contents>
      </logical_group>
      <logical_group id="lg-10">
         <name>.cinit</name>
         <load_address>0x26a8</load_address>
         <run_address>0x26a8</run_address>
         <size>0x284</size>
         <contents>
            <object_component_ref idref="oc-25"/>
            <object_component_ref idref="oc-1e"/>
            <object_component_ref idref="oc-2a"/>
            <object_component_ref idref="oc-3c"/>
            <object_component_ref idref="oc-4c"/>
            <object_component_ref idref="oc-42"/>
         </contents>
      </logical_group>
      <logical_group id="lg-11">
         <name>.binit</name>
         <run_address>0x0</run_address>
         <size>0x0</size>
         <contents>
         </contents>
      </logical_group>
      <logical_group id="lg-12">
         <name>.init_array</name>
         <run_address>0x0</run_address>
         <size>0x0</size>
         <contents>
         </contents>
      </logical_group>
      <logical_group id="lg-13">
         <name>.neardata</name>
         <run_address>0x0</run_address>
         <size>0x0</size>
         <contents>
         </contents>
      </logical_group>
      <logical_group id="lg-14">
         <name>.fardata</name>
         <run_address>0x0</run_address>
         <size>0x0</size>
         <contents>
         </contents>
      </logical_group>
      <logical_group id="lg-15">
         <name>.rodata</name>
         <run_address>0x0</run_address>
         <size>0x0</size>
         <contents>
         </contents>
      </logical_group>
      <logical_group id="lg-16">
         <name>.c6xabi.exidx</name>
         <run_address>0x0</run_address>
         <size>0x0</size>
         <contents>
         </contents>
      </logical_group>
      <logical_group id="lg-17">
         <name>.c6xabi.extab</name>
         <run_address>0x0</run_address>
         <size>0x0</size>
         <contents>
         </contents>
      </logical_group>
      <logical_group id="lg-8e">
         <name>.debug_info</name>
         <load_address>0x0</load_address>
         <run_address>0x0</run_address>
         <size>0x7e3f</size>
         <contents>
            <object_component_ref idref="oc-1a"/>
            <object_component_ref idref="oc-1d"/>
            <object_component_ref idref="oc-28"/>
            <object_component_ref idref="oc-2d"/>
            <object_component_ref idref="oc-33"/>
            <object_component_ref idref="oc-39"/>
            <object_component_ref idref="oc-3f"/>
            <object_component_ref idref="oc-45"/>
            <object_component_ref idref="oc-47"/>
            <object_component_ref idref="oc-4b"/>
            <object_component_ref idref="oc-50"/>
            <object_component_ref idref="oc-53"/>
            <object_component_ref idref="oc-56"/>
            <object_component_ref idref="oc-59"/>
            <object_component_ref idref="oc-5c"/>
            <object_component_ref idref="oc-5f"/>
            <object_component_ref idref="oc-98"/>
         </contents>
      </logical_group>
      <logical_group id="lg-90">
         <name>.debug_line</name>
         <load_address>0x0</load_address>
         <run_address>0x0</run_address>
         <size>0x78b</size>
         <contents>
            <object_component_ref idref="oc-1b"/>
            <object_component_ref idref="oc-22"/>
            <object_component_ref idref="oc-29"/>
            <object_component_ref idref="oc-2e"/>
            <object_component_ref idref="oc-34"/>
            <object_component_ref idref="oc-3a"/>
            <object_component_ref idref="oc-40"/>
            <object_component_ref idref="oc-46"/>
            <object_component_ref idref="oc-49"/>
            <object_component_ref idref="oc-4e"/>
            <object_component_ref idref="oc-51"/>
            <object_component_ref idref="oc-54"/>
            <object_component_ref idref="oc-57"/>
            <object_component_ref idref="oc-5a"/>
            <object_component_ref idref="oc-5d"/>
            <object_component_ref idref="oc-60"/>
         </contents>
      </logical_group>
      <logical_group id="lg-92">
         <name>.debug_abbrev</name>
         <load_address>0x0</load_address>
         <run_address>0x0</run_address>
         <size>0x116e</size>
         <contents>
            <object_component_ref idref="oc-1c"/>
            <object_component_ref idref="oc-23"/>
            <object_component_ref idref="oc-27"/>
            <object_component_ref idref="oc-2c"/>
            <object_component_ref idref="oc-32"/>
            <object_component_ref idref="oc-38"/>
            <object_component_ref idref="oc-3e"/>
            <object_component_ref idref="oc-44"/>
            <object_component_ref idref="oc-4a"/>
            <object_component_ref idref="oc-4f"/>
            <object_component_ref idref="oc-52"/>
            <object_component_ref idref="oc-55"/>
            <object_component_ref idref="oc-58"/>
            <object_component_ref idref="oc-5b"/>
            <object_component_ref idref="oc-5e"/>
            <object_component_ref idref="oc-61"/>
            <object_component_ref idref="oc-99"/>
         </contents>
      </logical_group>
      <logical_group id="lg-94">
         <name>.debug_frame</name>
         <load_address>0x0</load_address>
         <run_address>0x0</run_address>
         <size>0x2f4</size>
         <contents>
            <object_component_ref idref="oc-21"/>
         </contents>
      </logical_group>
   </logical_group_list>
   <placement_map>
      <memory_area>
         <name>VECS</name>
         <page_id>0x0</page_id>
         <origin>0x0</origin>
         <length>0x200</length>
         <used_space>0x200</used_space>
         <unused_space>0x0</unused_space>
         <attributes>RWIX</attributes>
         <usage_details>
            <allocated_space>
               <start_address>0x0</start_address>
               <size>0x200</size>
               <logical_group_ref idref="lg-2"/>
            </allocated_space>
         </usage_details>
      </memory_area>
      <memory_area>
         <name>IRAM</name>
         <page_id>0x0</page_id>
         <origin>0x200</origin>
         <length>0x2fe00</length>
         <used_space>0x27ce</used_space>
         <unused_space>0x2d632</unused_space>
         <attributes>RWIX</attributes>
         <usage_details>
            <allocated_space>
               <start_address>0x200</start_address>
               <size>0x0</size>
               <logical_group_ref idref="lg-8"/>
            </allocated_space>
            <allocated_space>
               <start_address>0x200</start_address>
               <size>0x0</size>
               <logical_group_ref idref="lg-5"/>
            </allocated_space>
            <allocated_space>
               <start_address>0x200</start_address>
               <size>0x1e20</size>
               <logical_group_ref idref="lg-3"/>
            </allocated_space>
            <allocated_space>
               <start_address>0x2020</start_address>
               <size>0x400</size>
               <logical_group_ref idref="lg-4"/>
            </allocated_space>
            <allocated_space>
               <start_address>0x2420</start_address>
               <size>0x282</size>
               <logical_group_ref idref="lg-b"/>
            </allocated_space>
            <available_space>
               <start_address>0x26a2</start_address>
               <size>0x6</size>
            </available_space>
            <allocated_space>
               <start_address>0x26a8</start_address>
               <size>0x284</size>
               <logical_group_ref idref="lg-10"/>
            </allocated_space>
            <allocated_space>
               <start_address>0x292c</start_address>
               <size>0xa8</size>
               <logical_group_ref idref="lg-7"/>
            </allocated_space>
            <available_space>
               <start_address>0x29d4</start_address>
               <size>0x2d62c</size>
            </available_space>
         </usage_details>
      </memory_area>
      <memory_area>
         <name>L2RAM</name>
         <page_id>0x0</page_id>
         <origin>0x30000</origin>
         <length>0x10000</length>
         <used_space>0x0</used_space>
         <unused_space>0x10000</unused_space>
         <attributes>RWIX</attributes>
         <usage_details>
         </usage_details>
      </memory_area>
      <memory_area>
         <name>EMIFCE0</name>
         <page_id>0x0</page_id>
         <origin>0x80000000</origin>
         <length>0x10000000</length>
         <used_space>0x0</used_space>
         <unused_space>0x10000000</unused_space>
         <attributes>RWIX</attributes>
         <usage_details>
         </usage_details>
      </memory_area>
      <memory_area>
         <name>EMIFCE1</name>
         <page_id>0x0</page_id>
         <origin>0x90000000</origin>
         <length>0x10000000</length>
         <used_space>0x0</used_space>
         <unused_space>0x10000000</unused_space>
         <attributes>RWIX</attributes>
         <usage_details>
         </usage_details>
      </memory_area>
      <memory_area>
         <name>EMIFCE2</name>
         <page_id>0x0</page_id>
         <origin>0xa0000000</origin>
         <length>0x10000000</length>
         <used_space>0x0</used_space>
         <unused_space>0x10000000</unused_space>
         <attributes>RWIX</attributes>
         <usage_details>
         </usage_details>
      </memory_area>
      <memory_area>
         <name>EMIFCE3</name>
         <page_id>0x0</page_id>
         <origin>0xb0000000</origin>
         <length>0x10000000</length>
         <used_space>0x0</used_space>
         <unused_space>0x10000000</unused_space>
         <attributes>RWIX</attributes>
         <usage_details>
         </usage_details>
      </memory_area>
   </placement_map>
   <symbol_table>
      <symbol id="sm-0">
         <name>cinit</name>
         <value>0x26a8</value>
      </symbol>
      <symbol id="sm-1">
         <name>___cinit__</name>
         <value>0x26a8</value>
      </symbol>
      <symbol id="sm-2">
         <name>pinit</name>
         <value>0xffffffff</value>
      </symbol>
      <symbol id="sm-3">
         <name>___pinit__</name>
         <value>0xffffffff</value>
      </symbol>
      <symbol id="sm-4">
         <name>binit</name>
         <value>0xffffffff</value>
      </symbol>
      <symbol id="sm-5">
         <name>___binit__</name>
         <value>0xffffffff</value>
      </symbol>
      <symbol id="sm-6">
         <name>__STACK_SIZE</name>
         <value>0x400</value>
      </symbol>
      <symbol id="sm-7">
         <name>__STACK_END</name>
         <value>0x2420</value>
      </symbol>
      <symbol id="sm-8">
         <name>___c_args__</name>
         <value>0xffffffff</value>
      </symbol>
      <symbol id="sm-9">
         <name>.text</name>
         <value>0x200</value>
      </symbol>
      <symbol id="sm-a">
         <name>___text__</name>
         <value>0x200</value>
      </symbol>
      <symbol id="sm-b">
         <name>etext</name>
         <value>0x2020</value>
      </symbol>
      <symbol id="sm-c">
         <name>___etext__</name>
         <value>0x2020</value>
      </symbol>
      <symbol id="sm-d">
         <name>.data</name>
         <value>0x200</value>
      </symbol>
      <symbol id="sm-e">
         <name>___data__</name>
         <value>0x200</value>
      </symbol>
      <symbol id="sm-f">
         <name>edata</name>
         <value>0x200</value>
      </symbol>
      <symbol id="sm-10">
         <name>___edata__</name>
         <value>0x200</value>
      </symbol>
      <symbol id="sm-11">
         <name>.bss</name>
         <value>0x200</value>
      </symbol>
      <symbol id="sm-12">
         <name>___bss__</name>
         <value>0x200</value>
      </symbol>
      <symbol id="sm-13">
         <name>end</name>
         <value>0x200</value>
      </symbol>
      <symbol id="sm-14">
         <name>___end__</name>
         <value>0x200</value>
      </symbol>
      <symbol id="sm-15">
         <name>___TI_pprof_out_hndl</name>
         <value>0xffffffff</value>
      </symbol>
      <symbol id="sm-16">
         <name>___TI_prof_data_start</name>
         <value>0xffffffff</value>
      </symbol>
      <symbol id="sm-17">
         <name>___TI_prof_data_size</name>
         <value>0xffffffff</value>
      </symbol>
      <symbol id="sm-18">
         <name>$bss</name>
         <value>0x200</value>
      </symbol>
      <symbol id="sm-97">
         <name>_serialPortRcvISR</name>
         <value>0x1020</value>
         <object_component_ref idref="oc-20"/>
      </symbol>
      <symbol id="sm-98">
         <name>_main</name>
         <value>0x680</value>
         <object_component_ref idref="oc-66"/>
      </symbol>
      <symbol id="sm-99">
         <name>_NUM_s</name>
         <value>0x2490</value>
         <object_component_ref idref="oc-1f"/>
      </symbol>
      <symbol id="sm-9a">
         <name>_config</name>
         <value>0x2424</value>
         <object_component_ref idref="oc-1f"/>
      </symbol>
      <symbol id="sm-9b">
         <name>_hCodec</name>
         <value>0x2420</value>
         <object_component_ref idref="oc-1f"/>
      </symbol>
      <symbol id="sm-9c">
         <name>_lordBiquad</name>
         <value>0x8d4</value>
         <object_component_ref idref="oc-66"/>
      </symbol>
      <symbol id="sm-9d">
         <name>_DEN_s</name>
         <value>0x24d4</value>
         <object_component_ref idref="oc-1f"/>
      </symbol>
      <symbol id="sm-9e">
         <name>_NUM</name>
         <value>0x2990</value>
         <object_component_ref idref="oc-6f"/>
      </symbol>
      <symbol id="sm-9f">
         <name>_DEN</name>
         <value>0x296c</value>
         <object_component_ref idref="oc-70"/>
      </symbol>
      <symbol id="sm-a0">
         <name>_w</name>
         <value>0x244c</value>
         <object_component_ref idref="oc-1f"/>
      </symbol>
      <symbol id="sm-a1">
         <name>_n</name>
         <value>0x2516</value>
         <object_component_ref idref="oc-1f"/>
      </symbol>
      <symbol id="sm-bb">
         <name>__IRQ_eventTable</name>
         <value>0x2540</value>
         <object_component_ref idref="oc-26"/>
      </symbol>
      <symbol id="sm-bc">
         <name>_IRQ_nmiEnable</name>
         <value>0x1f80</value>
         <object_component_ref idref="oc-72"/>
      </symbol>
      <symbol id="sm-bd">
         <name>__IRQ_intTable</name>
         <value>0x25c4</value>
         <object_component_ref idref="oc-26"/>
      </symbol>
      <symbol id="sm-be">
         <name>_IRQ_globalEnable</name>
         <value>0x1f60</value>
         <object_component_ref idref="oc-75"/>
      </symbol>
      <symbol id="sm-bf">
         <name>_IRQ_globalDisable</name>
         <value>0x1f40</value>
         <object_component_ref idref="oc-71"/>
      </symbol>
      <symbol id="sm-c0">
         <name>_IRQ_map</name>
         <value>0x1240</value>
         <object_component_ref idref="oc-73"/>
      </symbol>
      <symbol id="sm-c1">
         <name>_IRQ_enable</name>
         <value>0x1ec0</value>
         <object_component_ref idref="oc-74"/>
      </symbol>
      <symbol id="sm-c2">
         <name>__IRQ_dispatchTable</name>
         <value>0x2604</value>
         <object_component_ref idref="oc-26"/>
      </symbol>
      <symbol id="sm-c3">
         <name>__IRQ_hookFetchPacket</name>
         <value>0x2000</value>
         <object_component_ref idref="oc-24"/>
      </symbol>
      <symbol id="sm-d9">
         <name>_MCBSP_reset</name>
         <value>0x1400</value>
         <object_component_ref idref="oc-76"/>
      </symbol>
      <symbol id="sm-da">
         <name>_MCBSP_read</name>
         <value>0x1fa0</value>
         <object_component_ref idref="oc-65"/>
      </symbol>
      <symbol id="sm-db">
         <name>_MCBSP_open</name>
         <value>0x16e0</value>
         <object_component_ref idref="oc-69"/>
      </symbol>
      <symbol id="sm-dc">
         <name>__MCBSP_hDev0</name>
         <value>0x263c</value>
         <object_component_ref idref="oc-2b"/>
      </symbol>
      <symbol id="sm-dd">
         <name>__MCBSP_hDev1</name>
         <value>0x2640</value>
         <object_component_ref idref="oc-2b"/>
      </symbol>
      <symbol id="sm-de">
         <name>_MCBSP_start</name>
         <value>0x17e0</value>
         <object_component_ref idref="oc-6a"/>
      </symbol>
      <symbol id="sm-df">
         <name>_MCBSP_write</name>
         <value>0x1fc0</value>
         <object_component_ref idref="oc-67"/>
      </symbol>
      <symbol id="sm-ed">
         <name>_DSK6713_init</name>
         <value>0x24c</value>
         <object_component_ref idref="oc-2f"/>
      </symbol>
      <symbol id="sm-ee">
         <name>_DSK6713_version</name>
         <value>0x26a0</value>
         <object_component_ref idref="oc-30"/>
      </symbol>
      <symbol id="sm-ef">
         <name>_DSK6713_rget</name>
         <value>0x568</value>
         <object_component_ref idref="oc-2f"/>
      </symbol>
      <symbol id="sm-f0">
         <name>_DSK6713_wait</name>
         <value>0x590</value>
         <object_component_ref idref="oc-2f"/>
      </symbol>
      <symbol id="sm-f1">
         <name>_DSK6713_rset</name>
         <value>0x57c</value>
         <object_component_ref idref="oc-2f"/>
      </symbol>
      <symbol id="sm-f2">
         <name>_DSK6713_waitusec</name>
         <value>0x5e8</value>
         <object_component_ref idref="oc-2f"/>
      </symbol>
      <symbol id="sm-f3">
         <name>_DSK6713_getVersion</name>
         <value>0x614</value>
         <object_component_ref idref="oc-2f"/>
      </symbol>
      <symbol id="sm-101">
         <name>_DSK6713_AIC23_codeccontrolhandle</name>
         <value>0x2698</value>
         <object_component_ref idref="oc-36"/>
      </symbol>
      <symbol id="sm-102">
         <name>_DSK6713_AIC23_codecdatahandle</name>
         <value>0x269c</value>
         <object_component_ref idref="oc-36"/>
      </symbol>
      <symbol id="sm-103">
         <name>_DSK6713_AIC23_openCodec</name>
         <value>0xae0</value>
         <object_component_ref idref="oc-35"/>
      </symbol>
      <symbol id="sm-111">
         <name>_DSK6713_AIC23_config</name>
         <value>0x1660</value>
         <object_component_ref idref="oc-3b"/>
      </symbol>
      <symbol id="sm-112">
         <name>_DSK6713_AIC23_rget</name>
         <value>0x1638</value>
         <object_component_ref idref="oc-3b"/>
      </symbol>
      <symbol id="sm-113">
         <name>_DSK6713_AIC23_rset</name>
         <value>0x15a0</value>
         <object_component_ref idref="oc-3b"/>
      </symbol>
      <symbol id="sm-121">
         <name>_DSK6713_AIC23_setFreq</name>
         <value>0x1c60</value>
         <object_component_ref idref="oc-41"/>
      </symbol>
      <symbol id="sm-12d">
         <name>_c_int00</name>
         <value>0x1e40</value>
         <object_component_ref idref="oc-18"/>
      </symbol>
      <symbol id="sm-12e">
         <name>__stack</name>
         <value>0x2020</value>
         <object_component_ref idref="oc-48"/>
      </symbol>
      <symbol id="sm-13e">
         <name>C$$EXIT</name>
         <value>0x1fe0</value>
         <object_component_ref idref="oc-6e"/>
      </symbol>
      <symbol id="sm-13f">
         <name>_exit</name>
         <value>0x1ac0</value>
         <object_component_ref idref="oc-64"/>
      </symbol>
      <symbol id="sm-140">
         <name>___TI_enable_exit_profile_output</name>
         <value>0x2694</value>
         <object_component_ref idref="oc-4d"/>
      </symbol>
      <symbol id="sm-141">
         <name>_abort</name>
         <value>0x1fe0</value>
         <object_component_ref idref="oc-6e"/>
      </symbol>
      <symbol id="sm-142">
         <name>__cleanup_ptr</name>
         <value>0x268c</value>
         <object_component_ref idref="oc-4d"/>
      </symbol>
      <symbol id="sm-143">
         <name>__dtors_ptr</name>
         <value>0x2690</value>
         <object_component_ref idref="oc-4d"/>
      </symbol>
      <symbol id="sm-14b">
         <name>__strasg</name>
         <value>0x19e0</value>
         <object_component_ref idref="oc-68"/>
      </symbol>
      <symbol id="sm-155">
         <name>__args_main</name>
         <value>0x1f00</value>
         <object_component_ref idref="oc-63"/>
      </symbol>
      <symbol id="sm-156">
         <name>__TI_args_main</name>
         <value>0x1</value>
      </symbol>
      <symbol id="sm-160">
         <name>__auto_init</name>
         <value>0x18e0</value>
         <object_component_ref idref="oc-62"/>
      </symbol>
      <symbol id="sm-16a">
         <name>___TI_cpp_init</name>
         <value>0x1dc0</value>
         <object_component_ref idref="oc-6d"/>
      </symbol>
      <symbol id="sm-174">
         <name>_copy_in</name>
         <value>0x1ba0</value>
         <object_component_ref idref="oc-6b"/>
      </symbol>
      <symbol id="sm-17e">
         <name>_memcpy</name>
         <value>0xde0</value>
         <object_component_ref idref="oc-6c"/>
      </symbol>
   </symbol_table>
</link_info>
