<?xml version="1.0"?>
<link_info>
   <banner>TMS320C6x Linker PC v7.4.2</banner>
   <copyright>Copyright (c) 1996-2012 Texas Instruments Incorporated</copyright>
   <link_time>0x546eb094</link_time>
   <output_file>lab3_IIR_DF2_LOL.out</output_file>
   <entry_point>
      <name>_c_int00</name>
      <address>0x1ce0</address>
   </entry_point>
   <input_file_list>
      <input_file id="fl-2">
         <path>.\</path>
         <kind>object</kind>
         <file>vectors.obj</file>
         <name>vectors.obj</name>
      </input_file>
      <input_file id="fl-3">
         <path>.\</path>
         <kind>object</kind>
         <file>lab3_IIR_LOL.obj</file>
         <name>lab3_IIR_LOL.obj</name>
      </input_file>
      <input_file id="fl-9">
         <path>C:\ti\lib_3x\</path>
         <kind>archive</kind>
         <file>csl6713.lib</file>
         <name>csl_irq.obj</name>
      </input_file>
      <input_file id="fl-a">
         <path>C:\ti\lib_3x\</path>
         <kind>archive</kind>
         <file>csl6713.lib</file>
         <name>csl_mcbsp.obj</name>
      </input_file>
      <input_file id="fl-b">
         <path>C:\ti\DSK6713\c6000\dsk6713\lib\</path>
         <kind>archive</kind>
         <file>dsk6713bsl.lib</file>
         <name>dsk6713.obj</name>
      </input_file>
      <input_file id="fl-c">
         <path>C:\ti\DSK6713\c6000\dsk6713\lib\</path>
         <kind>archive</kind>
         <file>dsk6713bsl.lib</file>
         <name>dsk6713_aic23_opencodec.obj</name>
      </input_file>
      <input_file id="fl-d">
         <path>C:\ti\DSK6713\c6000\dsk6713\lib\</path>
         <kind>archive</kind>
         <file>dsk6713bsl.lib</file>
         <name>dsk6713_aic23_registers.obj</name>
      </input_file>
      <input_file id="fl-e">
         <path>C:\ti\DSK6713\c6000\dsk6713\lib\</path>
         <kind>archive</kind>
         <file>dsk6713bsl.lib</file>
         <name>dsk6713_aic23_setfreq.obj</name>
      </input_file>
      <input_file id="fl-86">
         <path>C:\ti\ccsv5\tools\compiler\c6000_7.4.2\lib\</path>
         <kind>archive</kind>
         <file>rts6700.lib</file>
         <name>boot.obj</name>
      </input_file>
      <input_file id="fl-87">
         <path>C:\ti\ccsv5\tools\compiler\c6000_7.4.2\lib\</path>
         <kind>archive</kind>
         <file>rts6700.lib</file>
         <name>exit.obj</name>
      </input_file>
      <input_file id="fl-88">
         <path>C:\ti\ccsv5\tools\compiler\c6000_7.4.2\lib\</path>
         <kind>archive</kind>
         <file>rts6700.lib</file>
         <name>strasg.obj</name>
      </input_file>
      <input_file id="fl-89">
         <path>C:\ti\ccsv5\tools\compiler\c6000_7.4.2\lib\</path>
         <kind>archive</kind>
         <file>rts6700.lib</file>
         <name>args_main.obj</name>
      </input_file>
      <input_file id="fl-8a">
         <path>C:\ti\ccsv5\tools\compiler\c6000_7.4.2\lib\</path>
         <kind>archive</kind>
         <file>rts6700.lib</file>
         <name>autoinit.obj</name>
      </input_file>
      <input_file id="fl-8b">
         <path>C:\ti\ccsv5\tools\compiler\c6000_7.4.2\lib\</path>
         <kind>archive</kind>
         <file>rts6700.lib</file>
         <name>cpp_init.obj</name>
      </input_file>
      <input_file id="fl-8c">
         <path>C:\ti\ccsv5\tools\compiler\c6000_7.4.2\lib\</path>
         <kind>archive</kind>
         <file>rts6700.lib</file>
         <name>cpy_tbl.obj</name>
      </input_file>
      <input_file id="fl-8d">
         <path>C:\ti\ccsv5\tools\compiler\c6000_7.4.2\lib\</path>
         <kind>archive</kind>
         <file>rts6700.lib</file>
         <name>memcpy62.obj</name>
      </input_file>
   </input_file_list>
   <object_component_list>
      <object_component id="oc-19">
         <name>vectors</name>
         <load_address>0x0</load_address>
         <run_address>0x0</run_address>
         <size>0x200</size>
         <input_file_ref idref="fl-2"/>
      </object_component>
      <object_component id="oc-30">
         <name>.text</name>
         <load_address>0x200</load_address>
         <run_address>0x200</run_address>
         <size>0x480</size>
         <input_file_ref idref="fl-b"/>
      </object_component>
      <object_component id="oc-21">
         <name>.text:retain</name>
         <load_address>0x680</load_address>
         <run_address>0x680</run_address>
         <size>0x340</size>
         <input_file_ref idref="fl-3"/>
      </object_component>
      <object_component id="oc-36">
         <name>.text</name>
         <load_address>0x9c0</load_address>
         <run_address>0x9c0</run_address>
         <size>0x300</size>
         <input_file_ref idref="fl-c"/>
      </object_component>
      <object_component id="oc-6e">
         <name>.text:_memcpy</name>
         <load_address>0xcc0</load_address>
         <run_address>0xcc0</run_address>
         <size>0x240</size>
         <input_file_ref idref="fl-8d"/>
      </object_component>
      <object_component id="oc-70">
         <name>.text</name>
         <load_address>0xf00</load_address>
         <run_address>0xf00</run_address>
         <size>0x1e0</size>
         <input_file_ref idref="fl-3"/>
      </object_component>
      <object_component id="oc-75">
         <name>.text:_IRQ_map</name>
         <load_address>0x10e0</load_address>
         <run_address>0x10e0</run_address>
         <size>0x1c0</size>
         <input_file_ref idref="fl-9"/>
      </object_component>
      <object_component id="oc-72">
         <name>.text:_MCBSP_reset</name>
         <load_address>0x12a0</load_address>
         <run_address>0x12a0</run_address>
         <size>0x1a0</size>
         <input_file_ref idref="fl-a"/>
      </object_component>
      <object_component id="oc-3c">
         <name>.text</name>
         <load_address>0x1440</load_address>
         <run_address>0x1440</run_address>
         <size>0x140</size>
         <input_file_ref idref="fl-d"/>
      </object_component>
      <object_component id="oc-6b">
         <name>.text:_MCBSP_open</name>
         <load_address>0x1580</load_address>
         <run_address>0x1580</run_address>
         <size>0x100</size>
         <input_file_ref idref="fl-a"/>
      </object_component>
      <object_component id="oc-6c">
         <name>.text:_MCBSP_start</name>
         <load_address>0x1680</load_address>
         <run_address>0x1680</run_address>
         <size>0x100</size>
         <input_file_ref idref="fl-a"/>
      </object_component>
      <object_component id="oc-63">
         <name>.text:__auto_init</name>
         <load_address>0x1780</load_address>
         <run_address>0x1780</run_address>
         <size>0x100</size>
         <input_file_ref idref="fl-8a"/>
      </object_component>
      <object_component id="oc-6a">
         <name>.text:__strasg</name>
         <load_address>0x1880</load_address>
         <run_address>0x1880</run_address>
         <size>0xe0</size>
         <input_file_ref idref="fl-88"/>
      </object_component>
      <object_component id="oc-65">
         <name>.text:_exit</name>
         <load_address>0x1960</load_address>
         <run_address>0x1960</run_address>
         <size>0xe0</size>
         <input_file_ref idref="fl-87"/>
      </object_component>
      <object_component id="oc-6d">
         <name>.text:_copy_in</name>
         <load_address>0x1a40</load_address>
         <run_address>0x1a40</run_address>
         <size>0xc0</size>
         <input_file_ref idref="fl-8c"/>
      </object_component>
      <object_component id="oc-42">
         <name>.text</name>
         <load_address>0x1b00</load_address>
         <run_address>0x1b00</run_address>
         <size>0xc0</size>
         <input_file_ref idref="fl-e"/>
      </object_component>
      <object_component id="oc-78">
         <name>.text:_setMux</name>
         <load_address>0x1bc0</load_address>
         <run_address>0x1bc0</run_address>
         <size>0xa0</size>
         <input_file_ref idref="fl-9"/>
      </object_component>
      <object_component id="oc-6f">
         <name>.text:___TI_cpp_init</name>
         <load_address>0x1c60</load_address>
         <run_address>0x1c60</run_address>
         <size>0x80</size>
         <input_file_ref idref="fl-8b"/>
      </object_component>
      <object_component id="oc-18">
         <name>.text:_c_int00</name>
         <load_address>0x1ce0</load_address>
         <run_address>0x1ce0</run_address>
         <size>0x80</size>
         <input_file_ref idref="fl-86"/>
      </object_component>
      <object_component id="oc-76">
         <name>.text:_IRQ_enable</name>
         <load_address>0x1d60</load_address>
         <run_address>0x1d60</run_address>
         <size>0x40</size>
         <input_file_ref idref="fl-9"/>
      </object_component>
      <object_component id="oc-64">
         <name>.text:__args_main</name>
         <load_address>0x1da0</load_address>
         <run_address>0x1da0</run_address>
         <size>0x40</size>
         <input_file_ref idref="fl-89"/>
      </object_component>
      <object_component id="oc-73">
         <name>.text:_IRQ_globalDisable</name>
         <load_address>0x1de0</load_address>
         <run_address>0x1de0</run_address>
         <size>0x20</size>
         <input_file_ref idref="fl-9"/>
      </object_component>
      <object_component id="oc-77">
         <name>.text:_IRQ_globalEnable</name>
         <load_address>0x1e00</load_address>
         <run_address>0x1e00</run_address>
         <size>0x20</size>
         <input_file_ref idref="fl-9"/>
      </object_component>
      <object_component id="oc-74">
         <name>.text:_IRQ_nmiEnable</name>
         <load_address>0x1e20</load_address>
         <run_address>0x1e20</run_address>
         <size>0x20</size>
         <input_file_ref idref="fl-9"/>
      </object_component>
      <object_component id="oc-66">
         <name>.text:_MCBSP_read</name>
         <load_address>0x1e40</load_address>
         <run_address>0x1e40</run_address>
         <size>0x20</size>
         <input_file_ref idref="fl-a"/>
      </object_component>
      <object_component id="oc-69">
         <name>.text:_MCBSP_write</name>
         <load_address>0x1e60</load_address>
         <run_address>0x1e60</run_address>
         <size>0x20</size>
         <input_file_ref idref="fl-a"/>
      </object_component>
      <object_component id="oc-71">
         <name>.text:_abort</name>
         <load_address>0x1e80</load_address>
         <run_address>0x1e80</run_address>
         <size>0x20</size>
         <input_file_ref idref="fl-87"/>
      </object_component>
      <object_component id="oc-25">
         <name>.text</name>
         <load_address>0x1ea0</load_address>
         <run_address>0x1ea0</run_address>
         <size>0x20</size>
         <input_file_ref idref="fl-9"/>
      </object_component>
      <object_component id="oc-49">
         <name>.stack</name>
         <uninitialized>true</uninitialized>
         <run_address>0x1ec0</run_address>
         <size>0x8</size>
         <input_file_ref idref="fl-86"/>
      </object_component>
      <object_component id="oc-98">
         <name>.stack</name>
         <uninitialized>true</uninitialized>
         <run_address>0x1ec0</run_address>
         <size>0x0</size>
      </object_component>
      <object_component id="oc-38">
         <name>.const</name>
         <load_address>0x270c</load_address>
         <run_address>0x270c</run_address>
         <size>0x40</size>
         <input_file_ref idref="fl-c"/>
      </object_component>
      <object_component id="oc-32">
         <name>.const</name>
         <load_address>0x274c</load_address>
         <run_address>0x274c</run_address>
         <size>0x20</size>
         <input_file_ref idref="fl-b"/>
      </object_component>
      <object_component id="oc-67">
         <name>.const:_DEN</name>
         <load_address>0x276c</load_address>
         <run_address>0x276c</run_address>
         <size>0x16</size>
         <input_file_ref idref="fl-3"/>
      </object_component>
      <object_component id="oc-68">
         <name>.const:_NUM</name>
         <load_address>0x2784</load_address>
         <run_address>0x2784</run_address>
         <size>0x16</size>
         <input_file_ref idref="fl-3"/>
      </object_component>
      <object_component id="oc-1f">
         <name>.const</name>
         <load_address>0x279c</load_address>
         <run_address>0x279c</run_address>
         <size>0x8</size>
         <input_file_ref idref="fl-3"/>
      </object_component>
      <object_component id="oc-20">
         <name>.far</name>
         <uninitialized>true</uninitialized>
         <run_address>0x2618</run_address>
         <size>0x5c</size>
         <input_file_ref idref="fl-3"/>
      </object_component>
      <object_component id="oc-27">
         <name>.far</name>
         <uninitialized>true</uninitialized>
         <run_address>0x2524</run_address>
         <size>0xf4</size>
         <input_file_ref idref="fl-9"/>
      </object_component>
      <object_component id="oc-2c">
         <name>.far</name>
         <uninitialized>true</uninitialized>
         <run_address>0x2674</run_address>
         <size>0x38</size>
         <input_file_ref idref="fl-a"/>
      </object_component>
      <object_component id="oc-31">
         <name>.far</name>
         <uninitialized>true</uninitialized>
         <run_address>0x2708</run_address>
         <size>0x2</size>
         <input_file_ref idref="fl-b"/>
      </object_component>
      <object_component id="oc-37">
         <name>.far</name>
         <uninitialized>true</uninitialized>
         <run_address>0x2700</run_address>
         <size>0x8</size>
         <input_file_ref idref="fl-c"/>
      </object_component>
      <object_component id="oc-3e">
         <name>.far</name>
         <uninitialized>true</uninitialized>
         <run_address>0x26ac</run_address>
         <size>0x28</size>
         <input_file_ref idref="fl-d"/>
      </object_component>
      <object_component id="oc-44">
         <name>.far</name>
         <uninitialized>true</uninitialized>
         <run_address>0x26d4</run_address>
         <size>0x20</size>
         <input_file_ref idref="fl-e"/>
      </object_component>
      <object_component id="oc-4e">
         <name>.far</name>
         <uninitialized>true</uninitialized>
         <run_address>0x26f4</run_address>
         <size>0xc</size>
         <input_file_ref idref="fl-87"/>
      </object_component>
      <object_component id="oc-26">
         <name>.cinit</name>
         <load_address>0x22c0</load_address>
         <run_address>0x22c0</run_address>
         <size>0x12c</size>
         <input_file_ref idref="fl-9"/>
      </object_component>
      <object_component id="oc-2b">
         <name>.cinit</name>
         <load_address>0x23f0</load_address>
         <run_address>0x23f0</run_address>
         <size>0x54</size>
         <input_file_ref idref="fl-a"/>
      </object_component>
      <object_component id="oc-1e">
         <name>.cinit</name>
         <load_address>0x2448</load_address>
         <run_address>0x2448</run_address>
         <size>0x4c</size>
         <input_file_ref idref="fl-3"/>
      </object_component>
      <object_component id="oc-3d">
         <name>.cinit</name>
         <load_address>0x2498</load_address>
         <run_address>0x2498</run_address>
         <size>0x30</size>
         <input_file_ref idref="fl-d"/>
      </object_component>
      <object_component id="oc-4d">
         <name>.cinit</name>
         <load_address>0x24c8</load_address>
         <run_address>0x24c8</run_address>
         <size>0x2c</size>
         <input_file_ref idref="fl-87"/>
      </object_component>
      <object_component id="oc-43">
         <name>.cinit</name>
         <load_address>0x24f8</load_address>
         <run_address>0x24f8</run_address>
         <size>0x28</size>
         <input_file_ref idref="fl-e"/>
      </object_component>
      <object_component id="oc-1a">
         <name>.debug_info</name>
         <load_address>0x0</load_address>
         <run_address>0x0</run_address>
         <size>0xc4</size>
         <input_file_ref idref="fl-2"/>
      </object_component>
      <object_component id="oc-1d">
         <name>.debug_info</name>
         <load_address>0xc4</load_address>
         <run_address>0xc4</run_address>
         <size>0xdbc</size>
         <input_file_ref idref="fl-3"/>
      </object_component>
      <object_component id="oc-29">
         <name>.debug_info</name>
         <load_address>0xe80</load_address>
         <run_address>0xe80</run_address>
         <size>0xc2b</size>
         <input_file_ref idref="fl-9"/>
      </object_component>
      <object_component id="oc-2e">
         <name>.debug_info</name>
         <load_address>0x1aab</load_address>
         <run_address>0x1aab</run_address>
         <size>0xc15</size>
         <input_file_ref idref="fl-a"/>
      </object_component>
      <object_component id="oc-34">
         <name>.debug_info</name>
         <load_address>0x26c0</load_address>
         <run_address>0x26c0</run_address>
         <size>0x8a7</size>
         <input_file_ref idref="fl-b"/>
      </object_component>
      <object_component id="oc-3a">
         <name>.debug_info</name>
         <load_address>0x2f67</load_address>
         <run_address>0x2f67</run_address>
         <size>0x89f</size>
         <input_file_ref idref="fl-c"/>
      </object_component>
      <object_component id="oc-40">
         <name>.debug_info</name>
         <load_address>0x3806</load_address>
         <run_address>0x3806</run_address>
         <size>0x929</size>
         <input_file_ref idref="fl-d"/>
      </object_component>
      <object_component id="oc-46">
         <name>.debug_info</name>
         <load_address>0x412f</load_address>
         <run_address>0x412f</run_address>
         <size>0x5b3</size>
         <input_file_ref idref="fl-e"/>
      </object_component>
      <object_component id="oc-48">
         <name>.debug_info</name>
         <load_address>0x46e2</load_address>
         <run_address>0x46e2</run_address>
         <size>0x715</size>
         <input_file_ref idref="fl-86"/>
      </object_component>
      <object_component id="oc-4c">
         <name>.debug_info</name>
         <load_address>0x4df7</load_address>
         <run_address>0x4df7</run_address>
         <size>0x811</size>
         <input_file_ref idref="fl-87"/>
      </object_component>
      <object_component id="oc-51">
         <name>.debug_info</name>
         <load_address>0x5608</load_address>
         <run_address>0x5608</run_address>
         <size>0xe2</size>
         <input_file_ref idref="fl-88"/>
      </object_component>
      <object_component id="oc-54">
         <name>.debug_info</name>
         <load_address>0x56ea</load_address>
         <run_address>0x56ea</run_address>
         <size>0x6eb</size>
         <input_file_ref idref="fl-89"/>
      </object_component>
      <object_component id="oc-57">
         <name>.debug_info</name>
         <load_address>0x5dd5</load_address>
         <run_address>0x5dd5</run_address>
         <size>0x883</size>
         <input_file_ref idref="fl-8a"/>
      </object_component>
      <object_component id="oc-5a">
         <name>.debug_info</name>
         <load_address>0x6658</load_address>
         <run_address>0x6658</run_address>
         <size>0x6fb</size>
         <input_file_ref idref="fl-8b"/>
      </object_component>
      <object_component id="oc-5d">
         <name>.debug_info</name>
         <load_address>0x6d53</load_address>
         <run_address>0x6d53</run_address>
         <size>0x7f1</size>
         <input_file_ref idref="fl-8c"/>
      </object_component>
      <object_component id="oc-60">
         <name>.debug_info</name>
         <load_address>0x7544</load_address>
         <run_address>0x7544</run_address>
         <size>0x7ac</size>
         <input_file_ref idref="fl-8d"/>
      </object_component>
      <object_component id="oc-99">
         <name>.debug_info</name>
         <load_address>0x7cf0</load_address>
         <run_address>0x7cf0</run_address>
         <size>0x6d</size>
      </object_component>
      <object_component id="oc-1b">
         <name>.debug_line</name>
         <load_address>0x0</load_address>
         <run_address>0x0</run_address>
         <size>0xb9</size>
         <input_file_ref idref="fl-2"/>
      </object_component>
      <object_component id="oc-23">
         <name>.debug_line</name>
         <load_address>0xb9</load_address>
         <run_address>0xb9</run_address>
         <size>0xc8</size>
         <input_file_ref idref="fl-3"/>
      </object_component>
      <object_component id="oc-2a">
         <name>.debug_line</name>
         <load_address>0x181</load_address>
         <run_address>0x181</run_address>
         <size>0xf4</size>
         <input_file_ref idref="fl-9"/>
      </object_component>
      <object_component id="oc-2f">
         <name>.debug_line</name>
         <load_address>0x275</load_address>
         <run_address>0x275</run_address>
         <size>0xe9</size>
         <input_file_ref idref="fl-a"/>
      </object_component>
      <object_component id="oc-35">
         <name>.debug_line</name>
         <load_address>0x35e</load_address>
         <run_address>0x35e</run_address>
         <size>0xb2</size>
         <input_file_ref idref="fl-b"/>
      </object_component>
      <object_component id="oc-3b">
         <name>.debug_line</name>
         <load_address>0x410</load_address>
         <run_address>0x410</run_address>
         <size>0x4f</size>
         <input_file_ref idref="fl-c"/>
      </object_component>
      <object_component id="oc-41">
         <name>.debug_line</name>
         <load_address>0x45f</load_address>
         <run_address>0x45f</run_address>
         <size>0x7e</size>
         <input_file_ref idref="fl-d"/>
      </object_component>
      <object_component id="oc-47">
         <name>.debug_line</name>
         <load_address>0x4dd</load_address>
         <run_address>0x4dd</run_address>
         <size>0x52</size>
         <input_file_ref idref="fl-e"/>
      </object_component>
      <object_component id="oc-4a">
         <name>.debug_line</name>
         <load_address>0x52f</load_address>
         <run_address>0x52f</run_address>
         <size>0x3d</size>
         <input_file_ref idref="fl-86"/>
      </object_component>
      <object_component id="oc-4f">
         <name>.debug_line</name>
         <load_address>0x56c</load_address>
         <run_address>0x56c</run_address>
         <size>0x4f</size>
         <input_file_ref idref="fl-87"/>
      </object_component>
      <object_component id="oc-52">
         <name>.debug_line</name>
         <load_address>0x5bb</load_address>
         <run_address>0x5bb</run_address>
         <size>0x48</size>
         <input_file_ref idref="fl-88"/>
      </object_component>
      <object_component id="oc-55">
         <name>.debug_line</name>
         <load_address>0x603</load_address>
         <run_address>0x603</run_address>
         <size>0x41</size>
         <input_file_ref idref="fl-89"/>
      </object_component>
      <object_component id="oc-58">
         <name>.debug_line</name>
         <load_address>0x644</load_address>
         <run_address>0x644</run_address>
         <size>0x47</size>
         <input_file_ref idref="fl-8a"/>
      </object_component>
      <object_component id="oc-5b">
         <name>.debug_line</name>
         <load_address>0x68b</load_address>
         <run_address>0x68b</run_address>
         <size>0x45</size>
         <input_file_ref idref="fl-8b"/>
      </object_component>
      <object_component id="oc-5e">
         <name>.debug_line</name>
         <load_address>0x6d0</load_address>
         <run_address>0x6d0</run_address>
         <size>0x44</size>
         <input_file_ref idref="fl-8c"/>
      </object_component>
      <object_component id="oc-61">
         <name>.debug_line</name>
         <load_address>0x714</load_address>
         <run_address>0x714</run_address>
         <size>0x4e</size>
         <input_file_ref idref="fl-8d"/>
      </object_component>
      <object_component id="oc-1c">
         <name>.debug_abbrev</name>
         <load_address>0x0</load_address>
         <run_address>0x0</run_address>
         <size>0x20</size>
         <input_file_ref idref="fl-2"/>
      </object_component>
      <object_component id="oc-24">
         <name>.debug_abbrev</name>
         <load_address>0x20</load_address>
         <run_address>0x20</run_address>
         <size>0x188</size>
         <input_file_ref idref="fl-3"/>
      </object_component>
      <object_component id="oc-28">
         <name>.debug_abbrev</name>
         <load_address>0x1a8</load_address>
         <run_address>0x1a8</run_address>
         <size>0x1b7</size>
         <input_file_ref idref="fl-9"/>
      </object_component>
      <object_component id="oc-2d">
         <name>.debug_abbrev</name>
         <load_address>0x35f</load_address>
         <run_address>0x35f</run_address>
         <size>0x1a3</size>
         <input_file_ref idref="fl-a"/>
      </object_component>
      <object_component id="oc-33">
         <name>.debug_abbrev</name>
         <load_address>0x502</load_address>
         <run_address>0x502</run_address>
         <size>0x196</size>
         <input_file_ref idref="fl-b"/>
      </object_component>
      <object_component id="oc-39">
         <name>.debug_abbrev</name>
         <load_address>0x698</load_address>
         <run_address>0x698</run_address>
         <size>0x126</size>
         <input_file_ref idref="fl-c"/>
      </object_component>
      <object_component id="oc-3f">
         <name>.debug_abbrev</name>
         <load_address>0x7be</load_address>
         <run_address>0x7be</run_address>
         <size>0x14e</size>
         <input_file_ref idref="fl-d"/>
      </object_component>
      <object_component id="oc-45">
         <name>.debug_abbrev</name>
         <load_address>0x90c</load_address>
         <run_address>0x90c</run_address>
         <size>0xf1</size>
         <input_file_ref idref="fl-e"/>
      </object_component>
      <object_component id="oc-4b">
         <name>.debug_abbrev</name>
         <load_address>0x9fd</load_address>
         <run_address>0x9fd</run_address>
         <size>0xfe</size>
         <input_file_ref idref="fl-86"/>
      </object_component>
      <object_component id="oc-50">
         <name>.debug_abbrev</name>
         <load_address>0xafb</load_address>
         <run_address>0xafb</run_address>
         <size>0x119</size>
         <input_file_ref idref="fl-87"/>
      </object_component>
      <object_component id="oc-53">
         <name>.debug_abbrev</name>
         <load_address>0xc14</load_address>
         <run_address>0xc14</run_address>
         <size>0x3a</size>
         <input_file_ref idref="fl-88"/>
      </object_component>
      <object_component id="oc-56">
         <name>.debug_abbrev</name>
         <load_address>0xc4e</load_address>
         <run_address>0xc4e</run_address>
         <size>0xe1</size>
         <input_file_ref idref="fl-89"/>
      </object_component>
      <object_component id="oc-59">
         <name>.debug_abbrev</name>
         <load_address>0xd2f</load_address>
         <run_address>0xd2f</run_address>
         <size>0x13f</size>
         <input_file_ref idref="fl-8a"/>
      </object_component>
      <object_component id="oc-5c">
         <name>.debug_abbrev</name>
         <load_address>0xe6e</load_address>
         <run_address>0xe6e</run_address>
         <size>0xdd</size>
         <input_file_ref idref="fl-8b"/>
      </object_component>
      <object_component id="oc-5f">
         <name>.debug_abbrev</name>
         <load_address>0xf4b</load_address>
         <run_address>0xf4b</run_address>
         <size>0x10c</size>
         <input_file_ref idref="fl-8c"/>
      </object_component>
      <object_component id="oc-62">
         <name>.debug_abbrev</name>
         <load_address>0x1057</load_address>
         <run_address>0x1057</run_address>
         <size>0xd5</size>
         <input_file_ref idref="fl-8d"/>
      </object_component>
      <object_component id="oc-9a">
         <name>.debug_abbrev</name>
         <load_address>0x112c</load_address>
         <run_address>0x112c</run_address>
         <size>0xd</size>
      </object_component>
      <object_component id="oc-22">
         <name>.debug_frame</name>
         <load_address>0x0</load_address>
         <run_address>0x0</run_address>
         <size>0x2d8</size>
         <input_file_ref idref="fl-3"/>
      </object_component>
   </object_component_list>
   <logical_group_list>
      <logical_group id="lg-2">
         <name>vectors</name>
         <load_address>0x0</load_address>
         <run_address>0x0</run_address>
         <size>0x200</size>
         <contents>
            <object_component_ref idref="oc-19"/>
         </contents>
      </logical_group>
      <logical_group id="lg-3">
         <name>.text</name>
         <load_address>0x200</load_address>
         <run_address>0x200</run_address>
         <size>0x1cc0</size>
         <contents>
            <object_component_ref idref="oc-30"/>
            <object_component_ref idref="oc-21"/>
            <object_component_ref idref="oc-36"/>
            <object_component_ref idref="oc-6e"/>
            <object_component_ref idref="oc-70"/>
            <object_component_ref idref="oc-75"/>
            <object_component_ref idref="oc-72"/>
            <object_component_ref idref="oc-3c"/>
            <object_component_ref idref="oc-6b"/>
            <object_component_ref idref="oc-6c"/>
            <object_component_ref idref="oc-63"/>
            <object_component_ref idref="oc-6a"/>
            <object_component_ref idref="oc-65"/>
            <object_component_ref idref="oc-6d"/>
            <object_component_ref idref="oc-42"/>
            <object_component_ref idref="oc-78"/>
            <object_component_ref idref="oc-6f"/>
            <object_component_ref idref="oc-18"/>
            <object_component_ref idref="oc-76"/>
            <object_component_ref idref="oc-64"/>
            <object_component_ref idref="oc-73"/>
            <object_component_ref idref="oc-77"/>
            <object_component_ref idref="oc-74"/>
            <object_component_ref idref="oc-66"/>
            <object_component_ref idref="oc-69"/>
            <object_component_ref idref="oc-71"/>
            <object_component_ref idref="oc-25"/>
         </contents>
      </logical_group>
      <logical_group id="lg-4">
         <name>.stack</name>
         <run_address>0x1ec0</run_address>
         <size>0x400</size>
         <contents>
            <object_component_ref idref="oc-49"/>
            <object_component_ref idref="oc-98"/>
         </contents>
      </logical_group>
      <logical_group id="lg-5">
         <name>.bss</name>
         <run_address>0x200</run_address>
         <size>0x0</size>
         <contents>
         </contents>
      </logical_group>
      <logical_group id="lg-6">
         <name>.cio</name>
         <run_address>0x0</run_address>
         <size>0x0</size>
         <contents>
         </contents>
      </logical_group>
      <logical_group id="lg-7">
         <name>.const</name>
         <load_address>0x270c</load_address>
         <run_address>0x270c</run_address>
         <size>0x98</size>
         <contents>
            <object_component_ref idref="oc-38"/>
            <object_component_ref idref="oc-32"/>
            <object_component_ref idref="oc-67"/>
            <object_component_ref idref="oc-68"/>
            <object_component_ref idref="oc-1f"/>
         </contents>
      </logical_group>
      <logical_group id="lg-8">
         <name>.data</name>
         <run_address>0x200</run_address>
         <size>0x0</size>
         <contents>
         </contents>
      </logical_group>
      <logical_group id="lg-9">
         <name>.switch</name>
         <run_address>0x0</run_address>
         <size>0x0</size>
         <contents>
         </contents>
      </logical_group>
      <logical_group id="lg-a">
         <name>.sysmem</name>
         <run_address>0x0</run_address>
         <size>0x0</size>
         <contents>
         </contents>
      </logical_group>
      <logical_group id="lg-b">
         <name>.far</name>
         <run_address>0x2524</run_address>
         <size>0x1e6</size>
         <contents>
            <object_component_ref idref="oc-20"/>
            <object_component_ref idref="oc-27"/>
            <object_component_ref idref="oc-2c"/>
            <object_component_ref idref="oc-31"/>
            <object_component_ref idref="oc-37"/>
            <object_component_ref idref="oc-3e"/>
            <object_component_ref idref="oc-44"/>
            <object_component_ref idref="oc-4e"/>
         </contents>
      </logical_group>
      <logical_group id="lg-c">
         <name>.args</name>
         <run_address>0x0</run_address>
         <size>0x0</size>
         <contents>
         </contents>
      </logical_group>
      <logical_group id="lg-d">
         <name>.ppinfo</name>
         <run_address>0x0</run_address>
         <size>0x0</size>
         <contents>
         </contents>
      </logical_group>
      <logical_group id="lg-e">
         <name>.ppdata</name>
         <run_address>0x0</run_address>
         <size>0x0</size>
         <contents>
         </contents>
      </logical_group>
      <logical_group id="lg-f">
         <name>.pinit</name>
         <run_address>0x0</run_address>
         <size>0x0</size>
         <contents>
         </contents>
      </logical_group>
      <logical_group id="lg-10">
         <name>.cinit</name>
         <load_address>0x22c0</load_address>
         <run_address>0x22c0</run_address>
         <size>0x264</size>
         <contents>
            <object_component_ref idref="oc-26"/>
            <object_component_ref idref="oc-2b"/>
            <object_component_ref idref="oc-1e"/>
            <object_component_ref idref="oc-3d"/>
            <object_component_ref idref="oc-4d"/>
            <object_component_ref idref="oc-43"/>
         </contents>
      </logical_group>
      <logical_group id="lg-11">
         <name>.binit</name>
         <run_address>0x0</run_address>
         <size>0x0</size>
         <contents>
         </contents>
      </logical_group>
      <logical_group id="lg-12">
         <name>.init_array</name>
         <run_address>0x0</run_address>
         <size>0x0</size>
         <contents>
         </contents>
      </logical_group>
      <logical_group id="lg-13">
         <name>.neardata</name>
         <run_address>0x0</run_address>
         <size>0x0</size>
         <contents>
         </contents>
      </logical_group>
      <logical_group id="lg-14">
         <name>.fardata</name>
         <run_address>0x0</run_address>
         <size>0x0</size>
         <contents>
         </contents>
      </logical_group>
      <logical_group id="lg-15">
         <name>.rodata</name>
         <run_address>0x0</run_address>
         <size>0x0</size>
         <contents>
         </contents>
      </logical_group>
      <logical_group id="lg-16">
         <name>.c6xabi.exidx</name>
         <run_address>0x0</run_address>
         <size>0x0</size>
         <contents>
         </contents>
      </logical_group>
      <logical_group id="lg-17">
         <name>.c6xabi.extab</name>
         <run_address>0x0</run_address>
         <size>0x0</size>
         <contents>
         </contents>
      </logical_group>
      <logical_group id="lg-8f">
         <name>.debug_info</name>
         <load_address>0x0</load_address>
         <run_address>0x0</run_address>
         <size>0x7d5d</size>
         <contents>
            <object_component_ref idref="oc-1a"/>
            <object_component_ref idref="oc-1d"/>
            <object_component_ref idref="oc-29"/>
            <object_component_ref idref="oc-2e"/>
            <object_component_ref idref="oc-34"/>
            <object_component_ref idref="oc-3a"/>
            <object_component_ref idref="oc-40"/>
            <object_component_ref idref="oc-46"/>
            <object_component_ref idref="oc-48"/>
            <object_component_ref idref="oc-4c"/>
            <object_component_ref idref="oc-51"/>
            <object_component_ref idref="oc-54"/>
            <object_component_ref idref="oc-57"/>
            <object_component_ref idref="oc-5a"/>
            <object_component_ref idref="oc-5d"/>
            <object_component_ref idref="oc-60"/>
            <object_component_ref idref="oc-99"/>
         </contents>
      </logical_group>
      <logical_group id="lg-91">
         <name>.debug_line</name>
         <load_address>0x0</load_address>
         <run_address>0x0</run_address>
         <size>0x762</size>
         <contents>
            <object_component_ref idref="oc-1b"/>
            <object_component_ref idref="oc-23"/>
            <object_component_ref idref="oc-2a"/>
            <object_component_ref idref="oc-2f"/>
            <object_component_ref idref="oc-35"/>
            <object_component_ref idref="oc-3b"/>
            <object_component_ref idref="oc-41"/>
            <object_component_ref idref="oc-47"/>
            <object_component_ref idref="oc-4a"/>
            <object_component_ref idref="oc-4f"/>
            <object_component_ref idref="oc-52"/>
            <object_component_ref idref="oc-55"/>
            <object_component_ref idref="oc-58"/>
            <object_component_ref idref="oc-5b"/>
            <object_component_ref idref="oc-5e"/>
            <object_component_ref idref="oc-61"/>
         </contents>
      </logical_group>
      <logical_group id="lg-93">
         <name>.debug_abbrev</name>
         <load_address>0x0</load_address>
         <run_address>0x0</run_address>
         <size>0x1139</size>
         <contents>
            <object_component_ref idref="oc-1c"/>
            <object_component_ref idref="oc-24"/>
            <object_component_ref idref="oc-28"/>
            <object_component_ref idref="oc-2d"/>
            <object_component_ref idref="oc-33"/>
            <object_component_ref idref="oc-39"/>
            <object_component_ref idref="oc-3f"/>
            <object_component_ref idref="oc-45"/>
            <object_component_ref idref="oc-4b"/>
            <object_component_ref idref="oc-50"/>
            <object_component_ref idref="oc-53"/>
            <object_component_ref idref="oc-56"/>
            <object_component_ref idref="oc-59"/>
            <object_component_ref idref="oc-5c"/>
            <object_component_ref idref="oc-5f"/>
            <object_component_ref idref="oc-62"/>
            <object_component_ref idref="oc-9a"/>
         </contents>
      </logical_group>
      <logical_group id="lg-95">
         <name>.debug_frame</name>
         <load_address>0x0</load_address>
         <run_address>0x0</run_address>
         <size>0x2d8</size>
         <contents>
            <object_component_ref idref="oc-22"/>
         </contents>
      </logical_group>
   </logical_group_list>
   <placement_map>
      <memory_area>
         <name>VECS</name>
         <page_id>0x0</page_id>
         <origin>0x0</origin>
         <length>0x200</length>
         <used_space>0x200</used_space>
         <unused_space>0x0</unused_space>
         <attributes>RWIX</attributes>
         <usage_details>
            <allocated_space>
               <start_address>0x0</start_address>
               <size>0x200</size>
               <logical_group_ref idref="lg-2"/>
            </allocated_space>
         </usage_details>
      </memory_area>
      <memory_area>
         <name>IRAM</name>
         <page_id>0x0</page_id>
         <origin>0x200</origin>
         <length>0x2fe00</length>
         <used_space>0x25a2</used_space>
         <unused_space>0x2d85e</unused_space>
         <attributes>RWIX</attributes>
         <usage_details>
            <allocated_space>
               <start_address>0x200</start_address>
               <size>0x0</size>
               <logical_group_ref idref="lg-8"/>
            </allocated_space>
            <allocated_space>
               <start_address>0x200</start_address>
               <size>0x0</size>
               <logical_group_ref idref="lg-5"/>
            </allocated_space>
            <allocated_space>
               <start_address>0x200</start_address>
               <size>0x1cc0</size>
               <logical_group_ref idref="lg-3"/>
            </allocated_space>
            <allocated_space>
               <start_address>0x1ec0</start_address>
               <size>0x400</size>
               <logical_group_ref idref="lg-4"/>
            </allocated_space>
            <allocated_space>
               <start_address>0x22c0</start_address>
               <size>0x264</size>
               <logical_group_ref idref="lg-10"/>
            </allocated_space>
            <allocated_space>
               <start_address>0x2524</start_address>
               <size>0x1e6</size>
               <logical_group_ref idref="lg-b"/>
            </allocated_space>
            <available_space>
               <start_address>0x270a</start_address>
               <size>0x2</size>
            </available_space>
            <allocated_space>
               <start_address>0x270c</start_address>
               <size>0x98</size>
               <logical_group_ref idref="lg-7"/>
            </allocated_space>
            <available_space>
               <start_address>0x27a4</start_address>
               <size>0x2d85c</size>
            </available_space>
         </usage_details>
      </memory_area>
      <memory_area>
         <name>L2RAM</name>
         <page_id>0x0</page_id>
         <origin>0x30000</origin>
         <length>0x10000</length>
         <used_space>0x0</used_space>
         <unused_space>0x10000</unused_space>
         <attributes>RWIX</attributes>
         <usage_details>
         </usage_details>
      </memory_area>
      <memory_area>
         <name>EMIFCE0</name>
         <page_id>0x0</page_id>
         <origin>0x80000000</origin>
         <length>0x10000000</length>
         <used_space>0x0</used_space>
         <unused_space>0x10000000</unused_space>
         <attributes>RWIX</attributes>
         <usage_details>
         </usage_details>
      </memory_area>
      <memory_area>
         <name>EMIFCE1</name>
         <page_id>0x0</page_id>
         <origin>0x90000000</origin>
         <length>0x10000000</length>
         <used_space>0x0</used_space>
         <unused_space>0x10000000</unused_space>
         <attributes>RWIX</attributes>
         <usage_details>
         </usage_details>
      </memory_area>
      <memory_area>
         <name>EMIFCE2</name>
         <page_id>0x0</page_id>
         <origin>0xa0000000</origin>
         <length>0x10000000</length>
         <used_space>0x0</used_space>
         <unused_space>0x10000000</unused_space>
         <attributes>RWIX</attributes>
         <usage_details>
         </usage_details>
      </memory_area>
      <memory_area>
         <name>EMIFCE3</name>
         <page_id>0x0</page_id>
         <origin>0xb0000000</origin>
         <length>0x10000000</length>
         <used_space>0x0</used_space>
         <unused_space>0x10000000</unused_space>
         <attributes>RWIX</attributes>
         <usage_details>
         </usage_details>
      </memory_area>
   </placement_map>
   <symbol_table>
      <symbol id="sm-0">
         <name>cinit</name>
         <value>0x22c0</value>
      </symbol>
      <symbol id="sm-1">
         <name>___cinit__</name>
         <value>0x22c0</value>
      </symbol>
      <symbol id="sm-2">
         <name>pinit</name>
         <value>0xffffffff</value>
      </symbol>
      <symbol id="sm-3">
         <name>___pinit__</name>
         <value>0xffffffff</value>
      </symbol>
      <symbol id="sm-4">
         <name>binit</name>
         <value>0xffffffff</value>
      </symbol>
      <symbol id="sm-5">
         <name>___binit__</name>
         <value>0xffffffff</value>
      </symbol>
      <symbol id="sm-6">
         <name>__STACK_SIZE</name>
         <value>0x400</value>
      </symbol>
      <symbol id="sm-7">
         <name>__STACK_END</name>
         <value>0x22c0</value>
      </symbol>
      <symbol id="sm-8">
         <name>___c_args__</name>
         <value>0xffffffff</value>
      </symbol>
      <symbol id="sm-9">
         <name>.text</name>
         <value>0x200</value>
      </symbol>
      <symbol id="sm-a">
         <name>___text__</name>
         <value>0x200</value>
      </symbol>
      <symbol id="sm-b">
         <name>etext</name>
         <value>0x1ec0</value>
      </symbol>
      <symbol id="sm-c">
         <name>___etext__</name>
         <value>0x1ec0</value>
      </symbol>
      <symbol id="sm-d">
         <name>.data</name>
         <value>0x200</value>
      </symbol>
      <symbol id="sm-e">
         <name>___data__</name>
         <value>0x200</value>
      </symbol>
      <symbol id="sm-f">
         <name>edata</name>
         <value>0x200</value>
      </symbol>
      <symbol id="sm-10">
         <name>___edata__</name>
         <value>0x200</value>
      </symbol>
      <symbol id="sm-11">
         <name>.bss</name>
         <value>0x200</value>
      </symbol>
      <symbol id="sm-12">
         <name>___bss__</name>
         <value>0x200</value>
      </symbol>
      <symbol id="sm-13">
         <name>end</name>
         <value>0x200</value>
      </symbol>
      <symbol id="sm-14">
         <name>___end__</name>
         <value>0x200</value>
      </symbol>
      <symbol id="sm-15">
         <name>___TI_pprof_out_hndl</name>
         <value>0xffffffff</value>
      </symbol>
      <symbol id="sm-16">
         <name>___TI_prof_data_start</name>
         <value>0xffffffff</value>
      </symbol>
      <symbol id="sm-17">
         <name>___TI_prof_data_size</name>
         <value>0xffffffff</value>
      </symbol>
      <symbol id="sm-18">
         <name>$bss</name>
         <value>0x200</value>
      </symbol>
      <symbol id="sm-9d">
         <name>_serialPortRcvISR</name>
         <value>0x680</value>
         <object_component_ref idref="oc-21"/>
      </symbol>
      <symbol id="sm-9e">
         <name>_main</name>
         <value>0xf00</value>
         <object_component_ref idref="oc-70"/>
      </symbol>
      <symbol id="sm-9f">
         <name>_NL</name>
         <value>0x279c</value>
         <object_component_ref idref="oc-1f"/>
      </symbol>
      <symbol id="sm-a0">
         <name>_config</name>
         <value>0x261c</value>
         <object_component_ref idref="oc-20"/>
      </symbol>
      <symbol id="sm-a1">
         <name>_hCodec</name>
         <value>0x2618</value>
         <object_component_ref idref="oc-20"/>
      </symbol>
      <symbol id="sm-a2">
         <name>_DL</name>
         <value>0x27a0</value>
         <object_component_ref idref="oc-1f"/>
      </symbol>
      <symbol id="sm-a3">
         <name>_NUM</name>
         <value>0x2784</value>
         <object_component_ref idref="oc-68"/>
      </symbol>
      <symbol id="sm-a4">
         <name>_DEN</name>
         <value>0x276c</value>
         <object_component_ref idref="oc-67"/>
      </symbol>
      <symbol id="sm-a5">
         <name>_w</name>
         <value>0x2644</value>
         <object_component_ref idref="oc-20"/>
      </symbol>
      <symbol id="sm-a6">
         <name>_n</name>
         <value>0x2670</value>
         <object_component_ref idref="oc-20"/>
      </symbol>
      <symbol id="sm-c0">
         <name>__IRQ_eventTable</name>
         <value>0x254c</value>
         <object_component_ref idref="oc-27"/>
      </symbol>
      <symbol id="sm-c1">
         <name>_IRQ_nmiEnable</name>
         <value>0x1e20</value>
         <object_component_ref idref="oc-74"/>
      </symbol>
      <symbol id="sm-c2">
         <name>__IRQ_intTable</name>
         <value>0x25d0</value>
         <object_component_ref idref="oc-27"/>
      </symbol>
      <symbol id="sm-c3">
         <name>_IRQ_globalEnable</name>
         <value>0x1e00</value>
         <object_component_ref idref="oc-77"/>
      </symbol>
      <symbol id="sm-c4">
         <name>_IRQ_globalDisable</name>
         <value>0x1de0</value>
         <object_component_ref idref="oc-73"/>
      </symbol>
      <symbol id="sm-c5">
         <name>_IRQ_map</name>
         <value>0x10e0</value>
         <object_component_ref idref="oc-75"/>
      </symbol>
      <symbol id="sm-c6">
         <name>_IRQ_enable</name>
         <value>0x1d60</value>
         <object_component_ref idref="oc-76"/>
      </symbol>
      <symbol id="sm-c7">
         <name>__IRQ_dispatchTable</name>
         <value>0x2610</value>
         <object_component_ref idref="oc-27"/>
      </symbol>
      <symbol id="sm-c8">
         <name>__IRQ_hookFetchPacket</name>
         <value>0x1ea0</value>
         <object_component_ref idref="oc-25"/>
      </symbol>
      <symbol id="sm-de">
         <name>_MCBSP_reset</name>
         <value>0x12a0</value>
         <object_component_ref idref="oc-72"/>
      </symbol>
      <symbol id="sm-df">
         <name>_MCBSP_read</name>
         <value>0x1e40</value>
         <object_component_ref idref="oc-66"/>
      </symbol>
      <symbol id="sm-e0">
         <name>_MCBSP_open</name>
         <value>0x1580</value>
         <object_component_ref idref="oc-6b"/>
      </symbol>
      <symbol id="sm-e1">
         <name>__MCBSP_hDev0</name>
         <value>0x26a4</value>
         <object_component_ref idref="oc-2c"/>
      </symbol>
      <symbol id="sm-e2">
         <name>__MCBSP_hDev1</name>
         <value>0x26a8</value>
         <object_component_ref idref="oc-2c"/>
      </symbol>
      <symbol id="sm-e3">
         <name>_MCBSP_start</name>
         <value>0x1680</value>
         <object_component_ref idref="oc-6c"/>
      </symbol>
      <symbol id="sm-e4">
         <name>_MCBSP_write</name>
         <value>0x1e60</value>
         <object_component_ref idref="oc-69"/>
      </symbol>
      <symbol id="sm-f2">
         <name>_DSK6713_init</name>
         <value>0x24c</value>
         <object_component_ref idref="oc-30"/>
      </symbol>
      <symbol id="sm-f3">
         <name>_DSK6713_version</name>
         <value>0x2708</value>
         <object_component_ref idref="oc-31"/>
      </symbol>
      <symbol id="sm-f4">
         <name>_DSK6713_rget</name>
         <value>0x568</value>
         <object_component_ref idref="oc-30"/>
      </symbol>
      <symbol id="sm-f5">
         <name>_DSK6713_wait</name>
         <value>0x590</value>
         <object_component_ref idref="oc-30"/>
      </symbol>
      <symbol id="sm-f6">
         <name>_DSK6713_rset</name>
         <value>0x57c</value>
         <object_component_ref idref="oc-30"/>
      </symbol>
      <symbol id="sm-f7">
         <name>_DSK6713_waitusec</name>
         <value>0x5e8</value>
         <object_component_ref idref="oc-30"/>
      </symbol>
      <symbol id="sm-f8">
         <name>_DSK6713_getVersion</name>
         <value>0x614</value>
         <object_component_ref idref="oc-30"/>
      </symbol>
      <symbol id="sm-106">
         <name>_DSK6713_AIC23_codeccontrolhandle</name>
         <value>0x2700</value>
         <object_component_ref idref="oc-37"/>
      </symbol>
      <symbol id="sm-107">
         <name>_DSK6713_AIC23_codecdatahandle</name>
         <value>0x2704</value>
         <object_component_ref idref="oc-37"/>
      </symbol>
      <symbol id="sm-108">
         <name>_DSK6713_AIC23_openCodec</name>
         <value>0x9c0</value>
         <object_component_ref idref="oc-36"/>
      </symbol>
      <symbol id="sm-116">
         <name>_DSK6713_AIC23_config</name>
         <value>0x1500</value>
         <object_component_ref idref="oc-3c"/>
      </symbol>
      <symbol id="sm-117">
         <name>_DSK6713_AIC23_rget</name>
         <value>0x14d8</value>
         <object_component_ref idref="oc-3c"/>
      </symbol>
      <symbol id="sm-118">
         <name>_DSK6713_AIC23_rset</name>
         <value>0x1440</value>
         <object_component_ref idref="oc-3c"/>
      </symbol>
      <symbol id="sm-126">
         <name>_DSK6713_AIC23_setFreq</name>
         <value>0x1b00</value>
         <object_component_ref idref="oc-42"/>
      </symbol>
      <symbol id="sm-132">
         <name>_c_int00</name>
         <value>0x1ce0</value>
         <object_component_ref idref="oc-18"/>
      </symbol>
      <symbol id="sm-133">
         <name>__stack</name>
         <value>0x1ec0</value>
         <object_component_ref idref="oc-49"/>
      </symbol>
      <symbol id="sm-143">
         <name>C$$EXIT</name>
         <value>0x1e80</value>
         <object_component_ref idref="oc-71"/>
      </symbol>
      <symbol id="sm-144">
         <name>_exit</name>
         <value>0x1960</value>
         <object_component_ref idref="oc-65"/>
      </symbol>
      <symbol id="sm-145">
         <name>___TI_enable_exit_profile_output</name>
         <value>0x26fc</value>
         <object_component_ref idref="oc-4e"/>
      </symbol>
      <symbol id="sm-146">
         <name>_abort</name>
         <value>0x1e80</value>
         <object_component_ref idref="oc-71"/>
      </symbol>
      <symbol id="sm-147">
         <name>__cleanup_ptr</name>
         <value>0x26f4</value>
         <object_component_ref idref="oc-4e"/>
      </symbol>
      <symbol id="sm-148">
         <name>__dtors_ptr</name>
         <value>0x26f8</value>
         <object_component_ref idref="oc-4e"/>
      </symbol>
      <symbol id="sm-150">
         <name>__strasg</name>
         <value>0x1880</value>
         <object_component_ref idref="oc-6a"/>
      </symbol>
      <symbol id="sm-15a">
         <name>__args_main</name>
         <value>0x1da0</value>
         <object_component_ref idref="oc-64"/>
      </symbol>
      <symbol id="sm-15b">
         <name>__TI_args_main</name>
         <value>0x1</value>
      </symbol>
      <symbol id="sm-165">
         <name>__auto_init</name>
         <value>0x1780</value>
         <object_component_ref idref="oc-63"/>
      </symbol>
      <symbol id="sm-16f">
         <name>___TI_cpp_init</name>
         <value>0x1c60</value>
         <object_component_ref idref="oc-6f"/>
      </symbol>
      <symbol id="sm-179">
         <name>_copy_in</name>
         <value>0x1a40</value>
         <object_component_ref idref="oc-6d"/>
      </symbol>
      <symbol id="sm-183">
         <name>_memcpy</name>
         <value>0xcc0</value>
         <object_component_ref idref="oc-6e"/>
      </symbol>
   </symbol_table>
</link_info>
